"","year","period","county_fips","county","footnotes","employment","labor_force","unemployment","unemployment_rate","MI_unemployment_rate","MI_employment_population_ratio","MI_labor_force_participation_rate","AGE16PLUS_TOT","period_date","period_txt","LFPR","EPOP"
"1",2025,"Jun-25","077","Kalamazoo","T Data were subject to revision on May 19, 2026.",134052,141317,7265,5.1,5.2,58.4,61.6,217563.716282874,2025-06-01,"Jun-25",64.9543050718352,61.6150534152979
"2",2025,"Jun-25","021","Berrien","T Data were subject to revision on May 19, 2026.",73625,78046,4421,5.7,5.2,58.4,61.6,125145.652937761,2025-06-01,"Jun-25",62.3641318478835,58.8314482138793
"3",2025,"Jun-25","023","Branch","T Data were subject to revision on May 19, 2026.",21917,23020,1103,4.8,5.2,58.4,61.6,37079.9422650956,2025-06-01,"Jun-25",62.0820815615708,59.1074275232383
"4",2025,"Jun-25","025","Calhoun","T Data were subject to revision on May 19, 2026.",61583,65560,3977,6.1,5.2,58.4,61.6,107788.047221488,2025-06-01,"Jun-25",60.8230705444402,57.133422107051
"5",2025,"Jun-25","027","Cass","T Data were subject to revision on May 19, 2026.",23212,24542,1330,5.4,5.2,58.4,61.6,42901.2912052566,2025-06-01,"Jun-25",57.2057374277652,54.1055976356159
"6",2025,"Jun-25","149","St. Joseph","T Data were subject to revision on May 19, 2026.",27449,28993,1544,5.3,5.2,58.4,61.6,48621.5608396464,2025-06-01,"Jun-25",59.6299244600945,56.454378522579
"7",2025,"Jun-25","159","Van Buren","T Data were subject to revision on May 19, 2026.",35582,37711,2129,5.6,5.2,58.4,61.6,61367.9438765037,2025-06-01,"Jun-25",61.4506493420885,57.9814113889898
"8",2025,"Jun-25","001","Alcona","T Data were subject to revision on May 19, 2026.",3300,3617,317,8.8,5.2,58.4,61.6,9513.97316242766,2025-06-01,"Jun-25",38.0177654303689,34.6858241416139
"9",2025,"Jun-25","003","Alger","T Data were subject to revision on May 19, 2026.",3507,3772,265,7,5.2,58.4,61.6,7603.03264418721,2025-06-01,"Jun-25",49.6117822522284,46.1263309540204
"10",2025,"Jun-25","005","Allegan","T Data were subject to revision on May 19, 2026.",62963,66026,3063,4.6,5.2,58.4,61.6,99362.2332487227,2025-06-01,"Jun-25",66.4497946968687,63.367134515175
"11",2025,"Jun-25","007","Alpena","T Data were subject to revision on May 19, 2026.",13089,13875,786,5.7,5.2,58.4,61.6,24260.3706866618,2025-06-01,"Jun-25",57.1920362603048,53.952184692694
"12",2025,"Jun-25","009","Antrim","T Data were subject to revision on May 19, 2026.",11118,11765,647,5.5,5.2,58.4,61.6,21387.2132663122,2025-06-01,"Jun-25",55.0095042935373,51.9843322342157
"13",2025,"Jun-25","011","Arenac","T Data were subject to revision on May 19, 2026.",6495,6966,471,6.8,5.2,58.4,61.6,12719.1760960382,2025-06-01,"Jun-25",54.7676983745024,51.0646283293702
"14",2025,"Jun-25","013","Baraga","T Data were subject to revision on May 19, 2026.",3080,3326,246,7.4,5.2,58.4,61.6,6948.30186235797,2025-06-01,"Jun-25",47.8678109541903,44.3273775522869
"15",2025,"Jun-25","015","Barry","T Data were subject to revision on May 19, 2026.",29723,31382,1659,5.3,5.2,58.4,61.6,52775.2600873461,2025-06-01,"Jun-25",59.4634682009354,56.3199498227138
"16",2025,"Jun-25","017","Bay","T Data were subject to revision on May 19, 2026.",47343,50518,3175,6.3,5.2,58.4,61.6,85640.3236521175,2025-06-01,"Jun-25",58.9885673543352,55.2812016361751
"17",2025,"Jun-25","019","Benzie","T Data were subject to revision on May 19, 2026.",9006,9484,478,5,5.2,58.4,61.6,16018.2807495241,2025-06-01,"Jun-25",59.2073528258129,56.2232622890417
"18",2025,"Jun-25","029","Charlevoix","T Data were subject to revision on May 19, 2026.",14035,14695,660,4.5,5.2,58.4,61.6,22355.024640043,2025-06-01,"Jun-25",65.7346625048127,62.7823061078629
"19",2025,"Jun-25","031","Cheboygan","T Data were subject to revision on May 19, 2026.",11556,12228,672,5.5,5.2,58.4,61.6,22836.7274639659,2025-06-01,"Jun-25",53.5453252629764,50.6026969855214
"20",2025,"Jun-25","033","Chippewa","T Data were subject to revision on May 19, 2026.",16616,17804,1188,6.7,5.2,58.4,61.6,30564.8542856536,2025-06-01,"Jun-25",58.2499096302147,54.3630924744803
"21",2025,"Jun-25","035","Clare","T Data were subject to revision on May 19, 2026.",11332,12266,934,7.6,5.2,58.4,61.6,26343.125643028,2025-06-01,"Jun-25",46.5624321358629,43.0169151282894
"22",2025,"Jun-25","037","Clinton","T Data were subject to revision on May 19, 2026.",40390,42352,1962,4.6,5.2,58.4,61.6,66020.3304860767,2025-06-01,"Jun-25",64.1499363729053,61.1781245301673
"23",2025,"Jun-25","039","Crawford","T Data were subject to revision on May 19, 2026.",5572,5981,409,6.8,5.2,58.4,61.6,11693.8280735992,2025-06-01,"Jun-25",51.1466387427325,47.6490672252977
"24",2025,"Jun-25","041","Delta","T Data were subject to revision on May 19, 2026.",16150,17216,1066,6.2,5.2,58.4,61.6,30904.5165487844,2025-06-01,"Jun-25",55.7070678417624,52.257733831579
"25",2025,"Jun-25","043","Dickinson","T Data were subject to revision on May 19, 2026.",12060,12720,660,5.2,5.2,58.4,61.6,21667.1957503534,2025-06-01,"Jun-25",58.706258745055,55.6601792818682
"26",2025,"Jun-25","045","Eaton","T Data were subject to revision on May 19, 2026.",54553,57440,2887,5,5.2,58.4,61.6,90165.8493126685,2025-06-01,"Jun-25",63.7048288657661,60.5029514121542
"27",2025,"Jun-25","047","Emmet","T Data were subject to revision on May 19, 2026.",18214,19227,1013,5.3,5.2,58.4,61.6,28934.3248212282,2025-06-01,"Jun-25",66.4504878506575,62.9494557503446
"28",2025,"Jun-25","049","Genesee","T Data were subject to revision on May 19, 2026.",179049,191628,12579,6.6,5.2,58.4,61.6,325352.035476268,2025-06-01,"Jun-25",58.8986633261675,55.0323896815025
"29",2025,"Jun-25","051","Gladwin","T Data were subject to revision on May 19, 2026.",10073,10802,729,6.7,5.2,58.4,61.6,21850.3301690509,2025-06-01,"Jun-25",49.4363239201763,46.0999898951987
"30",2025,"Jun-25","053","Gogebic","T Data were subject to revision on May 19, 2026.",5493,5887,394,6.7,5.2,58.4,61.6,12241.0063011306,2025-06-01,"Jun-25",48.092451349006,44.8737617224546
"31",2025,"Jun-25","055","Grand Traverse","T Data were subject to revision on May 19, 2026.",53873,56193,2320,4.1,5.2,58.4,61.6,81253.675415323,2025-06-01,"Jun-25",69.1574869847709,66.302231529382
"32",2025,"Jun-25","057","Gratiot","T Data were subject to revision on May 19, 2026.",16667,17735,1068,6,5.2,58.4,61.6,34442.332633748,2025-06-01,"Jun-25",51.4918666763659,48.3910314009017
"33",2025,"Jun-25","059","Hillsdale","T Data were subject to revision on May 19, 2026.",20543,21794,1251,5.7,5.2,58.4,61.6,37069.6633065243,2025-06-01,"Jun-25",58.7920095734029,55.4172824018728
"34",2025,"Jun-25","061","Houghton","T Data were subject to revision on May 19, 2026.",16239,17343,1104,6.4,5.2,58.4,61.6,31823.8241276505,2025-06-01,"Jun-25",54.4969075068867,51.0278083955678
"35",2025,"Jun-25","063","Huron","T Data were subject to revision on May 19, 2026.",13819,14719,900,6.1,5.2,58.4,61.6,25706.6086111147,2025-06-01,"Jun-25",57.2576500567095,53.7566048056029
"36",2025,"Jun-25","065","Ingham","T Data were subject to revision on May 19, 2026.",145265,153760,8495,5.5,5.2,58.4,61.6,242661.803145303,2025-06-01,"Jun-25",63.363907301031,59.8631503257302
"37",2025,"Jun-25","067","Ionia","T Data were subject to revision on May 19, 2026.",30855,32467,1612,5,5.2,58.4,61.6,54583.913228963,2025-06-01,"Jun-25",59.4808947900286,56.5276437227441
"38",2025,"Jun-25","069","Iosco","T Data were subject to revision on May 19, 2026.",9350,10118,768,7.6,5.2,58.4,61.6,21663.7433789241,2025-06-01,"Jun-25",46.7047629905156,43.1596692984108
"39",2025,"Jun-25","071","Iron","T Data were subject to revision on May 19, 2026.",4173,4509,336,7.5,5.2,58.4,61.6,10029.1297042219,2025-06-01,"Jun-25",44.9590356589156,41.6087948114116
"40",2025,"Jun-25","073","Isabella","T Data were subject to revision on May 19, 2026.",29196,31151,1955,6.3,5.2,58.4,61.6,54984.1238734133,2025-06-01,"Jun-25",56.6545355377802,53.0989637430911
"41",2025,"Jun-25","075","Jackson","T Data were subject to revision on May 19, 2026.",71125,75373,4248,5.6,5.2,58.4,61.6,131848.175534731,2025-06-01,"Jun-25",57.1665096572729,53.9446220712129
"42",2025,"Jun-25","079","Kalkaska","T Data were subject to revision on May 19, 2026.",8788,9314,526,5.6,5.2,58.4,61.6,15657.5539704809,2025-06-01,"Jun-25",59.4856643480818,56.1262635055768
"43",2025,"Jun-25","081","Kent","T Data were subject to revision on May 19, 2026.",350565,368247,17682,4.8,5.2,58.4,61.6,540746.017937381,2025-06-01,"Jun-25",68.0998080031434,64.829881010903
"44",2025,"Jun-25","083","Keweenaw","T Data were subject to revision on May 19, 2026.",875,937,62,6.6,5.2,58.4,61.6,1901.13609537155,2025-06-01,"Jun-25",49.2863189690203,46.025111097004
"45",2025,"Jun-25","085","Lake","T Data were subject to revision on May 19, 2026.",4421,4788,367,7.7,5.2,58.4,61.6,11631.4547477628,2025-06-01,"Jun-25",41.164240448263,38.009003137379
"46",2025,"Jun-25","087","Lapeer","T Data were subject to revision on May 19, 2026.",40670,42653,1983,4.6,5.2,58.4,61.6,74478.4318579532,2025-06-01,"Jun-25",57.2689286495031,54.606412870731
"47",2025,"Jun-25","089","Leelanau","T Data were subject to revision on May 19, 2026.",10932,11453,521,4.5,5.2,58.4,61.6,20116.7071521646,2025-06-01,"Jun-25",56.9327768872336,54.3428898045261
"48",2025,"Jun-25","091","Lenawee","T Data were subject to revision on May 19, 2026.",46723,49379,2656,5.4,5.2,58.4,61.6,80476.7553220196,2025-06-01,"Jun-25",61.3580900502449,58.0577581850096
"49",2025,"Jun-25","093","Livingston","T Data were subject to revision on May 19, 2026.",97576,101348,3772,3.7,5.2,58.4,61.6,164710.993284626,2025-06-01,"Jun-25",61.5308049444322,59.2407331497209
"50",2025,"Jun-25","095","Luce","T Data were subject to revision on May 19, 2026.",2164,2333,169,7.2,5.2,58.4,61.6,5487.99017109136,2025-06-01,"Jun-25",42.511009081054,39.4315575016721
"51",2025,"Jun-25","097","Mackinac","T Data were subject to revision on May 19, 2026.",5918,6180,262,4.2,5.2,58.4,61.6,9742.803078286,2025-06-01,"Jun-25",63.4314370345173,60.7422725518242
"52",2025,"Jun-25","099","Macomb","T Data were subject to revision on May 19, 2026.",427189,448540,21351,4.8,5.2,58.4,61.6,730564.680492888,2025-06-01,"Jun-25",61.3963434007493,58.4738095621855
"53",2025,"Jun-25","101","Manistee","T Data were subject to revision on May 19, 2026.",10699,11420,721,6.3,5.2,58.4,61.6,22128.9048355235,2025-06-01,"Jun-25",51.6067111539451,48.3485291275008
"54",2025,"Jun-25","103","Marquette","T Data were subject to revision on May 19, 2026.",31452,33445,1993,6,5.2,58.4,61.6,58391.1918870008,2025-06-01,"Jun-25",57.2774744258056,53.8642884030629
"55",2025,"Jun-25","105","Mason","T Data were subject to revision on May 19, 2026.",12636,13445,809,6,5.2,58.4,61.6,24565.9264061609,2025-06-01,"Jun-25",54.7302787515805,51.4370994648547
"56",2025,"Jun-25","107","Mecosta","T Data were subject to revision on May 19, 2026.",16489,17746,1257,7.1,5.2,58.4,61.6,35492.8986185694,2025-06-01,"Jun-25",49.9987340868113,46.4571805678706
"57",2025,"Jun-25","109","Menominee","T Data were subject to revision on May 19, 2026.",10805,11355,550,4.8,5.2,58.4,61.6,19747.6277157658,2025-06-01,"Jun-25",57.5005776057575,54.7154329396926
"58",2025,"Jun-25","111","Midland","T Data were subject to revision on May 19, 2026.",41062,43278,2216,5.1,5.2,58.4,61.6,69194.8794238111,2025-06-01,"Jun-25",62.5450905621599,59.3425414451548
"59",2025,"Jun-25","113","Missaukee","T Data were subject to revision on May 19, 2026.",7053,7458,405,5.4,5.2,58.4,61.6,12434.1501538738,2025-06-01,"Jun-25",59.9799737634383,56.7228150916506
"60",2025,"Jun-25","115","Monroe","T Data were subject to revision on May 19, 2026.",74321,78585,4264,5.4,5.2,58.4,61.6,128744.83938276,2025-06-01,"Jun-25",61.0393398110242,57.7273623986146
"61",2025,"Jun-25","117","Montcalm","T Data were subject to revision on May 19, 2026.",30460,32185,1725,5.4,5.2,58.4,61.6,57653.4212171936,2025-06-01,"Jun-25",55.8249611566879,52.832944440973
"62",2025,"Jun-25","119","Montmorency","T Data were subject to revision on May 19, 2026.",3642,3918,276,7,5.2,58.4,61.6,8699.85995413171,2025-06-01,"Jun-25",45.0352077005478,41.8627428395598
"63",2025,"Jun-25","121","Muskegon","T Data were subject to revision on May 19, 2026.",81936,87177,5241,6,5.2,58.4,61.6,144288.150134987,2025-06-01,"Jun-25",60.4186829746188,56.7863680581846
"64",2025,"Jun-25","123","Newaygo","T Data were subject to revision on May 19, 2026.",22207,23546,1339,5.7,5.2,58.4,61.6,42359.0307469636,2025-06-01,"Jun-25",55.5867298774013,52.4256566035611
"65",2025,"Jun-25","125","Oakland","T Data were subject to revision on May 19, 2026.",658553,685844,27291,4,5.2,58.4,61.6,1077457.57106147,2025-06-01,"Jun-25",63.6539218267624,61.1210146633635
"66",2025,"Jun-25","127","Oceana","T Data were subject to revision on May 19, 2026.",12044,12905,861,6.7,5.2,58.4,61.6,22396.2254304129,2025-06-01,"Jun-25",57.6213167709754,53.7769189608391
"67",2025,"Jun-25","129","Ogemaw","T Data were subject to revision on May 19, 2026.",7454,8112,658,8.1,5.2,58.4,61.6,17898.2118875066,2025-06-01,"Jun-25",45.3229632713331,41.6466183708724
"68",2025,"Jun-25","131","Ontonagon","T Data were subject to revision on May 19, 2026.",2280,2468,188,7.6,5.2,58.4,61.6,5241.0229303522,2025-06-01,"Jun-25",47.090043924577,43.5029579205979
"69",2025,"Jun-25","133","Osceola","T Data were subject to revision on May 19, 2026.",9616,10340,724,7,5.2,58.4,61.6,19215.2211779121,2025-06-01,"Jun-25",53.8115065356928,50.0436602366752
"70",2025,"Jun-25","135","Oscoda","T Data were subject to revision on May 19, 2026.",2417,2674,257,9.6,5.2,58.4,61.6,7231.10227808414,2025-06-01,"Jun-25",36.9791478140794,33.4250561954487
"71",2025,"Jun-25","137","Otsego","T Data were subject to revision on May 19, 2026.",11978,12714,736,5.8,5.2,58.4,61.6,21652.5235113958,2025-06-01,"Jun-25",58.7183290359138,55.3191871316797
"72",2025,"Jun-25","139","Ottawa","T Data were subject to revision on May 19, 2026.",158671,166430,7759,4.7,5.2,58.4,61.6,249722.882142879,2025-06-01,"Jun-25",66.6458750483174,63.5388309787392
"73",2025,"Jun-25","141","Presque Isle","T Data were subject to revision on May 19, 2026.",4499,4910,411,8.4,5.2,58.4,61.6,11536.4002009785,2025-06-01,"Jun-25",42.5609368127117,38.9983003503849
"74",2025,"Jun-25","143","Roscommon","T Data were subject to revision on May 19, 2026.",8736,9488,752,7.9,5.2,58.4,61.6,21229.2010991362,2025-06-01,"Jun-25",44.6931561658534,41.1508655422529
"75",2025,"Jun-25","145","Saginaw","T Data were subject to revision on May 19, 2026.",80192,85823,5631,6.6,5.2,58.4,61.6,152909.535404227,2025-06-01,"Jun-25",56.1266501615619,52.4440806049191
"76",2025,"Jun-25","151","Sanilac","T Data were subject to revision on May 19, 2026.",17760,19065,1305,6.8,5.2,58.4,61.6,33216.8486209168,2025-06-01,"Jun-25",57.3955711981499,53.4668420917463
"77",2025,"Jun-25","153","Schoolcraft","T Data were subject to revision on May 19, 2026.",3380,3647,267,7.3,5.2,58.4,61.6,6996.28541879512,2025-06-01,"Jun-25",52.1276617760983,48.311350919444
"78",2025,"Jun-25","155","Shiawassee","T Data were subject to revision on May 19, 2026.",32445,34340,1895,5.5,5.2,58.4,61.6,55964.4444129956,2025-06-01,"Jun-25",61.3603875821303,57.9743091177117
"79",2025,"Jun-25","147","St. Clair","T Data were subject to revision on May 19, 2026.",73162,76881,3719,4.8,5.2,58.4,61.6,133244.914119092,2025-06-01,"Jun-25",57.6990127602806,54.9079118581659
"80",2025,"Jun-25","157","Tuscola","T Data were subject to revision on May 19, 2026.",23703,25323,1620,6.4,5.2,58.4,61.6,43855.3241824301,2025-06-01,"Jun-25",57.7421338733263,54.0481696165325
"81",2025,"Jun-25","161","Washtenaw","T Data were subject to revision on May 19, 2026.",197818,207897,10079,4.8,5.2,58.4,61.6,315977.336718501,2025-06-01,"Jun-25",65.7949086346063,62.6051229035558
"82",2025,"Jun-25","163","Wayne","T Data were subject to revision on May 19, 2026.",766619,813169,46550,5.7,5.2,58.4,61.6,1402367.8101151,2025-06-01,"Jun-25",57.9854296522436,54.666043706257
"83",2025,"Jun-25","165","Wexford","T Data were subject to revision on May 19, 2026.",14686,15644,958,6.1,5.2,58.4,61.6,28019.0239439341,2025-06-01,"Jun-25",55.8334938122882,52.4143882720062
"84",2025,"Jul-25","077","Kalamazoo","T Data were subject to revision on May 19, 2026.",131897,139396,7499,5.4,5.7,58.3,61.9,217563.716282874,2025-07-01,"Jul-25",64.0713453426944,60.6245389872404
"85",2025,"Jul-25","021","Berrien","T Data were subject to revision on May 19, 2026.",73469,77906,4437,5.7,5.7,58.3,61.9,125145.652937761,2025-07-01,"Jul-25",62.2522622010252,58.7067934645229
"86",2025,"Jul-25","023","Branch","T Data were subject to revision on May 19, 2026.",21805,22982,1177,5.1,5.7,58.3,61.9,37079.9422650956,2025-07-01,"Jul-25",61.9796002801051,58.8053774304974
"87",2025,"Jul-25","025","Calhoun","T Data were subject to revision on May 19, 2026.",60817,65177,4360,6.7,5.7,58.3,61.9,107788.047221488,2025-07-01,"Jul-25",60.4677435764945,56.4227681711596
"88",2025,"Jul-25","027","Cass","T Data were subject to revision on May 19, 2026.",22925,24380,1455,6,5.7,58.3,61.9,42901.2912052566,2025-07-01,"Jul-25",56.8281264154884,53.4366201015205
"89",2025,"Jul-25","149","St. Joseph","T Data were subject to revision on May 19, 2026.",27181,29138,1957,6.7,5.7,58.3,61.9,48621.5608396464,2025-07-01,"Jul-25",59.9281460669207,55.9031827251346
"90",2025,"Jul-25","159","Van Buren","T Data were subject to revision on May 19, 2026.",36017,38161,2144,5.6,5.7,58.3,61.9,61367.9438765037,2025-07-01,"Jul-25",62.1839312015974,58.6902505198484
"91",2025,"Jul-25","001","Alcona","T Data were subject to revision on May 19, 2026.",3381,3698,317,8.6,5.7,58.3,61.9,9513.97316242766,2025-07-01,"Jul-25",38.8691447502085,35.5372034614535
"92",2025,"Jul-25","003","Alger","T Data were subject to revision on May 19, 2026.",3529,3783,254,6.7,5.7,58.3,61.9,7603.03264418721,2025-07-01,"Jul-25",49.75646136272,46.4156891750037
"93",2025,"Jul-25","005","Allegan","T Data were subject to revision on May 19, 2026.",63126,66326,3200,4.8,5.7,58.3,61.9,99362.2332487227,2025-07-01,"Jul-25",66.7517202778377,63.5311807475014
"94",2025,"Jul-25","007","Alpena","T Data were subject to revision on May 19, 2026.",12823,13657,834,6.1,5.7,58.3,61.9,24260.3706866618,2025-07-01,"Jul-25",56.2934514743772,52.8557463759199
"95",2025,"Jul-25","009","Antrim","T Data were subject to revision on May 19, 2026.",11588,12248,660,5.4,5.7,58.3,61.9,21387.2132663122,2025-07-01,"Jul-25",57.2678630333399,54.1819069913736
"96",2025,"Jul-25","011","Arenac","T Data were subject to revision on May 19, 2026.",6553,7033,480,6.8,5.7,58.3,61.9,12719.1760960382,2025-07-01,"Jul-25",55.2944620539586,51.520632708601
"97",2025,"Jul-25","013","Baraga","T Data were subject to revision on May 19, 2026.",3072,3322,250,7.5,5.7,58.3,61.9,6948.30186235797,2025-07-01,"Jul-25",47.8102429313952,44.2122415066966
"98",2025,"Jul-25","015","Barry","T Data were subject to revision on May 19, 2026.",29573,31277,1704,5.4,5.7,58.3,61.9,52775.2600873461,2025-07-01,"Jul-25",59.2645113415543,56.0357257378836
"99",2025,"Jul-25","017","Bay","T Data were subject to revision on May 19, 2026.",47595,50827,3232,6.4,5.7,58.3,61.9,85640.3236521175,2025-07-01,"Jul-25",59.3493786950947,55.575455545144
"100",2025,"Jul-25","019","Benzie","T Data were subject to revision on May 19, 2026.",9224,9696,472,4.9,5.7,58.3,61.9,16018.2807495241,2025-07-01,"Jul-25",60.5308406789416,57.5842073455608
"101",2025,"Jul-25","029","Charlevoix","T Data were subject to revision on May 19, 2026.",14292,14958,666,4.5,5.7,58.3,61.9,22355.024640043,2025-07-01,"Jul-25",66.9111317963245,63.9319357957661
"102",2025,"Jul-25","031","Cheboygan","T Data were subject to revision on May 19, 2026.",11769,12438,669,5.4,5.7,58.3,61.9,22836.7274639659,2025-07-01,"Jul-25",54.4648965996811,51.5354050556076
"103",2025,"Jul-25","033","Chippewa","T Data were subject to revision on May 19, 2026.",16841,18013,1172,6.5,5.7,58.3,61.9,30564.8542856536,2025-07-01,"Jul-25",58.933701537242,55.0992320873088
"104",2025,"Jul-25","035","Clare","T Data were subject to revision on May 19, 2026.",11392,12346,954,7.7,5.7,58.3,61.9,26343.125643028,2025-07-01,"Jul-25",46.8661166761261,43.2446785334869
"105",2025,"Jul-25","037","Clinton","T Data were subject to revision on May 19, 2026.",39833,41943,2110,5,5.7,58.3,61.9,66020.3304860767,2025-07-01,"Jul-25",63.5304302344344,60.3344450212962
"106",2025,"Jul-25","039","Crawford","T Data were subject to revision on May 19, 2026.",5554,5970,416,7,5.7,58.3,61.9,11693.8280735992,2025-07-01,"Jul-25",51.0525720271047,47.4951398724522
"107",2025,"Jul-25","041","Delta","T Data were subject to revision on May 19, 2026.",16315,17498,1183,6.8,5.7,58.3,61.9,30904.5165487844,2025-07-01,"Jul-25",56.6195558256947,52.7916363753691
"108",2025,"Jul-25","043","Dickinson","T Data were subject to revision on May 19, 2026.",12066,12793,727,5.7,5.7,58.3,61.9,21667.1957503534,2025-07-01,"Jul-25",59.0431735947711,55.6878709133517
"109",2025,"Jul-25","045","Eaton","T Data were subject to revision on May 19, 2026.",53528,56917,3389,6,5.7,58.3,61.9,90165.8493126685,2025-07-01,"Jul-25",63.1247866391506,59.3661573733762
"110",2025,"Jul-25","047","Emmet","T Data were subject to revision on May 19, 2026.",18623,19629,1006,5.1,5.7,58.3,61.9,28934.3248212282,2025-07-01,"Jul-25",67.8398411619367,64.3630017809744
"111",2025,"Jul-25","049","Genesee","T Data were subject to revision on May 19, 2026.",178932,192758,13826,7.2,5.7,58.3,61.9,325352.035476268,2025-07-01,"Jul-25",59.2459794258949,54.9964286340086
"112",2025,"Jul-25","051","Gladwin","T Data were subject to revision on May 19, 2026.",9928,10681,753,7,5.7,58.3,61.9,21850.3301690509,2025-07-01,"Jul-25",48.8825565442884,45.4363843621099
"113",2025,"Jul-25","053","Gogebic","T Data were subject to revision on May 19, 2026.",5436,5833,397,6.8,5.7,58.3,61.9,12241.0063011306,2025-07-01,"Jul-25",47.6513111463822,44.4081137307961
"114",2025,"Jul-25","055","Grand Traverse","T Data were subject to revision on May 19, 2026.",55215,57543,2328,4,5.7,58.3,61.9,81253.675415323,2025-07-01,"Jul-25",70.8189502885532,67.9538491246975
"115",2025,"Jul-25","057","Gratiot","T Data were subject to revision on May 19, 2026.",16646,17761,1115,6.3,5.7,58.3,61.9,34442.332633748,2025-07-01,"Jul-25",51.5673551755813,48.3300599207661
"116",2025,"Jul-25","059","Hillsdale","T Data were subject to revision on May 19, 2026.",20725,22049,1324,6,5.7,58.3,61.9,37069.6633065243,2025-07-01,"Jul-25",59.4799036011728,55.9082499040458
"117",2025,"Jul-25","061","Houghton","T Data were subject to revision on May 19, 2026.",16168,17239,1071,6.2,5.7,58.3,61.9,31823.8241276505,2025-07-01,"Jul-25",54.1701083152407,50.8047051012711
"118",2025,"Jul-25","063","Huron","T Data were subject to revision on May 19, 2026.",13947,14963,1016,6.8,5.7,58.3,61.9,25706.6086111147,2025-07-01,"Jul-25",58.2068223247873,54.2545312413158
"119",2025,"Jul-25","065","Ingham","T Data were subject to revision on May 19, 2026.",142449,151764,9315,6.1,5.7,58.3,61.9,242661.803145303,2025-07-01,"Jul-25",62.541363343091,58.7026875073138
"120",2025,"Jul-25","067","Ionia","T Data were subject to revision on May 19, 2026.",30780,32573,1793,5.5,5.7,58.3,61.9,54583.913228963,2025-07-01,"Jul-25",59.6750912001602,56.3902406023679
"121",2025,"Jul-25","069","Iosco","T Data were subject to revision on May 19, 2026.",9424,10213,789,7.7,5.7,58.3,61.9,21663.7433789241,2025-07-01,"Jul-25",47.1432836946171,43.5012538468688
"122",2025,"Jul-25","071","Iron","T Data were subject to revision on May 19, 2026.",4244,4577,333,7.3,5.7,58.3,61.9,10029.1297042219,2025-07-01,"Jul-25",45.637060592339,42.3167326095449
"123",2025,"Jul-25","073","Isabella","T Data were subject to revision on May 19, 2026.",29677,31594,1917,6.1,5.7,58.3,61.9,54984.1238734133,2025-07-01,"Jul-25",57.4602226503363,53.9737617140606
"124",2025,"Jul-25","075","Jackson","T Data were subject to revision on May 19, 2026.",69834,74245,4411,5.9,5.7,58.3,61.9,131848.175534731,2025-07-01,"Jul-25",56.3109801852683,52.9654655567112
"125",2025,"Jul-25","079","Kalkaska","T Data were subject to revision on May 19, 2026.",8994,9535,541,5.7,5.7,58.3,61.9,15657.5539704809,2025-07-01,"Jul-25",60.8971236374232,57.4419223906643
"126",2025,"Jul-25","081","Kent","T Data were subject to revision on May 19, 2026.",347131,365508,18377,5,5.7,58.3,61.9,540746.017937381,2025-07-01,"Jul-25",67.5932855491367,64.1948324139482
"127",2025,"Jul-25","083","Keweenaw","T Data were subject to revision on May 19, 2026.",917,976,59,6,5.7,58.3,61.9,1901.13609537155,2025-07-01,"Jul-25",51.3377239207725,48.2343164296602
"128",2025,"Jul-25","085","Lake","T Data were subject to revision on May 19, 2026.",4459,4830,371,7.7,5.7,58.3,61.9,11631.4547477628,2025-07-01,"Jul-25",41.5253302767565,38.335703458397
"129",2025,"Jul-25","087","Lapeer","T Data were subject to revision on May 19, 2026.",40843,43111,2268,5.3,5.7,58.3,61.9,74478.4318579532,2025-07-01,"Jul-25",57.8838717794464,54.8386948826965
"130",2025,"Jul-25","089","Leelanau","T Data were subject to revision on May 19, 2026.",11321,11857,536,4.5,5.7,58.3,61.9,20116.7071521646,2025-07-01,"Jul-25",58.9410578496401,56.2766058797146
"131",2025,"Jul-25","091","Lenawee","T Data were subject to revision on May 19, 2026.",46432,49303,2871,5.8,5.7,58.3,61.9,80476.7553220196,2025-07-01,"Jul-25",61.2636528432577,57.6961630898351
"132",2025,"Jul-25","093","Livingston","T Data were subject to revision on May 19, 2026.",97769,101930,4161,4.1,5.7,58.3,61.9,164710.993284626,2025-07-01,"Jul-25",61.8841511227254,59.3579080851343
"133",2025,"Jul-25","095","Luce","T Data were subject to revision on May 19, 2026.",2205,2373,168,7.1,5.7,58.3,61.9,5487.99017109136,2025-07-01,"Jul-25",43.2398733601977,40.1786433877943
"134",2025,"Jul-25","097","Mackinac","T Data were subject to revision on May 19, 2026.",6099,6356,257,4,5.7,58.3,61.9,9742.803078286,2025-07-01,"Jul-25",65.2378986717463,62.600054121929
"135",2025,"Jul-25","099","Macomb","T Data were subject to revision on May 19, 2026.",427436,452799,25363,5.6,5.7,58.3,61.9,730564.680492888,2025-07-01,"Jul-25",61.9793171077627,58.507619025823
"136",2025,"Jul-25","101","Manistee","T Data were subject to revision on May 19, 2026.",10991,11704,713,6.1,5.7,58.3,61.9,22128.9048355235,2025-07-01,"Jul-25",52.8901004681063,49.6680702533285
"137",2025,"Jul-25","103","Marquette","T Data were subject to revision on May 19, 2026.",31717,33672,1955,5.8,5.7,58.3,61.9,58391.1918870008,2025-07-01,"Jul-25",57.666231689811,54.3181239755801
"138",2025,"Jul-25","105","Mason","T Data were subject to revision on May 19, 2026.",12835,13653,818,6,5.7,58.3,61.9,24565.9264061609,2025-07-01,"Jul-25",55.5769799773395,52.2471645798837
"139",2025,"Jul-25","107","Mecosta","T Data were subject to revision on May 19, 2026.",15794,17060,1266,7.4,5.7,58.3,61.9,35492.8986185694,2025-07-01,"Jul-25",48.0659530892032,44.4990423851627
"140",2025,"Jul-25","109","Menominee","T Data were subject to revision on May 19, 2026.",10791,11376,585,5.1,5.7,58.3,61.9,19747.6277157658,2025-07-01,"Jul-25",57.6069194930072,54.6445383481928
"141",2025,"Jul-25","111","Midland","T Data were subject to revision on May 19, 2026.",40728,42987,2259,5.3,5.7,58.3,61.9,69194.8794238111,2025-07-01,"Jul-25",62.1245392115063,58.8598467677723
"142",2025,"Jul-25","113","Missaukee","T Data were subject to revision on May 19, 2026.",6995,7413,418,5.6,5.7,58.3,61.9,12434.1501538738,2025-07-01,"Jul-25",59.6180672443508,56.2563578003823
"143",2025,"Jul-25","115","Monroe","T Data were subject to revision on May 19, 2026.",73035,77714,4679,6,5.7,58.3,61.9,128744.83938276,2025-07-01,"Jul-25",60.3628078395868,56.7284874097875
"144",2025,"Jul-25","117","Montcalm","T Data were subject to revision on May 19, 2026.",30343,32210,1867,5.8,5.7,58.3,61.9,57653.4212171936,2025-07-01,"Jul-25",55.8683237177853,52.6300076550375
"145",2025,"Jul-25","119","Montmorency","T Data were subject to revision on May 19, 2026.",3725,4004,279,7,5.7,58.3,61.9,8699.85995413171,2025-07-01,"Jul-25",46.023729360131,42.8167811854366
"146",2025,"Jul-25","121","Muskegon","T Data were subject to revision on May 19, 2026.",82005,87499,5494,6.3,5.7,58.3,61.9,144288.150134987,2025-07-01,"Jul-25",60.6418475239589,56.8341890330432
"147",2025,"Jul-25","123","Newaygo","T Data were subject to revision on May 19, 2026.",22029,23440,1411,6,5.7,58.3,61.9,42359.0307469636,2025-07-01,"Jul-25",55.3364880797709,52.0054392452762
"148",2025,"Jul-25","125","Oakland","T Data were subject to revision on May 19, 2026.",659544,690400,30856,4.5,5.7,58.3,61.9,1077457.57106147,2025-07-01,"Jul-25",64.0767691037565,61.2129904428853
"149",2025,"Jul-25","127","Oceana","T Data were subject to revision on May 19, 2026.",12446,13341,895,6.7,5.7,58.3,61.9,22396.2254304129,2025-07-01,"Jul-25",59.5680733856322,55.5718642798574
"150",2025,"Jul-25","129","Ogemaw","T Data were subject to revision on May 19, 2026.",7457,8148,691,8.5,5.7,58.3,61.9,17898.2118875066,2025-07-01,"Jul-25",45.5241006823005,41.6633798217863
"151",2025,"Jul-25","131","Ontonagon","T Data were subject to revision on May 19, 2026.",2257,2446,189,7.7,5.7,58.3,61.9,5241.0229303522,2025-07-01,"Jul-25",46.6702785411326,43.0641122924515
"152",2025,"Jul-25","133","Osceola","T Data were subject to revision on May 19, 2026.",9420,10159,739,7.3,5.7,58.3,61.9,19215.2211779121,2025-07-01,"Jul-25",52.8695449609384,49.0236355479909
"153",2025,"Jul-25","135","Oscoda","T Data were subject to revision on May 19, 2026.",2421,2701,280,10.4,5.7,58.3,61.9,7231.10227808414,2025-07-01,"Jul-25",37.3525348712896,33.4803727965169
"154",2025,"Jul-25","137","Otsego","T Data were subject to revision on May 19, 2026.",12214,12962,748,5.8,5.7,58.3,61.9,21652.5235113958,2025-07-01,"Jul-25",59.8636920688623,56.4091293727113
"155",2025,"Jul-25","139","Ottawa","T Data were subject to revision on May 19, 2026.",157410,165265,7855,4.8,5.7,58.3,61.9,249722.882142879,2025-07-01,"Jul-25",66.179357927418,63.0338712453022
"156",2025,"Jul-25","141","Presque Isle","T Data were subject to revision on May 19, 2026.",4623,5026,403,8,5.7,58.3,61.9,11536.4002009785,2025-07-01,"Jul-25",43.566449780181,40.0731590397487
"157",2025,"Jul-25","143","Roscommon","T Data were subject to revision on May 19, 2026.",8782,9607,825,8.6,5.7,58.3,61.9,21229.2010991362,2025-07-01,"Jul-25",45.2537048150668,41.3675482133774
"158",2025,"Jul-25","145","Saginaw","T Data were subject to revision on May 19, 2026.",80457,86415,5958,6.9,5.7,58.3,61.9,152909.535404227,2025-07-01,"Jul-25",56.5138071811912,52.6173856897193
"159",2025,"Jul-25","151","Sanilac","T Data were subject to revision on May 19, 2026.",18128,19533,1405,7.2,5.7,58.3,61.9,33216.8486209168,2025-07-01,"Jul-25",58.8044947397567,54.5747135945482
"160",2025,"Jul-25","153","Schoolcraft","T Data were subject to revision on May 19, 2026.",3423,3691,268,7.3,5.7,58.3,61.9,6996.28541879512,2025-07-01,"Jul-25",52.7565669359964,48.9259627802535
"161",2025,"Jul-25","155","Shiawassee","T Data were subject to revision on May 19, 2026.",32382,34463,2081,6,5.7,58.3,61.9,55964.4444129956,2025-07-01,"Jul-25",61.5801699837786,57.8617376436967
"162",2025,"Jul-25","147","St. Clair","T Data were subject to revision on May 19, 2026.",73429,77758,4329,5.6,5.7,58.3,61.9,133244.914119092,2025-07-01,"Jul-25",58.357199232761,55.1082947408936
"163",2025,"Jul-25","157","Tuscola","T Data were subject to revision on May 19, 2026.",23469,25173,1704,6.8,5.7,58.3,61.9,43855.3241824301,2025-07-01,"Jul-25",57.4001001458454,53.5145970016623
"164",2025,"Jul-25","161","Washtenaw","T Data were subject to revision on May 19, 2026.",198048,208272,10224,4.9,5.7,58.3,61.9,315977.336718501,2025-07-01,"Jul-25",65.913588032279,62.6779129341284
"165",2025,"Jul-25","163","Wayne","T Data were subject to revision on May 19, 2026.",770456,826864,56408,6.8,5.7,58.3,61.9,1402367.8101151,2025-07-01,"Jul-25",58.9619922844731,54.9396523824063
"166",2025,"Jul-25","165","Wexford","T Data were subject to revision on May 19, 2026.",14862,15883,1021,6.4,5.7,58.3,61.9,28019.0239439341,2025-07-01,"Jul-25",56.686485695511,53.0425329224129
"167",2025,"Aug-25","077","Kalamazoo","T Data were subject to revision on May 19, 2026.",132405,139048,6643,4.8,4.9,58.2,61.2,217563.716282874,2025-08-01,"Aug-25",63.9113922007157,60.858033803692
"168",2025,"Aug-25","021","Berrien","T Data were subject to revision on May 19, 2026.",73450,77378,3928,5.1,4.9,58.2,61.2,125145.652937761,2025-08-01,"Aug-25",61.8303538185882,58.6916111553064
"169",2025,"Aug-25","023","Branch","T Data were subject to revision on May 19, 2026.",21948,22953,1005,4.4,4.9,58.2,61.2,37079.9422650956,2025-08-01,"Aug-25",61.9013908810918,59.1910306739077
"170",2025,"Aug-25","025","Calhoun","T Data were subject to revision on May 19, 2026.",60935,64672,3737,5.8,4.9,58.2,61.2,107788.047221488,2025-08-01,"Aug-25",59.9992315169316,56.5322422761663
"171",2025,"Aug-25","027","Cass","T Data were subject to revision on May 19, 2026.",23119,24317,1198,4.9,4.9,58.2,61.2,42901.2912052566,2025-08-01,"Aug-25",56.6812776884918,53.8888209433829
"172",2025,"Aug-25","149","St. Joseph","T Data were subject to revision on May 19, 2026.",27749,29214,1465,5,4.9,58.2,61.2,48621.5608396464,2025-08-01,"Aug-25",60.0844553229124,57.0713887435988
"173",2025,"Aug-25","159","Van Buren","T Data were subject to revision on May 19, 2026.",35935,37831,1896,5,4.9,58.2,61.2,61367.9438765037,2025-08-01,"Aug-25",61.6461911712909,58.5566302698935
"174",2025,"Aug-25","001","Alcona","T Data were subject to revision on May 19, 2026.",3375,3649,274,7.5,4.9,58.2,61.2,9513.97316242766,2025-08-01,"Aug-25",38.3541128159846,35.4741383266506
"175",2025,"Aug-25","003","Alger","T Data were subject to revision on May 19, 2026.",3503,3722,219,5.9,4.9,58.2,61.2,7603.03264418721,2025-08-01,"Aug-25",48.9541499318118,46.0737203683871
"176",2025,"Aug-25","005","Allegan","T Data were subject to revision on May 19, 2026.",63481,66243,2762,4.2,4.9,58.2,61.2,99362.2332487227,2025-08-01,"Aug-25",66.6681875337696,63.8884593516481
"177",2025,"Aug-25","007","Alpena","T Data were subject to revision on May 19, 2026.",13011,13742,731,5.3,4.9,58.2,61.2,24260.3706866618,2025-08-01,"Aug-25",56.6438171019178,53.6306727050685
"178",2025,"Aug-25","009","Antrim","T Data were subject to revision on May 19, 2026.",11144,11710,566,4.8,4.9,58.2,61.2,21387.2132663122,2025-08-01,"Aug-25",54.7523412900401,52.1059001995052
"179",2025,"Aug-25","011","Arenac","T Data were subject to revision on May 19, 2026.",6444,6885,441,6.4,4.9,58.2,61.2,12719.1760960382,2025-08-01,"Aug-25",54.1308646724733,50.663658961426
"180",2025,"Aug-25","013","Baraga","T Data were subject to revision on May 19, 2026.",3068,3287,219,6.7,4.9,58.2,61.2,6948.30186235797,2025-08-01,"Aug-25",47.3065227319373,44.1546734839014
"181",2025,"Aug-25","015","Barry","T Data were subject to revision on May 19, 2026.",29555,31025,1470,4.7,4.9,58.2,61.2,52775.2600873461,2025-08-01,"Aug-25",58.7870148790396,56.001618847704
"182",2025,"Aug-25","017","Bay","T Data were subject to revision on May 19, 2026.",47449,50336,2887,5.7,4.9,58.2,61.2,85640.3236521175,2025-08-01,"Aug-25",58.7760506423021,55.4049751058207
"183",2025,"Aug-25","019","Benzie","T Data were subject to revision on May 19, 2026.",9032,9451,419,4.4,4.9,58.2,61.2,16018.2807495241,2025-08-01,"Aug-25",59.0013382071655,56.3855768370669
"184",2025,"Aug-25","029","Charlevoix","T Data were subject to revision on May 19, 2026.",13971,14543,572,3.9,4.9,58.2,61.2,22355.024640043,2025-08-01,"Aug-25",65.0547258800606,62.4960170027042
"185",2025,"Aug-25","031","Cheboygan","T Data were subject to revision on May 19, 2026.",11599,12177,578,4.7,4.9,58.2,61.2,22836.7274639659,2025-08-01,"Aug-25",53.322000795491,50.7909901639895
"186",2025,"Aug-25","033","Chippewa","T Data were subject to revision on May 19, 2026.",16835,17952,1117,6.2,4.9,58.2,61.2,30564.8542856536,2025-08-01,"Aug-25",58.7341259088752,55.0796016976334
"187",2025,"Aug-25","035","Clare","T Data were subject to revision on May 19, 2026.",11474,12317,843,6.8,4.9,58.2,61.2,26343.125643028,2025-08-01,"Aug-25",46.7560310302807,43.5559551872567
"188",2025,"Aug-25","037","Clinton","T Data were subject to revision on May 19, 2026.",39998,41714,1716,4.1,4.9,58.2,61.2,66020.3304860767,2025-08-01,"Aug-25",63.1835673842882,60.5843680355937
"189",2025,"Aug-25","039","Crawford","T Data were subject to revision on May 19, 2026.",5545,5885,340,5.8,4.9,58.2,61.2,11693.8280735992,2025-08-01,"Aug-25",50.3256928608896,47.4181761960294
"190",2025,"Aug-25","041","Delta","T Data were subject to revision on May 19, 2026.",16132,17110,978,5.7,4.9,58.2,61.2,30904.5165487844,2025-08-01,"Aug-25",55.3640759045397,52.1994899177109
"191",2025,"Aug-25","043","Dickinson","T Data were subject to revision on May 19, 2026.",12035,12615,580,4.6,4.9,58.2,61.2,21667.1957503534,2025-08-01,"Aug-25",58.2216551940934,55.5447974840202
"192",2025,"Aug-25","045","Eaton","T Data were subject to revision on May 19, 2026.",53824,56485,2661,4.7,4.9,58.2,61.2,90165.8493126685,2025-08-01,"Aug-25",62.6456695418314,59.6944413104282
"193",2025,"Aug-25","047","Emmet","T Data were subject to revision on May 19, 2026.",18225,19085,860,4.5,4.9,58.2,61.2,28934.3248212282,2025-08-01,"Aug-25",65.9597212581161,62.9874728807528
"194",2025,"Aug-25","049","Genesee","T Data were subject to revision on May 19, 2026.",178858,190893,12035,6.3,4.9,58.2,61.2,325352.035476268,2025-08-01,"Aug-25",58.6727541816545,54.9736840398671
"195",2025,"Aug-25","051","Gladwin","T Data were subject to revision on May 19, 2026.",9972,10657,685,6.4,4.9,58.2,61.2,21850.3301690509,2025-08-01,"Aug-25",48.7727183870875,45.6377543169782
"196",2025,"Aug-25","053","Gogebic","T Data were subject to revision on May 19, 2026.",5491,5853,362,6.2,4.9,58.2,61.2,12241.0063011306,2025-08-01,"Aug-25",47.8146964066133,44.8574231964315
"197",2025,"Aug-25","055","Grand Traverse","T Data were subject to revision on May 19, 2026.",54030,56070,2040,3.6,4.9,58.2,61.2,81253.675415323,2025-08-01,"Aug-25",69.0061092170929,66.4954535580441
"198",2025,"Aug-25","057","Gratiot","T Data were subject to revision on May 19, 2026.",16834,17762,928,5.2,4.9,58.2,61.2,34442.332633748,2025-08-01,"Aug-25",51.5702585793973,48.8758998381699
"199",2025,"Aug-25","059","Hillsdale","T Data were subject to revision on May 19, 2026.",20566,21677,1111,5.1,4.9,58.2,61.2,37069.6633065243,2025-08-01,"Aug-25",58.4763876077202,55.479327745554
"200",2025,"Aug-25","061","Houghton","T Data were subject to revision on May 19, 2026.",16324,17302,978,5.7,4.9,58.2,61.2,31823.8241276505,2025-08-01,"Aug-25",54.3680732101801,51.29490388874
"201",2025,"Aug-25","063","Huron","T Data were subject to revision on May 19, 2026.",13762,14572,810,5.6,4.9,58.2,61.2,25706.6086111147,2025-08-01,"Aug-25",56.6858126656954,53.5348719396994
"202",2025,"Aug-25","065","Ingham","T Data were subject to revision on May 19, 2026.",143243,151099,7856,5.2,4.9,58.2,61.2,242661.803145303,2025-08-01,"Aug-25",62.2673193891681,59.029891867336
"203",2025,"Aug-25","067","Ionia","T Data were subject to revision on May 19, 2026.",30759,32235,1476,4.6,4.9,58.2,61.2,54583.913228963,2025-08-01,"Aug-25",59.0558611376651,56.3517677286626
"204",2025,"Aug-25","069","Iosco","T Data were subject to revision on May 19, 2026.",9407,10083,676,6.7,4.9,58.2,61.2,21663.7433789241,2025-08-01,"Aug-25",46.5432027311098,43.4227817208717
"205",2025,"Aug-25","071","Iron","T Data were subject to revision on May 19, 2026.",4201,4491,290,6.5,4.9,58.2,61.2,10029.1297042219,2025-08-01,"Aug-25",44.7795584706565,41.8879815487036
"206",2025,"Aug-25","073","Isabella","T Data were subject to revision on May 19, 2026.",29757,31531,1774,5.6,4.9,58.2,61.2,54984.1238734133,2025-08-01,"Aug-25",57.3456441219141,54.1192582580888
"207",2025,"Aug-25","075","Jackson","T Data were subject to revision on May 19, 2026.",69563,73508,3945,5.4,4.9,58.2,61.2,131848.175534731,2025-08-01,"Aug-25",55.752003925634,52.7599261179583
"208",2025,"Aug-25","079","Kalkaska","T Data were subject to revision on May 19, 2026.",8810,9278,468,5,4.9,58.2,61.2,15657.5539704809,2025-08-01,"Aug-25",59.2557433778723,56.2667707651493
"209",2025,"Aug-25","081","Kent","T Data were subject to revision on May 19, 2026.",347195,363417,16222,4.5,4.9,58.2,61.2,540746.017937381,2025-08-01,"Aug-25",67.2065975420801,64.2066679148815
"210",2025,"Aug-25","083","Keweenaw","T Data were subject to revision on May 19, 2026.",914,968,54,5.6,4.9,58.2,61.2,1901.13609537155,2025-08-01,"Aug-25",50.9169229050285,48.0765160487562
"211",2025,"Aug-25","085","Lake","T Data were subject to revision on May 19, 2026.",4430,4747,317,6.7,4.9,58.2,61.2,11631.4547477628,2025-08-01,"Aug-25",40.8117479966384,38.0863795291991
"212",2025,"Aug-25","087","Lapeer","T Data were subject to revision on May 19, 2026.",40702,42485,1783,4.2,4.9,58.2,61.2,74478.4318579532,2025-08-01,"Aug-25",57.0433599904846,54.6493783295917
"213",2025,"Aug-25","089","Leelanau","T Data were subject to revision on May 19, 2026.",11061,11520,459,4,4.9,58.2,61.2,20116.7071521646,2025-08-01,"Aug-25",57.2658333834742,54.9841478346014
"214",2025,"Aug-25","091","Lenawee","T Data were subject to revision on May 19, 2026.",46478,49020,2542,5.2,4.9,58.2,61.2,80476.7553220196,2025-08-01,"Aug-25",60.9119985067134,57.7533224519589
"215",2025,"Aug-25","093","Livingston","T Data were subject to revision on May 19, 2026.",97481,100887,3406,3.4,4.9,58.2,61.2,164710.993284626,2025-08-01,"Aug-25",61.250920772279,59.1830563680408
"216",2025,"Aug-25","095","Luce","T Data were subject to revision on May 19, 2026.",2167,2315,148,6.4,4.9,58.2,61.2,5487.99017109136,2025-08-01,"Aug-25",42.1830201554394,39.4862223226078
"217",2025,"Aug-25","097","Mackinac","T Data were subject to revision on May 19, 2026.",6025,6253,228,3.6,4.9,58.2,61.2,9742.803078286,2025-08-01,"Aug-25",64.1807080545043,61.8405191153668
"218",2025,"Aug-25","099","Macomb","T Data were subject to revision on May 19, 2026.",426332,446355,20023,4.5,4.9,58.2,61.2,730564.680492888,2025-08-01,"Aug-25",61.0972596839556,58.356503042601
"219",2025,"Aug-25","101","Manistee","T Data were subject to revision on May 19, 2026.",10926,11577,651,5.6,4.9,58.2,61.2,22128.9048355235,2025-08-01,"Aug-25",52.3161904579004,49.374336783538
"220",2025,"Aug-25","103","Marquette","T Data were subject to revision on May 19, 2026.",31590,33304,1714,5.1,4.9,58.2,61.2,58391.1918870008,2025-08-01,"Aug-25",57.0359996494852,54.1006254181851
"221",2025,"Aug-25","105","Mason","T Data were subject to revision on May 19, 2026.",12533,13245,712,5.4,4.9,58.2,61.2,24565.9264061609,2025-08-01,"Aug-25",53.9161429575816,51.0178195309453
"222",2025,"Aug-25","107","Mecosta","T Data were subject to revision on May 19, 2026.",16068,17207,1139,6.6,4.9,58.2,61.2,35492.8986185694,2025-08-01,"Aug-25",48.4801204458335,45.2710277982015
"223",2025,"Aug-25","109","Menominee","T Data were subject to revision on May 19, 2026.",10784,11263,479,4.3,4.9,58.2,61.2,19747.6277157658,2025-08-01,"Aug-25",57.0346988616157,54.6090910524429
"224",2025,"Aug-25","111","Midland","T Data were subject to revision on May 19, 2026.",40684,42702,2018,4.7,4.9,58.2,61.2,69194.8794238111,2025-08-01,"Aug-25",61.7126590227218,58.7962582473985
"225",2025,"Aug-25","113","Missaukee","T Data were subject to revision on May 19, 2026.",6949,7299,350,4.8,4.9,58.2,61.2,12434.1501538738,2025-08-01,"Aug-25",58.7012373959957,55.8864089142039
"226",2025,"Aug-25","115","Monroe","T Data were subject to revision on May 19, 2026.",73091,77572,4481,5.8,4.9,58.2,61.2,128744.83938276,2025-08-01,"Aug-25",60.2525121565282,56.7719842988811
"227",2025,"Aug-25","117","Montcalm","T Data were subject to revision on May 19, 2026.",30447,32048,1601,5,4.9,58.2,61.2,57653.4212171936,2025-08-01,"Aug-25",55.5873343218746,52.8103959092023
"228",2025,"Aug-25","119","Montmorency","T Data were subject to revision on May 19, 2026.",3684,3928,244,6.2,4.9,58.2,61.2,8699.85995413171,2025-08-01,"Aug-25",45.1501520795691,42.3455092314492
"229",2025,"Aug-25","121","Muskegon","T Data were subject to revision on May 19, 2026.",81799,86788,4989,5.7,4.9,58.2,61.2,144288.150134987,2025-08-01,"Aug-25",60.1490835656333,56.6914191660741
"230",2025,"Aug-25","123","Newaygo","T Data were subject to revision on May 19, 2026.",21933,23186,1253,5.4,4.9,58.2,61.2,42359.0307469636,2025-08-01,"Aug-25",54.7368520741284,51.7788051644034
"231",2025,"Aug-25","125","Oakland","T Data were subject to revision on May 19, 2026.",657601,683105,25504,3.7,4.9,58.2,61.2,1077457.57106147,2025-08-01,"Aug-25",63.3997122807381,61.0326585159319
"232",2025,"Aug-25","127","Oceana","T Data were subject to revision on May 19, 2026.",12257,13002,745,5.7,4.9,58.2,61.2,22396.2254304129,2025-08-01,"Aug-25",58.0544254673555,54.7279720776324
"233",2025,"Aug-25","129","Ogemaw","T Data were subject to revision on May 19, 2026.",7362,7943,581,7.3,4.9,58.2,61.2,17898.2118875066,2025-08-01,"Aug-25",44.378734869847,41.1326005428445
"234",2025,"Aug-25","131","Ontonagon","T Data were subject to revision on May 19, 2026.",2257,2422,165,6.8,4.9,58.2,61.2,5241.0229303522,2025-08-01,"Aug-25",46.2123526682842,43.0641122924515
"235",2025,"Aug-25","133","Osceola","T Data were subject to revision on May 19, 2026.",9433,10085,652,6.5,4.9,58.2,61.2,19215.2211779121,2025-08-01,"Aug-25",52.4844335988841,49.0912902467302
"236",2025,"Aug-25","135","Oscoda","T Data were subject to revision on May 19, 2026.",2438,2671,233,8.7,4.9,58.2,61.2,7231.10227808414,2025-08-01,"Aug-25",36.9376603632783,33.7154683510567
"237",2025,"Aug-25","137","Otsego","T Data were subject to revision on May 19, 2026.",12107,12775,668,5.2,4.9,58.2,61.2,21652.5235113958,2025-08-01,"Aug-25",59.0000513948245,55.9149606447859
"238",2025,"Aug-25","139","Ottawa","T Data were subject to revision on May 19, 2026.",157372,164318,6946,4.2,4.9,58.2,61.2,249722.882142879,2025-08-01,"Aug-25",65.8001375724894,63.0186543778394
"239",2025,"Aug-25","141","Presque Isle","T Data were subject to revision on May 19, 2026.",4560,4921,361,7.3,4.9,58.2,61.2,11536.4002009785,2025-08-01,"Aug-25",42.6562871803165,39.52706147983
"240",2025,"Aug-25","143","Roscommon","T Data were subject to revision on May 19, 2026.",8792,9462,670,7.1,4.9,58.2,61.2,21229.2010991362,2025-08-01,"Aug-25",44.5706833517396,41.4146531418827
"241",2025,"Aug-25","145","Saginaw","T Data were subject to revision on May 19, 2026.",80892,86254,5362,6.2,4.9,58.2,61.2,152909.535404227,2025-08-01,"Aug-25",56.4085161674068,52.9018676213726
"242",2025,"Aug-25","151","Sanilac","T Data were subject to revision on May 19, 2026.",18059,19258,1199,6.2,4.9,58.2,61.2,33216.8486209168,2025-08-01,"Aug-25",57.9766016330433,54.3669876877728
"243",2025,"Aug-25","153","Schoolcraft","T Data were subject to revision on May 19, 2026.",3408,3643,235,6.5,4.9,58.2,61.2,6996.28541879512,2025-08-01,"Aug-25",52.0704885797439,48.7115632939246
"244",2025,"Aug-25","155","Shiawassee","T Data were subject to revision on May 19, 2026.",32468,34282,1814,5.3,4.9,58.2,61.2,55964.4444129956,2025-08-01,"Aug-25",61.2567503520848,58.0154066399711
"245",2025,"Aug-25","147","St. Clair","T Data were subject to revision on May 19, 2026.",73184,76530,3346,4.4,4.9,58.2,61.2,133244.914119092,2025-08-01,"Aug-25",57.4355880717508,54.9244228073045
"246",2025,"Aug-25","157","Tuscola","T Data were subject to revision on May 19, 2026.",23434,25055,1621,6.5,4.9,58.2,61.2,43855.3241824301,2025-08-01,"Aug-25",57.1310336135604,53.4347891319167
"247",2025,"Aug-25","161","Washtenaw","T Data were subject to revision on May 19, 2026.",197759,206997,9238,4.5,4.9,58.2,61.2,315977.336718501,2025-08-01,"Aug-25",65.5100780801916,62.586450678322
"248",2025,"Aug-25","163","Wayne","T Data were subject to revision on May 19, 2026.",767398,814253,46855,5.8,4.9,58.2,61.2,1402367.8101151,2025-08-01,"Aug-25",58.0627274903843,54.7215926139245
"249",2025,"Aug-25","165","Wexford","T Data were subject to revision on May 19, 2026.",14752,15597,845,5.4,4.9,58.2,61.2,28019.0239439341,2025-08-01,"Aug-25",55.6657506386001,52.6499425159087
"250",2025,"Sep-25","077","Kalamazoo","T Data were subject to revision on May 19, 2026.",134603,140467,5864,4.2,4.6,58.3,61.1,217563.716282874,2025-09-01,"Sep-25",64.5636149261977,61.8683125567641
"251",2025,"Sep-25","021","Berrien","T Data were subject to revision on May 19, 2026.",73643,77122,3479,4.5,4.6,58.3,61.1,125145.652937761,2025-09-01,"Sep-25",61.6257921786187,58.8458314541897
"252",2025,"Sep-25","023","Branch","T Data were subject to revision on May 19, 2026.",22024,22906,882,3.9,4.6,58.3,61.1,37079.9422650956,2025-09-01,"Sep-25",61.7746377171738,59.395993236839
"253",2025,"Sep-25","025","Calhoun","T Data were subject to revision on May 19, 2026.",61511,64732,3221,5,4.6,58.3,61.1,107788.047221488,2025-09-01,"Sep-25",60.0548963160876,57.0666243480638
"254",2025,"Sep-25","027","Cass","T Data were subject to revision on May 19, 2026.",23365,24411,1046,4.3,4.6,58.3,61.1,42901.2912052566,2025-09-01,"Sep-25",56.9003853128994,54.4622302583218
"255",2025,"Sep-25","149","St. Joseph","T Data were subject to revision on May 19, 2026.",27436,28696,1260,4.4,4.6,58.3,61.1,48621.5608396464,2025-09-01,"Sep-25",59.0190843412848,56.4276414130015
"256",2025,"Sep-25","159","Van Buren","T Data were subject to revision on May 19, 2026.",35513,37135,1622,4.4,4.6,58.3,61.1,61367.9438765037,2025-09-01,"Sep-25",60.5120485619172,57.8689748371985
"257",2025,"Sep-25","001","Alcona","T Data were subject to revision on May 19, 2026.",3341,3589,248,6.9,4.6,58.3,61.1,9513.97316242766,2025-09-01,"Sep-25",37.7234614679552,35.1167692294339
"258",2025,"Sep-25","003","Alger","T Data were subject to revision on May 19, 2026.",3437,3631,194,5.3,4.6,58.3,61.1,7603.03264418721,2025-09-01,"Sep-25",47.7572591086536,45.2056457054372
"259",2025,"Sep-25","005","Allegan","T Data were subject to revision on May 19, 2026.",63089,65545,2456,3.7,4.6,58.3,61.1,99362.2332487227,2025-09-01,"Sep-25",65.965707348715,63.4939432591819
"260",2025,"Sep-25","007","Alpena","T Data were subject to revision on May 19, 2026.",13316,13922,606,4.4,4.6,58.3,61.1,24260.3706866618,2025-09-01,"Sep-25",57.385767842592,54.8878670156554
"261",2025,"Sep-25","009","Antrim","T Data were subject to revision on May 19, 2026.",10637,11125,488,4.4,4.6,58.3,61.1,21387.2132663122,2025-09-01,"Sep-25",52.0170620710244,49.7353248763583
"262",2025,"Sep-25","011","Arenac","T Data were subject to revision on May 19, 2026.",6438,6828,390,5.7,4.6,58.3,61.1,12719.1760960382,2025-09-01,"Sep-25",53.6827224377121,50.616486094609
"263",2025,"Sep-25","013","Baraga","T Data were subject to revision on May 19, 2026.",3077,3248,171,5.3,4.6,58.3,61.1,6948.30186235797,2025-09-01,"Sep-25",46.7452345096844,44.2842015351905
"264",2025,"Sep-25","015","Barry","T Data were subject to revision on May 19, 2026.",29801,31098,1297,4.2,4.6,58.3,61.1,52775.2600873461,2025-09-01,"Sep-25",58.9253372669903,56.4677463468254
"265",2025,"Sep-25","017","Bay","T Data were subject to revision on May 19, 2026.",47573,50103,2530,5,4.6,58.3,61.1,85640.3236521175,2025-09-01,"Sep-25",58.50398254393,55.5497667118213
"266",2025,"Sep-25","019","Benzie","T Data were subject to revision on May 19, 2026.",8757,9140,383,4.2,4.6,58.3,61.1,16018.2807495241,2025-09-01,"Sep-25",57.0598064980947,54.6687883483387
"267",2025,"Sep-25","029","Charlevoix","T Data were subject to revision on May 19, 2026.",13269,13804,535,3.9,4.6,58.3,61.1,22355.024640043,2025-09-01,"Sep-25",61.7489813689305,59.355783380494
"268",2025,"Sep-25","031","Cheboygan","T Data were subject to revision on May 19, 2026.",11241,11742,501,4.3,4.6,58.3,61.1,22836.7274639659,2025-09-01,"Sep-25",51.4171744551741,49.2233399804644
"269",2025,"Sep-25","033","Chippewa","T Data were subject to revision on May 19, 2026.",16857,17684,827,4.7,4.6,58.3,61.1,30564.8542856536,2025-09-01,"Sep-25",57.8573018367062,55.1515797931099
"270",2025,"Sep-25","035","Clare","T Data were subject to revision on May 19, 2026.",11565,12310,745,6.1,4.6,58.3,61.1,26343.125643028,2025-09-01,"Sep-25",46.7294586330077,43.9013963518061
"271",2025,"Sep-25","037","Clinton","T Data were subject to revision on May 19, 2026.",41301,42851,1550,3.6,4.6,58.3,61.1,66020.3304860767,2025-09-01,"Sep-25",64.9057641555385,62.5580025060767
"272",2025,"Sep-25","039","Crawford","T Data were subject to revision on May 19, 2026.",5455,5757,302,5.2,4.6,58.3,61.1,11693.8280735992,2025-09-01,"Sep-25",49.2310983517658,46.6485394318017
"273",2025,"Sep-25","041","Delta","T Data were subject to revision on May 19, 2026.",16086,16872,786,4.7,4.6,58.3,61.1,30904.5165487844,2025-09-01,"Sep-25",54.5939619322848,52.0506443600482
"274",2025,"Sep-25","043","Dickinson","T Data were subject to revision on May 19, 2026.",12148,12641,493,3.9,4.6,58.3,61.1,21667.1957503534,2025-09-01,"Sep-25",58.3416522638554,56.0663232102931
"275",2025,"Sep-25","045","Eaton","T Data were subject to revision on May 19, 2026.",55699,58014,2315,4,4.6,58.3,61.1,90165.8493126685,2025-09-01,"Sep-25",64.3414335274818,61.7739426008758
"276",2025,"Sep-25","047","Emmet","T Data were subject to revision on May 19, 2026.",17379,18114,735,4.1,4.6,58.3,61.1,28934.3248212282,2025-09-01,"Sep-25",62.603845473907,60.0636099420907
"277",2025,"Sep-25","049","Genesee","T Data were subject to revision on May 19, 2026.",178896,189593,10697,5.6,4.6,58.3,61.1,325352.035476268,2025-09-01,"Sep-25",58.2731869872778,54.9853636963181
"278",2025,"Sep-25","051","Gladwin","T Data were subject to revision on May 19, 2026.",9943,10524,581,5.5,4.6,58.3,61.1,21850.3301690509,2025-09-01,"Sep-25",48.1640319325991,45.5050332103604
"279",2025,"Sep-25","053","Gogebic","T Data were subject to revision on May 19, 2026.",5445,5750,305,5.3,4.6,58.3,61.1,12241.0063011306,2025-09-01,"Sep-25",46.9732623164234,44.4816370979001
"280",2025,"Sep-25","055","Grand Traverse","T Data were subject to revision on May 19, 2026.",52389,54214,1825,3.4,4.6,58.3,61.1,81253.675415323,2025-09-01,"Sep-25",66.7219048527818,64.4758526087798
"281",2025,"Sep-25","057","Gratiot","T Data were subject to revision on May 19, 2026.",16986,17778,792,4.5,4.6,58.3,61.1,34442.332633748,2025-09-01,"Sep-25",51.616713040453,49.3172172181986
"282",2025,"Sep-25","059","Hillsdale","T Data were subject to revision on May 19, 2026.",20677,21602,925,4.3,4.6,58.3,61.1,37069.6633065243,2025-09-01,"Sep-25",58.2740658348467,55.7787639694068
"283",2025,"Sep-25","061","Houghton","T Data were subject to revision on May 19, 2026.",17325,18110,785,4.3,4.6,58.3,61.1,31823.8241276505,2025-09-01,"Sep-25",56.9070515452758,54.4403461083326
"284",2025,"Sep-25","063","Huron","T Data were subject to revision on May 19, 2026.",13832,14491,659,4.5,4.6,58.3,61.1,25706.6086111147,2025-09-01,"Sep-25",56.3707185930958,53.80717545923
"285",2025,"Sep-25","065","Ingham","T Data were subject to revision on May 19, 2026.",148290,155017,6727,4.3,4.6,58.3,61.1,242661.803145303,2025-09-01,"Sep-25",63.881912188371,61.1097412439509
"286",2025,"Sep-25","067","Ionia","T Data were subject to revision on May 19, 2026.",30979,32266,1287,4,4.6,58.3,61.1,54583.913228963,2025-09-01,"Sep-25",59.1126544274205,56.754816881766
"287",2025,"Sep-25","069","Iosco","T Data were subject to revision on May 19, 2026.",9273,9870,597,6,4.6,58.3,61.1,21663.7433789241,2025-09-01,"Sep-25",45.5599931524401,42.804236727718
"288",2025,"Sep-25","071","Iron","T Data were subject to revision on May 19, 2026.",4107,4367,260,6,4.6,58.3,61.1,10029.1297042219,2025-09-01,"Sep-25",43.543160062649,40.9507117877947
"289",2025,"Sep-25","073","Isabella","T Data were subject to revision on May 19, 2026.",30217,31676,1459,4.6,4.6,58.3,61.1,54984.1238734133,2025-09-01,"Sep-25",57.6093566079653,54.955863386251
"290",2025,"Sep-25","075","Jackson","T Data were subject to revision on May 19, 2026.",70708,74130,3422,4.6,4.6,58.3,61.1,131848.175534731,2025-09-01,"Sep-25",56.2237586522181,53.6283492078921
"291",2025,"Sep-25","079","Kalkaska","T Data were subject to revision on May 19, 2026.",8542,8946,404,4.5,4.6,58.3,61.1,15657.5539704809,2025-09-01,"Sep-25",57.1353610970517,54.5551368758122
"292",2025,"Sep-25","081","Kent","T Data were subject to revision on May 19, 2026.",350662,364924,14262,3.9,4.6,58.3,61.1,540746.017937381,2025-09-01,"Sep-25",67.48528660312,64.847819192005
"293",2025,"Sep-25","083","Keweenaw","T Data were subject to revision on May 19, 2026.",918,963,45,4.7,4.6,58.3,61.1,1901.13609537155,2025-09-01,"Sep-25",50.6539222701884,48.2869165566282
"294",2025,"Sep-25","085","Lake","T Data were subject to revision on May 19, 2026.",4362,4649,287,6.2,4.6,58.3,61.1,11631.4547477628,2025-09-01,"Sep-25",39.9692050634868,37.5017579021143
"295",2025,"Sep-25","087","Lapeer","T Data were subject to revision on May 19, 2026.",40521,42339,1818,4.3,4.6,58.3,61.1,74478.4318579532,2025-09-01,"Sep-25",56.8473300844328,54.4063549529111
"296",2025,"Sep-25","089","Leelanau","T Data were subject to revision on May 19, 2026.",10724,11129,405,3.6,4.6,58.3,61.1,20116.7071521646,2025-09-01,"Sep-25",55.3221753233233,53.3089233684356
"297",2025,"Sep-25","091","Lenawee","T Data were subject to revision on May 19, 2026.",46968,49118,2150,4.4,4.6,58.3,61.1,80476.7553220196,2025-09-01,"Sep-25",61.0337727999337,58.3621939180603
"298",2025,"Sep-25","093","Livingston","T Data were subject to revision on May 19, 2026.",97103,100669,3566,3.5,4.6,58.3,61.1,164710.993284626,2025-09-01,"Sep-25",61.1185677364235,58.9535634893555
"299",2025,"Sep-25","095","Luce","T Data were subject to revision on May 19, 2026.",2150,2277,127,5.6,4.6,58.3,61.1,5487.99017109136,2025-09-01,"Sep-25",41.4905990902529,39.1764550039718
"300",2025,"Sep-25","097","Mackinac","T Data were subject to revision on May 19, 2026.",5691,5883,192,3.3,4.6,58.3,61.1,9742.803078286,2025-09-01,"Sep-25",60.3830330216934,58.4123475992618
"301",2025,"Sep-25","099","Macomb","T Data were subject to revision on May 19, 2026.",424814,445938,21124,4.7,4.6,58.3,61.1,730564.680492888,2025-09-01,"Sep-25",61.0401805489886,58.1487185656706
"302",2025,"Sep-25","101","Manistee","T Data were subject to revision on May 19, 2026.",10697,11279,582,5.2,4.6,58.3,61.1,22128.9048355235,2025-09-01,"Sep-25",50.9695354733229,48.3394911745842
"303",2025,"Sep-25","103","Marquette","T Data were subject to revision on May 19, 2026.",32665,34105,1440,4.2,4.6,58.3,61.1,58391.1918870008,2025-09-01,"Sep-25",58.4077818894334,55.9416565142455
"304",2025,"Sep-25","105","Mason","T Data were subject to revision on May 19, 2026.",12383,13041,658,5,4.6,58.3,61.1,24565.9264061609,2025-09-01,"Sep-25",53.0857244477026,50.407217685446
"305",2025,"Sep-25","107","Mecosta","T Data were subject to revision on May 19, 2026.",17002,17994,992,5.5,4.6,58.3,61.1,35492.8986185694,2025-09-01,"Sep-25",50.6974654095617,47.90254011856
"306",2025,"Sep-25","109","Menominee","T Data were subject to revision on May 19, 2026.",10795,11223,428,3.8,4.6,58.3,61.1,19747.6277157658,2025-09-01,"Sep-25",56.8321428859019,54.6647939457642
"307",2025,"Sep-25","111","Midland","T Data were subject to revision on May 19, 2026.",40376,42142,1766,4.2,4.6,58.3,61.1,69194.8794238111,2025-09-01,"Sep-25",60.9033505816013,58.3511386047823
"308",2025,"Sep-25","113","Missaukee","T Data were subject to revision on May 19, 2026.",6926,7227,301,4.2,4.6,58.3,61.1,12434.1501538738,2025-09-01,"Sep-25",58.1221869654557,55.7014344711147
"309",2025,"Sep-25","115","Monroe","T Data were subject to revision on May 19, 2026.",74030,77612,3582,4.6,4.6,58.3,61.1,128744.83938276,2025-09-01,"Sep-25",60.2835813630236,57.5013339213606
"310",2025,"Sep-25","117","Montcalm","T Data were subject to revision on May 19, 2026.",30556,31911,1355,4.2,4.6,58.3,61.1,57653.4212171936,2025-09-01,"Sep-25",55.3497074870613,52.9994566755867
"311",2025,"Sep-25","119","Montmorency","T Data were subject to revision on May 19, 2026.",3629,3845,216,5.6,4.6,58.3,61.1,8699.85995413171,2025-09-01,"Sep-25",44.1961137336923,41.7133151468321
"312",2025,"Sep-25","121","Muskegon","T Data were subject to revision on May 19, 2026.",80820,85320,4500,5.3,4.6,58.3,61.1,144288.150134987,2025-09-01,"Sep-25",59.1316749990763,56.0129157691672
"313",2025,"Sep-25","123","Newaygo","T Data were subject to revision on May 19, 2026.",22049,23141,1092,4.7,4.6,58.3,61.1,42359.0307469636,2025-09-01,"Sep-25",54.6306173487192,52.0526546787914
"314",2025,"Sep-25","125","Oakland","T Data were subject to revision on May 19, 2026.",655165,681928,26763,3.9,4.6,58.3,61.1,1077457.57106147,2025-09-01,"Sep-25",63.2904736404787,60.8065707269158
"315",2025,"Sep-25","127","Oceana","T Data were subject to revision on May 19, 2026.",11839,12482,643,5.2,4.6,58.3,61.1,22396.2254304129,2025-09-01,"Sep-25",55.7326056517098,52.8615861489018
"316",2025,"Sep-25","129","Ogemaw","T Data were subject to revision on May 19, 2026.",7356,7860,504,6.4,4.6,58.3,61.1,17898.2118875066,2025-09-01,"Sep-25",43.9150013945609,41.0990776410165
"317",2025,"Sep-25","131","Ontonagon","T Data were subject to revision on May 19, 2026.",2316,2460,144,5.9,4.6,58.3,61.1,5241.0229303522,2025-09-01,"Sep-25",46.9374019669608,44.1898467298704
"318",2025,"Sep-25","133","Osceola","T Data were subject to revision on May 19, 2026.",9699,10272,573,5.6,4.6,58.3,61.1,19215.2211779121,2025-09-01,"Sep-25",53.4576204192105,50.4756094670875
"319",2025,"Sep-25","135","Oscoda","T Data were subject to revision on May 19, 2026.",2383,2584,201,7.8,4.6,58.3,61.1,7231.10227808414,2025-09-01,"Sep-25",35.7345242900453,32.9548650863692
"320",2025,"Sep-25","137","Otsego","T Data were subject to revision on May 19, 2026.",11935,12504,569,4.6,4.6,58.3,61.1,21652.5235113958,2025-09-01,"Sep-25",57.7484651773688,55.1205959606443
"321",2025,"Sep-25","139","Ottawa","T Data were subject to revision on May 19, 2026.",158854,164871,6017,3.6,4.6,58.3,61.1,249722.882142879,2025-09-01,"Sep-25",66.0215830384614,63.6121122088891
"322",2025,"Sep-25","141","Presque Isle","T Data were subject to revision on May 19, 2026.",4553,4863,310,6.4,4.6,58.3,61.1,11536.4002009785,2025-09-01,"Sep-25",42.1535306965818,39.4663839731723
"323",2025,"Sep-25","143","Roscommon","T Data were subject to revision on May 19, 2026.",8628,9218,590,6.4,4.6,58.3,61.1,21229.2010991362,2025-09-01,"Sep-25",43.4213230962096,40.6421323143954
"324",2025,"Sep-25","145","Saginaw","T Data were subject to revision on May 19, 2026.",81607,86372,4765,5.5,4.6,58.3,61.1,152909.535404227,2025-09-01,"Sep-25",56.4856859787519,53.3694643596073
"325",2025,"Sep-25","151","Sanilac","T Data were subject to revision on May 19, 2026.",17954,18928,974,5.1,4.6,58.3,61.1,33216.8486209168,2025-09-01,"Sep-25",56.9831299049872,54.0508830470277
"326",2025,"Sep-25","153","Schoolcraft","T Data were subject to revision on May 19, 2026.",3392,3579,187,5.2,4.6,58.3,61.1,6996.28541879512,2025-09-01,"Sep-25",51.155717438074,48.4828705085071
"327",2025,"Sep-25","155","Shiawassee","T Data were subject to revision on May 19, 2026.",32909,34476,1567,4.5,4.6,58.3,61.1,55964.4444129956,2025-09-01,"Sep-25",61.6033990180992,58.8034069580759
"328",2025,"Sep-25","147","St. Clair","T Data were subject to revision on May 19, 2026.",72871,76281,3410,4.5,4.6,58.3,61.1,133244.914119092,2025-09-01,"Sep-25",57.2487141474092,54.6895170309232
"329",2025,"Sep-25","157","Tuscola","T Data were subject to revision on May 19, 2026.",23622,24951,1329,5.3,4.6,58.3,61.1,43855.3241824301,2025-09-01,"Sep-25",56.8938902291736,53.8634714036928
"330",2025,"Sep-25","161","Washtenaw","T Data were subject to revision on May 19, 2026.",199357,207243,7886,3.8,4.6,58.3,61.1,315977.336718501,2025-09-01,"Sep-25",65.587931765065,63.0921831516049
"331",2025,"Sep-25","163","Wayne","T Data were subject to revision on May 19, 2026.",766588,814888,48300,5.9,4.6,58.3,61.1,1402367.8101151,2025-09-01,"Sep-25",58.1080080505497,54.6638331592253
"332",2025,"Sep-25","165","Wexford","T Data were subject to revision on May 19, 2026.",14635,15380,745,4.8,4.6,58.3,61.1,28019.0239439341,2025-09-01,"Sep-25",54.8912768366782,52.2323690835361
"333",2025,"Oct-25","077","Kalamazoo","X Data unavailable due to the 2025 lapse in appropriations.",133965,139760,5795,4.15,4.7,58,60.9,217563.716282874,2025-10-01,"Oct-25e",64.2386526521203,61.5750651298032
"334",2025,"Oct-25","021","Berrien","X Data unavailable due to the 2025 lapse in appropriations.",72716.5,76170.5,3454,4.55,4.7,58,60.9,125145.652937761,2025-10-01,"Oct-25e",60.8654781144352,58.1054941126595
"335",2025,"Oct-25","023","Branch","X Data unavailable due to the 2025 lapse in appropriations.",21896.5,22779.5,883,3.9,4.7,58,60.9,37079.9422650956,2025-10-01,"Oct-25e",61.4334829249262,59.0521415687634
"336",2025,"Oct-25","025","Calhoun","X Data unavailable due to the 2025 lapse in appropriations.",60846,64029.5,3183.5,5,4.7,58,60.9,107788.047221488,2025-10-01,"Oct-25e",59.4031542926363,56.449672824085
"337",2025,"Oct-25","027","Cass","X Data unavailable due to the 2025 lapse in appropriations.",23081,24126,1045,4.35,4.7,58,60.9,42901.2912052566,2025-10-01,"Oct-25e",56.2360696431531,53.8002455207501
"338",2025,"Oct-25","149","St. Joseph","X Data unavailable due to the 2025 lapse in appropriations.",27137,28373,1236,4.35,4.7,58,60.9,48621.5608396464,2025-10-01,"Oct-25e",58.3547700033201,55.8126878927184
"339",2025,"Oct-25","159","Van Buren","X Data unavailable due to the 2025 lapse in appropriations.",34950.5,36604,1653.5,4.55,4.7,58,60.9,61367.9438765037,2025-10-01,"Oct-25e",59.6467759676967,56.9523725128123
"340",2025,"Oct-25","001","Alcona","X Data unavailable due to the 2025 lapse in appropriations.",3217,3476.5,259.5,7.5,4.7,58,60.9,9513.97316242766,2025-10-01,"Oct-25e",36.5409901904002,33.8134231101733
"341",2025,"Oct-25","003","Alger","X Data unavailable due to the 2025 lapse in appropriations.",3259.5,3484.5,225,6.5,4.7,58,60.9,7603.03264418721,2025-10-01,"Oct-25e",45.8303964098329,42.8710509679582
"342",2025,"Oct-25","005","Allegan","X Data unavailable due to the 2025 lapse in appropriations.",62228,64701,2473,3.8,4.7,58,60.9,99362.2332487227,2025-10-01,"Oct-25e",65.1162900475888,62.6274168418009
"343",2025,"Oct-25","007","Alpena","X Data unavailable due to the 2025 lapse in appropriations.",13098.5,13727,628.5,4.6,4.7,58,60.9,24260.3706866618,2025-10-01,"Oct-25e",56.5819878735282,53.9913432040074
"344",2025,"Oct-25","009","Antrim","X Data unavailable due to the 2025 lapse in appropriations.",10269,10794.5,525.5,4.9,4.7,58,60.9,21387.2132663122,2025-10-01,"Oct-25e",50.4717462045549,48.0146705984134
"345",2025,"Oct-25","011","Arenac","X Data unavailable due to the 2025 lapse in appropriations.",6253,6667.5,414.5,6.2,4.7,58,60.9,12719.1760960382,2025-10-01,"Oct-25e",52.4208482503581,49.1619893677524
"346",2025,"Oct-25","013","Baraga","X Data unavailable due to the 2025 lapse in appropriations.",3016.5,3193.5,177,5.55,4.7,58,60.9,6948.30186235797,2025-10-01,"Oct-25e",45.9608701991001,43.4134851904135
"347",2025,"Oct-25","015","Barry","X Data unavailable due to the 2025 lapse in appropriations.",29515.5,30830,1314.5,4.3,4.7,58,60.9,52775.2600873461,2025-10-01,"Oct-25e",58.4175235687604,55.926773172032
"348",2025,"Oct-25","017","Bay","X Data unavailable due to the 2025 lapse in appropriations.",47084,49578,2494,5,4.7,58,60.9,85640.3236521175,2025-10-01,"Oct-25e",57.8909535669114,54.9787740075125
"349",2025,"Oct-25","019","Benzie","X Data unavailable due to the 2025 lapse in appropriations.",8643.5,9046.5,403,4.45,4.7,58,60.9,16018.2807495241,2025-10-01,"Oct-25e",56.4760984119271,53.9602229175363
"350",2025,"Oct-25","029","Charlevoix","X Data unavailable due to the 2025 lapse in appropriations.",12765.5,13341.5,576,4.35,4.7,58,60.9,22355.024640043,2025-10-01,"Oct-25e",59.6800952574317,57.1034933110028
"351",2025,"Oct-25","031","Cheboygan","X Data unavailable due to the 2025 lapse in appropriations.",10552.5,11206.5,654,5.95,4.7,58,60.9,22836.7274639659,2025-10-01,"Oct-25e",49.0722675465772,46.2084596694111
"352",2025,"Oct-25","033","Chippewa","X Data unavailable due to the 2025 lapse in appropriations.",16639.5,17513,873.5,5,4.7,58,60.9,30564.8542856536,2025-10-01,"Oct-25e",57.2978357309565,54.4399781673757
"353",2025,"Oct-25","035","Clare","X Data unavailable due to the 2025 lapse in appropriations.",11413,12174,761,6.3,4.7,58,60.9,26343.125643028,2025-10-01,"Oct-25e",46.2131949145601,43.324395725306
"354",2025,"Oct-25","037","Clinton","X Data unavailable due to the 2025 lapse in appropriations.",41022.5,42583.5,1561,3.65,4.7,58,60.9,66020.3304860767,2025-10-01,"Oct-25e",64.5005859353894,62.1361627516412
"355",2025,"Oct-25","039","Crawford","X Data unavailable due to the 2025 lapse in appropriations.",5292,5617.5,325.5,5.8,4.7,58,60.9,11693.8280735992,2025-10-01,"Oct-25e",48.0381613672128,45.2546417365893
"356",2025,"Oct-25","041","Delta","X Data unavailable due to the 2025 lapse in appropriations.",15862.5,16696,833.5,5,4.7,58,60.9,30904.5165487844,2025-10-01,"Oct-25e",54.0244658855754,51.3274490961871
"357",2025,"Oct-25","043","Dickinson","X Data unavailable due to the 2025 lapse in appropriations.",11933.5,12440.5,507,4.1,4.7,58,60.9,21667.1957503534,2025-10-01,"Oct-25e",57.4162902451145,55.0763473847574
"358",2025,"Oct-25","045","Eaton","X Data unavailable due to the 2025 lapse in appropriations.",55360,57654,2294,4,4.7,58,60.9,90165.8493126685,2025-10-01,"Oct-25e",63.9421692797158,61.3979687675629
"359",2025,"Oct-25","047","Emmet","X Data unavailable due to the 2025 lapse in appropriations.",16810,17626,816,4.65,4.7,58,60.9,28934.3248212282,2025-10-01,"Oct-25e",60.9172673248915,58.0970874691607
"360",2025,"Oct-25","049","Genesee","X Data unavailable due to the 2025 lapse in appropriations.",177582,187983.5,10401.5,5.5,4.7,58,60.9,325352.035476268,2025-10-01,"Oct-25e",57.7784920647014,54.5814934706174
"361",2025,"Oct-25","051","Gladwin","X Data unavailable due to the 2025 lapse in appropriations.",9808.5,10401.5,593,5.7,4.7,58,60.9,21850.3301690509,2025-10-01,"Oct-25e",47.6033996718862,44.889481871047
"362",2025,"Oct-25","053","Gogebic","X Data unavailable due to the 2025 lapse in appropriations.",5418.5,5728,309.5,5.4,4.7,58,60.9,12241.0063011306,2025-10-01,"Oct-25e",46.7935385301693,44.265151628094
"363",2025,"Oct-25","055","Grand Traverse","X Data unavailable due to the 2025 lapse in appropriations.",51757.5,53623.5,1866,3.5,4.7,58,60.9,81253.675415323,2025-10-01,"Oct-25e",65.9951684965718,63.6986569966772
"364",2025,"Oct-25","057","Gratiot","X Data unavailable due to the 2025 lapse in appropriations.",16798,17607,809,4.6,4.7,58,60.9,34442.332633748,2025-10-01,"Oct-25e",51.1202309879208,48.7713773007947
"365",2025,"Oct-25","059","Hillsdale","X Data unavailable due to the 2025 lapse in appropriations.",20228,21155.5,927.5,4.4,4.7,58,60.9,37069.6633065243,2025-10-01,"Oct-25e",57.0695768803398,54.5675309558041
"366",2025,"Oct-25","061","Houghton","X Data unavailable due to the 2025 lapse in appropriations.",17260,18079.5,819.5,4.5,4.7,58,60.9,31823.8241276505,2025-10-01,"Oct-25e",56.8112113977258,54.2360966135538
"367",2025,"Oct-25","063","Huron","X Data unavailable due to the 2025 lapse in appropriations.",13512,14204.5,692.5,4.85,4.7,58,60.9,25706.6086111147,2025-10-01,"Oct-25e",55.2562191881602,52.5623593699476
"368",2025,"Oct-25","065","Ingham","X Data unavailable due to the 2025 lapse in appropriations.",147451.5,154131.5,6680,4.3,4.7,58,60.9,242661.803145303,2025-10-01,"Oct-25e",63.5170010286736,60.7641986043052
"369",2025,"Oct-25","067","Ionia","X Data unavailable due to the 2025 lapse in appropriations.",30615,31946,1331,4.15,4.7,58,60.9,54583.913228963,2025-10-01,"Oct-25e",58.5264011138157,56.0879537375404
"370",2025,"Oct-25","069","Iosco","X Data unavailable due to the 2025 lapse in appropriations.",9053.5,9672.5,619,6.4,4.7,58,60.9,21663.7433789241,2025-10-01,"Oct-25e",44.6483316886501,41.791023100873
"371",2025,"Oct-25","071","Iron","X Data unavailable due to the 2025 lapse in appropriations.",4020,4286.5,266.5,6.25,4.7,58,60.9,10029.1297042219,2025-10-01,"Oct-25e",42.7404981929345,40.0832387112089
"372",2025,"Oct-25","073","Isabella","X Data unavailable due to the 2025 lapse in appropriations.",29990,31514.5,1524.5,4.85,4.7,58,60.9,54984.1238734133,2025-10-01,"Oct-25e",57.3156354597083,54.543016942571
"373",2025,"Oct-25","075","Jackson","X Data unavailable due to the 2025 lapse in appropriations.",70093,73502,3409,4.65,4.7,58,60.9,131848.175534731,2025-10-01,"Oct-25e",55.7474532369532,53.1619036181023
"374",2025,"Oct-25","079","Kalkaska","X Data unavailable due to the 2025 lapse in appropriations.",8422,8835,413,4.65,4.7,58,60.9,15657.5539704809,2025-10-01,"Oct-25e",56.4264381055725,53.7887336417806
"375",2025,"Oct-25","081","Kent","X Data unavailable due to the 2025 lapse in appropriations.",347960.5,362044,14083.5,3.9,4.7,58,60.9,540746.017937381,2025-10-01,"Oct-25e",66.9526890611195,64.3482316018265
"376",2025,"Oct-25","083","Keweenaw","X Data unavailable due to the 2025 lapse in appropriations.",871.5,921.5,50,5.5,4.7,58,60.9,1901.13609537155,2025-10-01,"Oct-25e",48.4710170010163,45.841010652616
"377",2025,"Oct-25","085","Lake","X Data unavailable due to the 2025 lapse in appropriations.",4265.5,4548,282.5,6.25,4.7,58,60.9,11631.4547477628,2025-10-01,"Oct-25e",39.1008699997285,36.6721110342661
"378",2025,"Oct-25","087","Lapeer","X Data unavailable due to the 2025 lapse in appropriations.",40665,42613.5,1948.5,4.55,4.7,58,60.9,74478.4318579532,2025-10-01,"Oct-25e",57.215893161222,54.5996995177841
"379",2025,"Oct-25","089","Leelanau","X Data unavailable due to the 2025 lapse in appropriations.",10587.5,11008.5,421,3.8,4.7,58,60.9,20116.7071521646,2025-10-01,"Oct-25e",54.7231707293382,52.6303828947512
"380",2025,"Oct-25","091","Lenawee","X Data unavailable due to the 2025 lapse in appropriations.",46427.5,48603,2175.5,4.5,4.7,58,60.9,80476.7553220196,2025-10-01,"Oct-25e",60.3938364631129,57.6905714131056
"381",2025,"Oct-25","093","Livingston","X Data unavailable due to the 2025 lapse in appropriations.",97502,101241.5,3739.5,3.65,4.7,58,60.9,164710.993284626,2025-10-01,"Oct-25e",61.4661462365487,59.1958059724122
"382",2025,"Oct-25","095","Luce","X Data unavailable due to the 2025 lapse in appropriations.",2091,2232,141,6.35,4.7,58,60.9,5487.99017109136,2025-10-01,"Oct-25e",40.6706267762163,38.1013801922349
"383",2025,"Oct-25","097","Mackinac","X Data unavailable due to the 2025 lapse in appropriations.",4789.5,5104.5,315,6.7,4.7,58,60.9,9742.803078286,2025-10-01,"Oct-25e",52.3925194729278,49.1593637017509
"384",2025,"Oct-25","099","Macomb","X Data unavailable due to the 2025 lapse in appropriations.",426630,448278,21648,4.8,4.7,58,60.9,730564.680492888,2025-10-01,"Oct-25e",61.360480730818,58.3972934076374
"385",2025,"Oct-25","101","Manistee","X Data unavailable due to the 2025 lapse in appropriations.",10430.5,11015,584.5,5.35,4.7,58,60.9,22128.9048355235,2025-10-01,"Oct-25e",49.776525688328,47.1351839484435
"386",2025,"Oct-25","103","Marquette","X Data unavailable due to the 2025 lapse in appropriations.",32197.5,33687,1489.5,4.4,4.7,58,60.9,58391.1918870008,2025-10-01,"Oct-25e",57.6919204958025,55.1410220608425
"387",2025,"Oct-25","105","Mason","X Data unavailable due to the 2025 lapse in appropriations.",12117.5,12801,683.5,5.3,4.7,58,60.9,24565.9264061609,2025-10-01,"Oct-25e",52.1087614949039,49.3264524189124
"388",2025,"Oct-25","107","Mecosta","X Data unavailable due to the 2025 lapse in appropriations.",16841,17807.5,966.5,5.4,4.7,58,60.9,35492.8986185694,2025-10-01,"Oct-25e",50.1720081849933,47.4489282517744
"389",2025,"Oct-25","109","Menominee","X Data unavailable due to the 2025 lapse in appropriations.",10642.5,11095,452.5,4.05,4.7,58,60.9,19747.6277157658,2025-10-01,"Oct-25e",56.1839637636177,53.8925492883553
"390",2025,"Oct-25","111","Midland","X Data unavailable due to the 2025 lapse in appropriations.",40003.5,41781.5,1778,4.25,4.7,58,60.9,69194.8794238111,2025-10-01,"Oct-25e",60.3823582726301,57.8128039720727
"391",2025,"Oct-25","113","Missaukee","X Data unavailable due to the 2025 lapse in appropriations.",6788,7087.5,299.5,4.25,4.7,58,60.9,12434.1501538738,2025-10-01,"Oct-25e",57.0002767562844,54.5915878125797
"392",2025,"Oct-25","115","Monroe","X Data unavailable due to the 2025 lapse in appropriations.",73288.5,76937,3648.5,4.75,4.7,58,60.9,128744.83938276,2025-10-01,"Oct-25e",59.7592885034137,56.9253885059521
"393",2025,"Oct-25","117","Montcalm","X Data unavailable due to the 2025 lapse in appropriations.",30264,31633,1369,4.3,4.7,58,60.9,57653.4212171936,2025-10-01,"Oct-25e",54.8675158076591,52.49298196197
"394",2025,"Oct-25","119","Montmorency","X Data unavailable due to the 2025 lapse in appropriations.",3537,3777.5,240.5,6.35,4.7,58,60.9,8699.85995413171,2025-10-01,"Oct-25e",43.4202391752985,40.655826859836
"395",2025,"Oct-25","121","Muskegon","X Data unavailable due to the 2025 lapse in appropriations.",80069.5,84415,4345.5,5.15,4.7,58,60.9,144288.150134987,2025-10-01,"Oct-25e",58.5044578650612,55.492776035379
"396",2025,"Oct-25","123","Newaygo","X Data unavailable due to the 2025 lapse in appropriations.",21692.5,22785.5,1093,4.8,4.7,58,60.9,42359.0307469636,2025-10-01,"Oct-25e",53.7913630179872,51.2110395763836
"397",2025,"Oct-25","125","Oakland","X Data unavailable due to the 2025 lapse in appropriations.",658144.5,685986,27841.5,4.05,4.7,58,60.9,1077457.57106147,2025-10-01,"Oct-25e",63.6671010000138,61.0831013374961
"398",2025,"Oct-25","127","Oceana","X Data unavailable due to the 2025 lapse in appropriations.",11313.5,11970.5,657,5.55,4.7,58,60.9,22396.2254304129,2025-10-01,"Oct-25e",53.4487386599738,50.5152086236676
"399",2025,"Oct-25","129","Ogemaw","X Data unavailable due to the 2025 lapse in appropriations.",7271,7778.5,507.5,6.5,4.7,58,60.9,17898.2118875066,2025-10-01,"Oct-25e",43.4596486447318,40.6241698651212
"400",2025,"Oct-25","131","Ontonagon","X Data unavailable due to the 2025 lapse in appropriations.",2224,2380.5,156.5,6.6,4.7,58,60.9,5241.0229303522,2025-10-01,"Oct-25e",45.4205225131505,42.4344642172849
"401",2025,"Oct-25","133","Osceola","X Data unavailable due to the 2025 lapse in appropriations.",9557.5,10119,561.5,5.55,4.7,58,60.9,19215.2211779121,2025-10-01,"Oct-25e",52.6613766571253,49.7392140923486
"402",2025,"Oct-25","135","Oscoda","X Data unavailable due to the 2025 lapse in appropriations.",2236.5,2457,220.5,9.05,4.7,58,60.9,7231.10227808414,2025-10-01,"Oct-25e",33.9782222061306,30.928894572247
"403",2025,"Oct-25","137","Otsego","X Data unavailable due to the 2025 lapse in appropriations.",11730,12321,591,4.85,4.7,58,60.9,21652.5235113958,2025-10-01,"Oct-25e",56.9032981006366,54.1738240987313
"404",2025,"Oct-25","139","Ottawa","X Data unavailable due to the 2025 lapse in appropriations.",157568,163677.5,6109.5,3.7,4.7,58,60.9,249722.882142879,2025-10-01,"Oct-25e",65.5436532669649,63.097141378437
"405",2025,"Oct-25","141","Presque Isle","X Data unavailable due to the 2025 lapse in appropriations.",4436.5,4772.5,336,7.05,4.7,58,60.9,11536.4002009785,2025-10-01,"Oct-25e",41.369057217651,38.4565368980846
"406",2025,"Oct-25","143","Roscommon","X Data unavailable due to the 2025 lapse in appropriations.",8390.5,8988.5,598,6.65,4.7,58,60.9,21229.2010991362,2025-10-01,"Oct-25e",42.3402649870124,39.5233902623939
"407",2025,"Oct-25","145","Saginaw","X Data unavailable due to the 2025 lapse in appropriations.",80923,85580.5,4657.5,5.45,4.7,58,60.9,152909.535404227,2025-10-01,"Oct-25e",55.9680596594333,52.922141046387
"408",2025,"Oct-25","151","Sanilac","X Data unavailable due to the 2025 lapse in appropriations.",17644,18596,952,5.1,4.7,58,60.9,33216.8486209168,2025-10-01,"Oct-25e",55.983637136155,53.1176217267326
"409",2025,"Oct-25","153","Schoolcraft","X Data unavailable due to the 2025 lapse in appropriations.",3295.5,3501,205.5,5.85,4.7,58,60.9,6996.28541879512,2025-10-01,"Oct-25e",50.0408401091637,47.1035671464579
"410",2025,"Oct-25","155","Shiawassee","X Data unavailable due to the 2025 lapse in appropriations.",32578,34135,1557,4.55,4.7,58,60.9,55964.4444129956,2025-10-01,"Oct-25e",60.9940835793832,58.2119600072988
"411",2025,"Oct-25","147","St. Clair","X Data unavailable due to the 2025 lapse in appropriations.",73149,76819.5,3670.5,4.8,4.7,58,60.9,133244.914119092,2025-10-01,"Oct-25e",57.6528571524613,54.8981553882203
"412",2025,"Oct-25","157","Tuscola","X Data unavailable due to the 2025 lapse in appropriations.",23304,24577,1273,5.15,4.7,58,60.9,43855.3241824301,2025-10-01,"Oct-25e",56.0410861353212,53.1383599014333
"413",2025,"Oct-25","161","Washtenaw","X Data unavailable due to the 2025 lapse in appropriations.",197573.5,205579.5,8006,3.9,4.7,58,60.9,315977.336718501,2025-10-01,"Oct-25e",65.0614699569885,62.5277439362732
"414",2025,"Oct-25","163","Wayne","X Data unavailable due to the 2025 lapse in appropriations.",769218,819074.5,49856.5,6.05,4.7,58,60.9,1402367.8101151,2025-10-01,"Oct-25e",58.4065388617822,54.8513731170759
"415",2025,"Oct-25","165","Wexford","X Data unavailable due to the 2025 lapse in appropriations.",14423.5,15154,730.5,4.8,4.7,58,60.9,28019.0239439341,2025-10-01,"Oct-25e",54.0846820014968,51.4775248019394
"416",2025,"Nov-25","077","Kalamazoo","T Data were subject to revision on May 19, 2026.",133327,139053,5726,4.1,4.8,57.7,60.7,217563.716282874,2025-11-01,"Nov-25",63.913690378043,61.2818177028423
"417",2025,"Nov-25","021","Berrien","T Data were subject to revision on May 19, 2026.",71790,75219,3429,4.6,4.8,57.7,60.7,125145.652937761,2025-11-01,"Nov-25",60.1051640502518,57.3651567711293
"418",2025,"Nov-25","023","Branch","T Data were subject to revision on May 19, 2026.",21769,22653,884,3.9,4.8,57.7,60.7,37079.9422650956,2025-11-01,"Nov-25",61.0923281326787,58.7082899006878
"419",2025,"Nov-25","025","Calhoun","T Data were subject to revision on May 19, 2026.",60181,63327,3146,5,4.8,57.7,60.7,107788.047221488,2025-11-01,"Nov-25",58.751412269185,55.8327213001061
"420",2025,"Nov-25","027","Cass","T Data were subject to revision on May 19, 2026.",22797,23841,1044,4.4,4.8,57.7,60.7,42901.2912052566,2025-11-01,"Nov-25",55.5717539734068,53.1382607831783
"421",2025,"Nov-25","149","St. Joseph","T Data were subject to revision on May 19, 2026.",26838,28050,1212,4.3,4.8,57.7,60.7,48621.5608396464,2025-11-01,"Nov-25",57.6904556653554,55.1977343724352
"422",2025,"Nov-25","159","Van Buren","T Data were subject to revision on May 19, 2026.",34388,36073,1685,4.7,4.8,57.7,60.7,61367.9438765037,2025-11-01,"Nov-25",58.7815033734762,56.0357701884262
"423",2025,"Nov-25","001","Alcona","T Data were subject to revision on May 19, 2026.",3093,3364,271,8.1,4.8,57.7,60.7,9513.97316242766,2025-11-01,"Nov-25",35.3585189128452,32.5100769909127
"424",2025,"Nov-25","003","Alger","T Data were subject to revision on May 19, 2026.",3082,3338,256,7.7,4.8,57.7,60.7,7603.03264418721,2025-11-01,"Nov-25",43.9035337110123,40.5364562304793
"425",2025,"Nov-25","005","Allegan","T Data were subject to revision on May 19, 2026.",61367,63857,2490,3.9,4.8,57.7,60.7,99362.2332487227,2025-11-01,"Nov-25",64.2668727464626,61.7608904244198
"426",2025,"Nov-25","007","Alpena","T Data were subject to revision on May 19, 2026.",12881,13532,651,4.8,4.8,57.7,60.7,24260.3706866618,2025-11-01,"Nov-25",55.7782079044645,53.0948193923594
"427",2025,"Nov-25","009","Antrim","T Data were subject to revision on May 19, 2026.",9901,10464,563,5.4,4.8,57.7,60.7,21387.2132663122,2025-11-01,"Nov-25",48.9264303380853,46.2940163204685
"428",2025,"Nov-25","011","Arenac","T Data were subject to revision on May 19, 2026.",6068,6507,439,6.7,4.8,57.7,60.7,12719.1760960382,2025-11-01,"Nov-25",51.1589740630042,47.7074926408959
"429",2025,"Nov-25","013","Baraga","T Data were subject to revision on May 19, 2026.",2956,3139,183,5.8,4.8,57.7,60.7,6948.30186235797,2025-11-01,"Nov-25",45.1765058885158,42.5427688456364
"430",2025,"Nov-25","015","Barry","T Data were subject to revision on May 19, 2026.",29230,30562,1332,4.4,4.8,57.7,60.7,52775.2600873461,2025-11-01,"Nov-25",57.9097098705305,55.3857999972386
"431",2025,"Nov-25","017","Bay","T Data were subject to revision on May 19, 2026.",46595,49053,2458,5,4.8,57.7,60.7,85640.3236521175,2025-11-01,"Nov-25",57.2779245898928,54.4077813032038
"432",2025,"Nov-25","019","Benzie","T Data were subject to revision on May 19, 2026.",8530,8953,423,4.7,4.8,57.7,60.7,16018.2807495241,2025-11-01,"Nov-25",55.8923903257595,53.2516574867339
"433",2025,"Nov-25","029","Charlevoix","T Data were subject to revision on May 19, 2026.",12262,12879,617,4.8,4.8,57.7,60.7,22355.024640043,2025-11-01,"Nov-25",57.6112091459328,54.8512032415116
"434",2025,"Nov-25","031","Cheboygan","T Data were subject to revision on May 19, 2026.",9864,10671,807,7.6,4.8,57.7,60.7,22836.7274639659,2025-11-01,"Nov-25",46.7273606379802,43.1935793583578
"435",2025,"Nov-25","033","Chippewa","T Data were subject to revision on May 19, 2026.",16422,17342,920,5.3,4.8,57.7,60.7,30564.8542856536,2025-11-01,"Nov-25",56.7383696252069,53.7283765416415
"436",2025,"Nov-25","035","Clare","T Data were subject to revision on May 19, 2026.",11261,12038,777,6.5,4.8,57.7,60.7,26343.125643028,2025-11-01,"Nov-25",45.6969311961126,42.7473950988058
"437",2025,"Nov-25","037","Clinton","T Data were subject to revision on May 19, 2026.",40744,42316,1572,3.7,4.8,57.7,60.7,66020.3304860767,2025-11-01,"Nov-25",64.0954077152404,61.7143229972056
"438",2025,"Nov-25","039","Crawford","T Data were subject to revision on May 19, 2026.",5129,5478,349,6.4,4.8,57.7,60.7,11693.8280735992,2025-11-01,"Nov-25",46.8452243826599,43.8607440413769
"439",2025,"Nov-25","041","Delta","T Data were subject to revision on May 19, 2026.",15639,16520,881,5.3,4.8,57.7,60.7,30904.5165487844,2025-11-01,"Nov-25",53.4549698388659,50.6042538323259
"440",2025,"Nov-25","043","Dickinson","T Data were subject to revision on May 19, 2026.",11719,12240,521,4.3,4.8,57.7,60.7,21667.1957503534,2025-11-01,"Nov-25",56.4909282263737,54.0863715592216
"441",2025,"Nov-25","045","Eaton","T Data were subject to revision on May 19, 2026.",55021,57294,2273,4,4.8,57.7,60.7,90165.8493126685,2025-11-01,"Nov-25",63.5429050319499,61.0219949342499
"442",2025,"Nov-25","047","Emmet","T Data were subject to revision on May 19, 2026.",16241,17138,897,5.2,4.8,57.7,60.7,28934.3248212282,2025-11-01,"Nov-25",59.2306891758761,56.1305649962308
"443",2025,"Nov-25","049","Genesee","T Data were subject to revision on May 19, 2026.",176268,186374,10106,5.4,4.8,57.7,60.7,325352.035476268,2025-11-01,"Nov-25",57.283797142125,54.1776232449166
"444",2025,"Nov-25","051","Gladwin","T Data were subject to revision on May 19, 2026.",9674,10279,605,5.9,4.8,57.7,60.7,21850.3301690509,2025-11-01,"Nov-25",47.0427674111732,44.2739305317336
"445",2025,"Nov-25","053","Gogebic","T Data were subject to revision on May 19, 2026.",5392,5706,314,5.5,4.8,57.7,60.7,12241.0063011306,2025-11-01,"Nov-25",46.6138147439152,44.0486661582879
"446",2025,"Nov-25","055","Grand Traverse","T Data were subject to revision on May 19, 2026.",51126,53033,1907,3.6,4.8,57.7,60.7,81253.675415323,2025-11-01,"Nov-25",65.2684321403619,62.9214613845745
"447",2025,"Nov-25","057","Gratiot","T Data were subject to revision on May 19, 2026.",16610,17436,826,4.7,4.8,57.7,60.7,34442.332633748,2025-11-01,"Nov-25",50.6237489353886,48.2255373833909
"448",2025,"Nov-25","059","Hillsdale","T Data were subject to revision on May 19, 2026.",19779,20709,930,4.5,4.8,57.7,60.7,37069.6633065243,2025-11-01,"Nov-25",55.8650879258328,53.3562979422013
"449",2025,"Nov-25","061","Houghton","T Data were subject to revision on May 19, 2026.",17195,18049,854,4.7,4.8,57.7,60.7,31823.8241276505,2025-11-01,"Nov-25",56.7153712501757,54.0318471187751
"450",2025,"Nov-25","063","Huron","T Data were subject to revision on May 19, 2026.",13192,13918,726,5.2,4.8,57.7,60.7,25706.6086111147,2025-11-01,"Nov-25",54.1417197832246,51.3175432806652
"451",2025,"Nov-25","065","Ingham","T Data were subject to revision on May 19, 2026.",146613,153246,6633,4.3,4.8,57.7,60.7,242661.803145303,2025-11-01,"Nov-25",63.1520898689763,60.4186559646596
"452",2025,"Nov-25","067","Ionia","T Data were subject to revision on May 19, 2026.",30251,31626,1375,4.3,4.8,57.7,60.7,54583.913228963,2025-11-01,"Nov-25",57.9401478002108,55.4210905933149
"453",2025,"Nov-25","069","Iosco","T Data were subject to revision on May 19, 2026.",8834,9475,641,6.8,4.8,57.7,60.7,21663.7433789241,2025-11-01,"Nov-25",43.7366702248602,40.7778094740279
"454",2025,"Nov-25","071","Iron","T Data were subject to revision on May 19, 2026.",3933,4206,273,6.5,4.8,57.7,60.7,10029.1297042219,2025-11-01,"Nov-25",41.93783632322,39.215765634623
"455",2025,"Nov-25","073","Isabella","T Data were subject to revision on May 19, 2026.",29763,31353,1590,5.1,4.8,57.7,60.7,54984.1238734133,2025-11-01,"Nov-25",57.0219143114514,54.1301704988909
"456",2025,"Nov-25","075","Jackson","T Data were subject to revision on May 19, 2026.",69478,72874,3396,4.7,4.8,57.7,60.7,131848.175534731,2025-11-01,"Nov-25",55.2711478216882,52.6954580283126
"457",2025,"Nov-25","079","Kalkaska","T Data were subject to revision on May 19, 2026.",8302,8724,422,4.8,4.8,57.7,60.7,15657.5539704809,2025-11-01,"Nov-25",55.7175151140934,53.0223304077491
"458",2025,"Nov-25","081","Kent","T Data were subject to revision on May 19, 2026.",345259,359164,13905,3.9,4.8,57.7,60.7,540746.017937381,2025-11-01,"Nov-25",66.420091519119,63.8486440116479
"459",2025,"Nov-25","083","Keweenaw","T Data were subject to revision on May 19, 2026.",825,880,55,6.3,4.8,57.7,60.7,1901.13609537155,2025-11-01,"Nov-25",46.2881117318441,43.3951047486038
"460",2025,"Nov-25","085","Lake","T Data were subject to revision on May 19, 2026.",4169,4447,278,6.3,4.8,57.7,60.7,11631.4547477628,2025-11-01,"Nov-25",38.2325349359703,35.8424641664178
"461",2025,"Nov-25","087","Lapeer","T Data were subject to revision on May 19, 2026.",40809,42888,2079,4.8,4.8,57.7,60.7,74478.4318579532,2025-11-01,"Nov-25",57.5844562380111,54.7930440826571
"462",2025,"Nov-25","089","Leelanau","T Data were subject to revision on May 19, 2026.",10451,10888,437,4,4.8,57.7,60.7,20116.7071521646,2025-11-01,"Nov-25",54.1241661353531,51.9518424210668
"463",2025,"Nov-25","091","Lenawee","T Data were subject to revision on May 19, 2026.",45887,48088,2201,4.6,4.8,57.7,60.7,80476.7553220196,2025-11-01,"Nov-25",59.753900126292,57.018948908151
"464",2025,"Nov-25","093","Livingston","T Data were subject to revision on May 19, 2026.",97901,101814,3913,3.8,4.8,57.7,60.7,164710.993284626,2025-11-01,"Nov-25",61.8137247366738,59.4380484554689
"465",2025,"Nov-25","095","Luce","T Data were subject to revision on May 19, 2026.",2032,2187,155,7.1,4.8,57.7,60.7,5487.99017109136,2025-11-01,"Nov-25",39.8506544621797,37.026305380498
"466",2025,"Nov-25","097","Mackinac","T Data were subject to revision on May 19, 2026.",3888,4326,438,10.1,4.8,57.7,60.7,9742.803078286,2025-11-01,"Nov-25",44.4020059241621,39.90637980424
"467",2025,"Nov-25","099","Macomb","T Data were subject to revision on May 19, 2026.",428446,450618,22172,4.9,4.8,57.7,60.7,730564.680492888,2025-11-01,"Nov-25",61.6807809126473,58.6458682496041
"468",2025,"Nov-25","101","Manistee","T Data were subject to revision on May 19, 2026.",10164,10751,587,5.5,4.8,57.7,60.7,22128.9048355235,2025-11-01,"Nov-25",48.5835159033331,45.9308767223028
"469",2025,"Nov-25","103","Marquette","T Data were subject to revision on May 19, 2026.",31730,33269,1539,4.6,4.8,57.7,60.7,58391.1918870008,2025-11-01,"Nov-25",56.9760591021716,54.3403876074395
"470",2025,"Nov-25","105","Mason","T Data were subject to revision on May 19, 2026.",11852,12561,709,5.6,4.8,57.7,60.7,24565.9264061609,2025-11-01,"Nov-25",51.1317985421051,48.2456871523788
"471",2025,"Nov-25","107","Mecosta","T Data were subject to revision on May 19, 2026.",16680,17621,941,5.3,4.8,57.7,60.7,35492.8986185694,2025-11-01,"Nov-25",49.646550960425,46.9953163849888
"472",2025,"Nov-25","109","Menominee","T Data were subject to revision on May 19, 2026.",10490,10967,477,4.3,4.8,57.7,60.7,19747.6277157658,2025-11-01,"Nov-25",55.5357846413335,53.1203046309464
"473",2025,"Nov-25","111","Midland","T Data were subject to revision on May 19, 2026.",39631,41421,1790,4.3,4.8,57.7,60.7,69194.8794238111,2025-11-01,"Nov-25",59.8613659636588,57.2744693393632
"474",2025,"Nov-25","113","Missaukee","T Data were subject to revision on May 19, 2026.",6650,6948,298,4.3,4.8,57.7,60.7,12434.1501538738,2025-11-01,"Nov-25",55.8783665471131,53.4817411540446
"475",2025,"Nov-25","115","Monroe","T Data were subject to revision on May 19, 2026.",72547,76262,3715,4.9,4.8,57.7,60.7,128744.83938276,2025-11-01,"Nov-25",59.2349956438039,56.3494430905436
"476",2025,"Nov-25","117","Montcalm","T Data were subject to revision on May 19, 2026.",29972,31355,1383,4.4,4.8,57.7,60.7,57653.4212171936,2025-11-01,"Nov-25",54.385324128257,51.9865072483533
"477",2025,"Nov-25","119","Montmorency","T Data were subject to revision on May 19, 2026.",3445,3710,265,7.1,4.8,57.7,60.7,8699.85995413171,2025-11-01,"Nov-25",42.6443646169046,39.59833857284
"478",2025,"Nov-25","121","Muskegon","T Data were subject to revision on May 19, 2026.",79319,83510,4191,5,4.8,57.7,60.7,144288.150134987,2025-11-01,"Nov-25",57.8772407310462,54.9726363015908
"479",2025,"Nov-25","123","Newaygo","T Data were subject to revision on May 19, 2026.",21336,22430,1094,4.9,4.8,57.7,60.7,42359.0307469636,2025-11-01,"Nov-25",52.9521086872552,50.3694244739758
"480",2025,"Nov-25","125","Oakland","T Data were subject to revision on May 19, 2026.",661124,690044,28920,4.2,4.8,57.7,60.7,1077457.57106147,2025-11-01,"Nov-25",64.0437283595489,61.3596319480764
"481",2025,"Nov-25","127","Oceana","T Data were subject to revision on May 19, 2026.",10788,11459,671,5.9,4.8,57.7,60.7,22396.2254304129,2025-11-01,"Nov-25",51.1648716682377,48.1688310984334
"482",2025,"Nov-25","129","Ogemaw","T Data were subject to revision on May 19, 2026.",7186,7697,511,6.6,4.8,57.7,60.7,17898.2118875066,2025-11-01,"Nov-25",43.0042958949027,40.1492620892258
"483",2025,"Nov-25","131","Ontonagon","T Data were subject to revision on May 19, 2026.",2132,2301,169,7.3,4.8,57.7,60.7,5241.0229303522,2025-11-01,"Nov-25",43.9036430593402,40.6790817046994
"484",2025,"Nov-25","133","Osceola","T Data were subject to revision on May 19, 2026.",9416,9966,550,5.5,4.8,57.7,60.7,19215.2211779121,2025-11-01,"Nov-25",51.8651328950401,49.0028187176096
"485",2025,"Nov-25","135","Oscoda","T Data were subject to revision on May 19, 2026.",2090,2330,240,10.3,4.8,57.7,60.7,7231.10227808414,2025-11-01,"Nov-25",32.2219201222158,28.9029240581249
"486",2025,"Nov-25","137","Otsego","T Data were subject to revision on May 19, 2026.",11525,12138,613,5.1,4.8,57.7,60.7,21652.5235113958,2025-11-01,"Nov-25",56.0581310239045,53.2270522368182
"487",2025,"Nov-25","139","Ottawa","T Data were subject to revision on May 19, 2026.",156282,162484,6202,3.8,4.8,57.7,60.7,249722.882142879,2025-11-01,"Nov-25",65.0657234954684,62.582170547985
"488",2025,"Nov-25","141","Presque Isle","T Data were subject to revision on May 19, 2026.",4320,4682,362,7.7,4.8,57.7,60.7,11536.4002009785,2025-11-01,"Nov-25",40.5845837387202,37.4466898229968
"489",2025,"Nov-25","143","Roscommon","T Data were subject to revision on May 19, 2026.",8153,8759,606,6.9,4.8,57.7,60.7,21229.2010991362,2025-11-01,"Nov-25",41.2592068778151,38.4046482103924
"490",2025,"Nov-25","145","Saginaw","T Data were subject to revision on May 19, 2026.",80239,84789,4550,5.4,4.8,57.7,60.7,152909.535404227,2025-11-01,"Nov-25",55.4504333401148,52.4748177331667
"491",2025,"Nov-25","151","Sanilac","T Data were subject to revision on May 19, 2026.",17334,18264,930,5.1,4.8,57.7,60.7,33216.8486209168,2025-11-01,"Nov-25",54.9841443673228,52.1843604064375
"492",2025,"Nov-25","153","Schoolcraft","T Data were subject to revision on May 19, 2026.",3199,3423,224,6.5,4.8,57.7,60.7,6996.28541879512,2025-11-01,"Nov-25",48.9259627802535,45.7242637844087
"493",2025,"Nov-25","155","Shiawassee","T Data were subject to revision on May 19, 2026.",32247,33794,1547,4.6,4.8,57.7,60.7,55964.4444129956,2025-11-01,"Nov-25",60.3847681406672,57.6205130565217
"494",2025,"Nov-25","147","St. Clair","T Data were subject to revision on May 19, 2026.",73427,77358,3931,5.1,4.8,57.7,60.7,133244.914119092,2025-11-01,"Nov-25",58.0570001575134,55.1067937455174
"495",2025,"Nov-25","157","Tuscola","T Data were subject to revision on May 19, 2026.",22986,24203,1217,5,4.8,57.7,60.7,43855.3241824301,2025-11-01,"Nov-25",55.1882820414688,52.4132483991738
"496",2025,"Nov-25","161","Washtenaw","T Data were subject to revision on May 19, 2026.",195790,203916,8126,4,4.8,57.7,60.7,315977.336718501,2025-11-01,"Nov-25",64.5350081489121,61.9633047209414
"497",2025,"Nov-25","163","Wayne","T Data were subject to revision on May 19, 2026.",771848,823261,51413,6.2,4.8,57.7,60.7,1402367.8101151,2025-11-01,"Nov-25",58.7050696730147,55.0389130749265
"498",2025,"Nov-25","165","Wexford","T Data were subject to revision on May 19, 2026.",14212,14928,716,4.8,4.8,57.7,60.7,28019.0239439341,2025-11-01,"Nov-25",53.2780871663154,50.7226805203426
"499",2025,"Dec-25","077","Kalamazoo","T Data were subject to revision on May 19, 2026.",130441,136087,5646,4.1,4.8,57.1,60,217563.716282874,2025-12-01,"Dec-25",62.5504115875007,59.9553097495365
"500",2025,"Dec-25","021","Berrien","T Data were subject to revision on May 19, 2026.",70411,73918,3507,4.7,4.8,57.1,60,125145.652937761,2025-12-01,"Dec-25",59.0655754033756,56.263240749575
"501",2025,"Dec-25","023","Branch","T Data were subject to revision on May 19, 2026.",21326,22216,890,4,4.8,57.1,60,37079.9422650956,2025-12-01,"Dec-25",59.9137933958235,57.5135739088644
"502",2025,"Dec-25","025","Calhoun","T Data were subject to revision on May 19, 2026.",59313,62479,3166,5.1,4.8,57.1,60,107788.047221488,2025-12-01,"Dec-25",57.9646831077804,55.0274372056495
"503",2025,"Dec-25","027","Cass","T Data were subject to revision on May 19, 2026.",22367,23463,1096,4.7,4.8,57.1,60,42901.2912052566,2025-12-01,"Dec-25",54.6906616114275,52.1359599481226
"504",2025,"Dec-25","149","St. Joseph","T Data were subject to revision on May 19, 2026.",26431,27590,1159,4.2,4.8,57.1,60,48621.5608396464,2025-12-01,"Dec-25",56.7443733264583,54.360657172585
"505",2025,"Dec-25","159","Van Buren","T Data were subject to revision on May 19, 2026.",33564,35466,1902,5.4,4.8,57.1,60,61367.9438765037,2025-12-01,"Dec-25",57.7923876207609,54.6930496279033
"506",2025,"Dec-25","001","Alcona","T Data were subject to revision on May 19, 2026.",2957,3270,313,9.6,4.8,57.1,60,9513.97316242766,2025-12-01,"Dec-25",34.3704984675992,31.0806006020461
"507",2025,"Dec-25","003","Alger","T Data were subject to revision on May 19, 2026.",3023,3331,308,9.2,4.8,57.1,60,7603.03264418721,2025-12-01,"Dec-25",43.811465186154,39.7604500923877
"508",2025,"Dec-25","005","Allegan","T Data were subject to revision on May 19, 2026.",59830,62476,2646,4.2,4.8,57.1,60,99362.2332487227,2025-12-01,"Dec-25",62.8770086554019,60.2140250312551
"509",2025,"Dec-25","007","Alpena","T Data were subject to revision on May 19, 2026.",12723,13417,694,5.2,4.8,57.1,60,24260.3706866618,2025-12-01,"Dec-25",55.3041838201448,52.4435515199898
"510",2025,"Dec-25","009","Antrim","T Data were subject to revision on May 19, 2026.",9612,10235,623,6.1,4.8,57.1,60,21387.2132663122,2025-12-01,"Dec-25",47.8556971053424,44.9427416293651
"511",2025,"Dec-25","011","Arenac","T Data were subject to revision on May 19, 2026.",5899,6399,500,7.8,4.8,57.1,60,12719.1760960382,2025-12-01,"Dec-25",50.3098624602987,46.3787902255512
"512",2025,"Dec-25","013","Baraga","T Data were subject to revision on May 19, 2026.",2934,3146,212,6.7,4.8,57.1,60,6948.30186235797,2025-12-01,"Dec-25",45.2772499284073,42.2261447202629
"513",2025,"Dec-25","015","Barry","T Data were subject to revision on May 19, 2026.",28592,30002,1410,4.7,4.8,57.1,60,52775.2600873461,2025-12-01,"Dec-25",56.8486066204979,54.1769002230943
"514",2025,"Dec-25","017","Bay","T Data were subject to revision on May 19, 2026.",45628,48396,2768,5.7,4.8,57.1,60,85640.3236521175,2025-12-01,"Dec-25",56.5107626129381,53.2786403112476
"515",2025,"Dec-25","019","Benzie","T Data were subject to revision on May 19, 2026.",8346,8850,504,5.7,4.8,57.1,60,16018.2807495241,2025-12-01,"Dec-25",55.2493750008904,52.1029699160939
"516",2025,"Dec-25","029","Charlevoix","T Data were subject to revision on May 19, 2026.",12177,12837,660,5.1,4.8,57.1,60,22355.024640043,2025-12-01,"Dec-25",57.4233319206724,54.4709755237226
"517",2025,"Dec-25","031","Cheboygan","T Data were subject to revision on May 19, 2026.",9539,10690,1151,10.8,4.8,57.1,60,22836.7274639659,2025-12-01,"Dec-25",46.8105599493963,41.7704332420291
"518",2025,"Dec-25","033","Chippewa","T Data were subject to revision on May 19, 2026.",16079,17270,1191,6.9,4.8,57.1,60,30564.8542856536,2025-12-01,"Dec-25",56.5028049491018,52.6061725985296
"519",2025,"Dec-25","035","Clare","T Data were subject to revision on May 19, 2026.",10994,11840,846,7.1,4.8,57.1,60,26343.125643028,2025-12-01,"Dec-25",44.9453119589611,41.7338479456772
"520",2025,"Dec-25","037","Clinton","T Data were subject to revision on May 19, 2026.",39883,41503,1620,3.9,4.8,57.1,60,66020.3304860767,2025-12-01,"Dec-25",62.8639688629743,60.410179268053
"521",2025,"Dec-25","039","Crawford","T Data were subject to revision on May 19, 2026.",4991,5379,388,7.2,4.8,57.1,60,11693.8280735992,2025-12-01,"Dec-25",45.9986239420094,42.6806343362277
"522",2025,"Dec-25","041","Delta","T Data were subject to revision on May 19, 2026.",15399,16477,1078,6.5,4.8,57.1,60,30904.5165487844,2025-12-01,"Dec-25",53.3158316001812,49.8276683140857
"523",2025,"Dec-25","043","Dickinson","T Data were subject to revision on May 19, 2026.",11538,12116,578,4.8,4.8,57.1,60,21667.1957503534,2025-12-01,"Dec-25",55.9186345090476,53.2510073428022
"524",2025,"Dec-25","045","Eaton","T Data were subject to revision on May 19, 2026.",54007,56449,2442,4.3,4.8,57.1,60,90165.8493126685,2025-12-01,"Dec-25",62.6057431170548,59.8974006363758
"525",2025,"Dec-25","047","Emmet","T Data were subject to revision on May 19, 2026.",16205,17251,1046,6.1,4.8,57.1,60,28934.3248212282,2025-12-01,"Dec-25",59.6212287882505,56.0061452967132
"526",2025,"Dec-25","049","Genesee","T Data were subject to revision on May 19, 2026.",173030,183702,10672,5.8,4.8,57.1,60,325352.035476268,2025-12-01,"Dec-25",56.4625328779908,53.1823935715384
"527",2025,"Dec-25","051","Gladwin","T Data were subject to revision on May 19, 2026.",9431,10091,660,6.5,4.8,57.1,60,21850.3301690509,2025-12-01,"Dec-25",46.1823685130994,43.1618191900743
"528",2025,"Dec-25","053","Gogebic","T Data were subject to revision on May 19, 2026.",5390,5724,334,5.8,4.8,57.1,60,12241.0063011306,2025-12-01,"Dec-25",46.7608614781231,44.0323276322648
"529",2025,"Dec-25","055","Grand Traverse","T Data were subject to revision on May 19, 2026.",49983,51919,1936,3.7,4.8,57.1,60,81253.675415323,2025-12-01,"Dec-25",63.8974172363518,61.5147557873721
"530",2025,"Dec-25","057","Gratiot","T Data were subject to revision on May 19, 2026.",16296,17216,920,5.3,4.8,57.1,60,34442.332633748,2025-12-01,"Dec-25",49.9850000958735,47.3138685851739
"531",2025,"Dec-25","059","Hillsdale","T Data were subject to revision on May 19, 2026.",19297,20276,979,4.8,4.8,57.1,60,37069.6633065243,2025-12-01,"Dec-25",54.6970168904431,52.0560433485343
"532",2025,"Dec-25","061","Houghton","T Data were subject to revision on May 19, 2026.",16426,17346,920,5.3,4.8,57.1,60,31823.8241276505,2025-12-01,"Dec-25",54.5063344066457,51.6154184805467
"533",2025,"Dec-25","063","Huron","T Data were subject to revision on May 19, 2026.",12788,13596,808,5.9,4.8,57.1,60,25706.6086111147,2025-12-01,"Dec-25",52.8891235933842,49.7459629679463
"534",2025,"Dec-25","065","Ingham","T Data were subject to revision on May 19, 2026.",143929,150803,6874,4.6,4.8,57.1,60,242661.803145303,2025-12-01,"Dec-25",62.1453389224595,59.3125898408565
"535",2025,"Dec-25","067","Ionia","T Data were subject to revision on May 19, 2026.",29572,30960,1388,4.5,4.8,57.1,60,54583.913228963,2025-12-01,"Dec-25",56.7200080912707,54.1771343435096
"536",2025,"Dec-25","069","Iosco","T Data were subject to revision on May 19, 2026.",8541,9296,755,8.1,4.8,57.1,60,21663.7433789241,2025-12-01,"Dec-25",42.9104048981847,39.4253193024307
"537",2025,"Dec-25","071","Iron","T Data were subject to revision on May 19, 2026.",3794,4128,334,8.1,4.8,57.1,60,10029.1297042219,2025-12-01,"Dec-25",41.1601018407637,37.8298029030663
"538",2025,"Dec-25","073","Isabella","T Data were subject to revision on May 19, 2026.",29073,30677,1604,5.2,4.8,57.1,60,54984.1238734133,2025-12-01,"Dec-25",55.7924685144131,52.8752628066477
"539",2025,"Dec-25","075","Jackson","T Data were subject to revision on May 19, 2026.",68407,71922,3515,4.9,4.8,57.1,60,131848.175534731,2025-12-01,"Dec-25",54.5491052176559,51.8831600987763
"540",2025,"Dec-25","079","Kalkaska","T Data were subject to revision on May 19, 2026.",8132,8632,500,5.8,4.8,57.1,60,15657.5539704809,2025-12-01,"Dec-25",55.1299393013358,51.9365924928711
"541",2025,"Dec-25","081","Kent","T Data were subject to revision on May 19, 2026.",338432,352165,13733,3.9,4.8,57.1,60,540746.017937381,2025-12-01,"Dec-25",65.1257685342366,62.5861289355238
"542",2025,"Dec-25","083","Keweenaw","T Data were subject to revision on May 19, 2026.",777,838,61,7.3,4.8,57.1,60,1901.13609537155,2025-12-01,"Dec-25",44.0789063991879,40.8702986541396
"543",2025,"Dec-25","085","Lake","T Data were subject to revision on May 19, 2026.",4079,4363,284,6.5,4.8,57.1,60,11631.4547477628,2025-12-01,"Dec-25",37.5103552789832,35.0687002482174
"544",2025,"Dec-25","087","Lapeer","T Data were subject to revision on May 19, 2026.",40767,43133,2366,5.5,4.8,57.1,60,74478.4318579532,2025-12-01,"Dec-25",57.9134105324131,54.7366519179024
"545",2025,"Dec-25","089","Leelanau","T Data were subject to revision on May 19, 2026.",10134,10569,435,4.1,4.8,57.1,60,20116.7071521646,2025-12-01,"Dec-25",52.5384195338489,50.376037804525
"546",2025,"Dec-25","091","Lenawee","T Data were subject to revision on May 19, 2026.",44986,47281,2295,4.9,4.8,57.1,60,80476.7553220196,2025-12-01,"Dec-25",58.7511260994679,55.8993709674217
"547",2025,"Dec-25","093","Livingston","T Data were subject to revision on May 19, 2026.",97928,101547,3619,3.6,4.8,57.1,60,164710.993284626,2025-12-01,"Dec-25",61.6516226239517,59.4544408039464
"548",2025,"Dec-25","095","Luce","T Data were subject to revision on May 19, 2026.",2011,2169,158,7.3,4.8,57.1,60,5487.99017109136,2025-12-01,"Dec-25",39.522665536565,36.6436516339476
"549",2025,"Dec-25","097","Mackinac","T Data were subject to revision on May 19, 2026.",3622,4297,675,15.7,4.8,57.1,60,9742.803078286,2025-12-01,"Dec-25",44.1043503134823,37.1761593752462
"550",2025,"Dec-25","099","Macomb","T Data were subject to revision on May 19, 2026.",428935,449613,20678,4.6,4.8,57.1,60,730564.680492888,2025-12-01,"Dec-25",61.5432160909642,58.7128027747813
"551",2025,"Dec-25","101","Manistee","T Data were subject to revision on May 19, 2026.",9863,10527,664,6.3,4.8,57.1,60,22128.9048355235,2025-12-01,"Dec-25",47.5712651766708,44.5706648083503
"552",2025,"Dec-25","103","Marquette","T Data were subject to revision on May 19, 2026.",30541,32308,1767,5.5,4.8,57.1,60,58391.1918870008,2025-12-01,"Dec-25",55.3302629316468,52.3041215858433
"553",2025,"Dec-25","105","Mason","T Data were subject to revision on May 19, 2026.",11584,12370,786,6.4,4.8,57.1,60,24565.9264061609,2025-12-01,"Dec-25",50.3542988588361,47.1547451884202
"554",2025,"Dec-25","107","Mecosta","T Data were subject to revision on May 19, 2026.",16162,17210,1048,6.1,4.8,57.1,60,35492.8986185694,2025-12-01,"Dec-25",48.4885728408668,45.535869509244
"555",2025,"Dec-25","109","Menominee","T Data were subject to revision on May 19, 2026.",10329,10804,475,4.4,4.8,57.1,60,19747.6277157658,2025-12-01,"Dec-25",54.7103690402998,52.3050168286983
"556",2025,"Dec-25","111","Midland","T Data were subject to revision on May 19, 2026.",38916,40778,1862,4.6,4.8,57.1,60,69194.8794238111,2025-12-01,"Dec-25",58.9321064500152,56.2411558832898
"557",2025,"Dec-25","113","Missaukee","T Data were subject to revision on May 19, 2026.",6564,6927,363,5.2,4.8,57.1,60,12434.1501538738,2025-12-01,"Dec-25",55.7094768382056,52.7900975842329
"558",2025,"Dec-25","115","Monroe","T Data were subject to revision on May 19, 2026.",71430,74926,3496,4.7,4.8,57.1,60,128744.83938276,2025-12-01,"Dec-25",58.1972841468575,55.4818354991596
"559",2025,"Dec-25","117","Montcalm","T Data were subject to revision on May 19, 2026.",29292,30734,1442,4.7,4.8,57.1,60,57653.4212171936,2025-12-01,"Dec-25",53.3081981105996,50.8070455865062
"560",2025,"Dec-25","119","Montmorency","T Data were subject to revision on May 19, 2026.",3370,3677,307,8.3,4.8,57.1,60,8699.85995413171,2025-12-01,"Dec-25",42.2650481661343,38.7362557301802
"561",2025,"Dec-25","121","Muskegon","T Data were subject to revision on May 19, 2026.",77955,82162,4207,5.1,4.8,57.1,60,144288.150134987,2025-12-01,"Dec-25",56.9429990772867,54.0273057261251
"562",2025,"Dec-25","123","Newaygo","T Data were subject to revision on May 19, 2026.",20873,22002,1129,5.1,4.8,57.1,60,42359.0307469636,2025-12-01,"Dec-25",51.9416984100307,49.2763871880998
"563",2025,"Dec-25","125","Oakland","T Data were subject to revision on May 19, 2026.",661384,687379,25995,3.8,4.8,57.1,60,1077457.57106147,2025-12-01,"Dec-25",63.796386833388,61.3837628286774
"564",2025,"Dec-25","127","Oceana","T Data were subject to revision on May 19, 2026.",10274,11085,811,7.3,4.8,57.1,60,22396.2254304129,2025-12-01,"Dec-25",49.4949474162156,45.8738015114298
"565",2025,"Dec-25","129","Ogemaw","T Data were subject to revision on May 19, 2026.",6940,7588,648,8.5,4.8,57.1,60,17898.2118875066,2025-12-01,"Dec-25",42.3952965116957,38.7748231142815
"566",2025,"Dec-25","131","Ontonagon","T Data were subject to revision on May 19, 2026.",2117,2285,168,7.4,4.8,57.1,60,5241.0229303522,2025-12-01,"Dec-25",43.5983591441079,40.3928780341691
"567",2025,"Dec-25","133","Osceola","T Data were subject to revision on May 19, 2026.",9257,9872,615,6.2,4.8,57.1,60,19215.2211779121,2025-12-01,"Dec-25",51.3759373810793,48.1753497099525
"568",2025,"Dec-25","135","Oscoda","T Data were subject to revision on May 19, 2026.",1997,2259,262,11.6,4.8,57.1,60,7231.10227808414,2025-12-01,"Dec-25",31.2400504532556,27.6168130832897
"569",2025,"Dec-25","137","Otsego","T Data were subject to revision on May 19, 2026.",11304,11965,661,5.5,4.8,57.1,60,21652.5235113958,2025-12-01,"Dec-25",55.2591479404364,52.2063859856827
"570",2025,"Dec-25","139","Ottawa","T Data were subject to revision on May 19, 2026.",153038,159197,6159,3.9,4.8,57.1,60,249722.882142879,2025-12-01,"Dec-25",63.749464459935,61.2831305993174
"571",2025,"Dec-25","141","Presque Isle","T Data were subject to revision on May 19, 2026.",4147,4611,464,10.1,4.8,57.1,60,11536.4002009785,2025-12-01,"Dec-25",39.969140456907,35.9470885870296
"572",2025,"Dec-25","143","Roscommon","T Data were subject to revision on May 19, 2026.",7858,8588,730,8.5,4.8,57.1,60,21229.2010991362,2025-12-01,"Dec-25",40.4537126003741,37.0150528194852
"573",2025,"Dec-25","145","Saginaw","T Data were subject to revision on May 19, 2026.",78893,83807,4914,5.9,4.8,57.1,60,152909.535404227,2025-12-01,"Dec-25",54.8082235541756,51.5945586986717
"574",2025,"Dec-25","151","Sanilac","T Data were subject to revision on May 19, 2026.",16940,18027,1087,6,4.8,57.1,60,33216.8486209168,2025-12-01,"Dec-25",54.2706510353553,50.9982153735463
"575",2025,"Dec-25","153","Schoolcraft","T Data were subject to revision on May 19, 2026.",3090,3393,303,8.9,4.8,57.1,60,6996.28541879512,2025-12-01,"Dec-25",48.4971638075957,44.1662941837521
"576",2025,"Dec-25","155","Shiawassee","T Data were subject to revision on May 19, 2026.",31617,33378,1761,5.3,4.8,57.1,60,55964.4444129956,2025-12-01,"Dec-25",59.6414390424096,56.494798316372
"577",2025,"Dec-25","147","St. Clair","T Data were subject to revision on May 19, 2026.",73375,77267,3892,5,4.8,57.1,60,133244.914119092,2025-12-01,"Dec-25",57.9887048678946,55.0677678657352
"578",2025,"Dec-25","157","Tuscola","T Data were subject to revision on May 19, 2026.",22639,24012,1373,5.7,4.8,57.1,60,43855.3241824301,2025-12-01,"Dec-25",54.7527590951432,51.6220103762679
"579",2025,"Dec-25","161","Washtenaw","T Data were subject to revision on May 19, 2026.",192882,200437,7555,3.8,4.8,57.1,60,315977.336718501,2025-12-01,"Dec-25",63.4339798169025,61.0429855517883
"580",2025,"Dec-25","163","Wayne","T Data were subject to revision on May 19, 2026.",776367,822244,45877,5.6,4.8,57.1,60,1402367.8101151,2025-12-01,"Dec-25",58.6325494687812,55.3611537857732
"581",2025,"Dec-25","165","Wexford","T Data were subject to revision on May 19, 2026.",14131,14904,773,5.2,4.8,57.1,60,28019.0239439341,2025-12-01,"Dec-25",53.1924310776236,50.4335912210077
"582",2026,"Jan-26","077","Kalamazoo","",129644,135973,6329,4.7,5.6,56.6,59.9,218672.050128268,2026-01-01,"Jan-26",62.1812435198013,59.2869550196077
"583",2026,"Jan-26","021","Berrien","",69925,73973,4048,5.5,5.6,56.6,59.9,125142.305965038,2026-01-01,"Jan-26",59.1111050971575,55.8763876538567
"584",2026,"Jan-26","023","Branch","",21260,22337,1077,4.8,5.6,56.6,59.9,37323.4735431571,2026-01-01,"Jan-26",59.8470556985317,56.9614721829603
"585",2026,"Jan-26","025","Calhoun","",58561,62182,3621,5.8,5.6,56.6,59.9,107836.115869887,2026-01-01,"Jan-26",57.6634270424089,54.3055538746021
"586",2026,"Jan-26","027","Cass","",22202,23480,1278,5.4,5.6,56.6,59.9,42997.7990206337,2026-01-01,"Jan-26",54.6074462758721,51.6352011165635
"587",2026,"Jan-26","149","St. Joseph","",26247,27785,1538,5.5,5.6,56.6,59.9,48832.0288044996,2026-01-01,"Jan-26",56.8991309192539,53.7495587272866
"588",2026,"Jan-26","159","Van Buren","",33392,35637,2245,6.3,5.6,56.6,59.9,61619.9181181948,2026-01-01,"Jan-26",57.8335724686355,54.1902699967078
"589",2026,"Jan-26","001","Alcona","",2913,3270,357,10.9,5.6,56.6,59.9,9618.07303531971,2026-01-01,"Jan-26",33.9984941681336,30.2867319607869
"590",2026,"Jan-26","003","Alger","",3003,3324,321,9.7,5.6,56.6,59.9,7598.06853162149,2026-01-01,"Jan-26",43.7479602370818,39.5232023441507
"591",2026,"Jan-26","005","Allegan","",59889,62914,3025,4.8,5.6,56.6,59.9,100185.227164711,2026-01-01,"Jan-26",62.7976816348039,59.7782743972211
"592",2026,"Jan-26","007","Alpena","",12628,13448,820,6.1,5.6,56.6,59.9,24269.7449941957,2026-01-01,"Jan-26",55.4105533585795,52.0318610806173
"593",2026,"Jan-26","009","Antrim","",9479,10226,747,7.3,5.6,56.6,59.9,21743.2567047926,2026-01-01,"Jan-26",47.0306731822101,43.5951252781312
"594",2026,"Jan-26","011","Arenac","",5804,6418,614,9.6,5.6,56.6,59.9,12756.4611703224,2026-01-01,"Jan-26",50.3117589926218,45.4985118717944
"595",2026,"Jan-26","013","Baraga","",2927,3166,239,7.5,5.6,56.6,59.9,6967.6574932093,2026-01-01,"Jan-26",45.4385136336795,42.0083794711876
"596",2026,"Jan-26","015","Barry","",28392,30000,1608,5.4,5.6,56.6,59.9,53258.9122932352,2026-01-01,"Jan-26",56.328600619601,53.3093876263904
"597",2026,"Jan-26","017","Bay","",45497,48841,3344,6.8,5.6,56.6,59.9,85629.6486350357,2026-01-01,"Jan-26",57.0374873405898,53.1322978959238
"598",2026,"Jan-26","019","Benzie","",8257,8837,580,6.6,5.6,56.6,59.9,16201.6365580965,2026-01-01,"Jan-26",54.5438725792418,50.9639873132057
"599",2026,"Jan-26","029","Charlevoix","",12271,13057,786,6,5.6,56.6,59.9,22454.489874952,2026-01-01,"Jan-26",58.148726925946,54.6483134034068
"600",2026,"Jan-26","031","Cheboygan","",9097,10459,1362,13,5.6,56.6,59.9,23051.4551477835,2026-01-01,"Jan-26",45.3724067871077,39.4638860830212
"601",2026,"Jan-26","033","Chippewa","",15986,17396,1410,8.1,5.6,56.6,59.9,30474.9736585626,2026-01-01,"Jan-26",57.0829041393191,52.4561569079762
"602",2026,"Jan-26","035","Clare","",11022,12079,1057,8.8,5.6,56.6,59.9,26554.9408274733,2026-01-01,"Jan-26",45.4868270220481,41.5064001520833
"603",2026,"Jan-26","037","Clinton","",38804,40630,1826,4.5,5.6,56.6,59.9,66456.523968024,2026-01-01,"Jan-26",61.137714665229,58.390053651724
"604",2026,"Jan-26","039","Crawford","",4989,5446,457,8.4,5.6,56.6,59.9,11882.6568487049,2026-01-01,"Jan-26",45.8315010636158,41.9855598248952
"605",2026,"Jan-26","041","Delta","",15205,16364,1159,7.1,5.6,56.6,59.9,30998.3169359672,2026-01-01,"Jan-26",52.7899628673482,49.0510501954308
"606",2026,"Jan-26","043","Dickinson","",11529,12170,641,5.3,5.6,56.6,59.9,21738.6262124528,2026-01-01,"Jan-26",55.983298489343,53.0346300972584
"607",2026,"Jan-26","045","Eaton","",52716,55422,2706,4.9,5.6,56.6,59.9,90227.741080028,2026-01-01,"Jan-26",61.4245678065276,58.4254901751815
"608",2026,"Jan-26","047","Emmet","",16092,17339,1247,7.2,5.6,56.6,59.9,29012.8622421798,2026-01-01,"Jan-26",59.7631486864886,55.4650550010366
"609",2026,"Jan-26","049","Genesee","",168854,185339,16485,8.9,5.6,56.6,59.9,325077.303136874,2026-01-01,"Jan-26",57.0138235464452,51.9427220450713
"610",2026,"Jan-26","051","Gladwin","",9357,10168,811,8,5.6,56.6,59.9,22021.9985468881,2026-01-01,"Jan-26",46.1720128550132,42.4893316566049
"611",2026,"Jan-26","053","Gogebic","",5420,5796,376,6.5,5.6,56.6,59.9,12248.0166147065,2026-01-01,"Jan-26",47.3219475636619,44.2520627665713
"612",2026,"Jan-26","055","Grand Traverse","",49591,51793,2202,4.3,5.6,56.6,59.9,81797.9726747695,2026-01-01,"Jan-26",63.3181951903993,60.6261969317686
"613",2026,"Jan-26","057","Gratiot","",16180,17226,1046,6.1,5.6,56.6,59.9,34452.6683681966,2026-01-01,"Jan-26",49.9990300196934,46.9629807104748
"614",2026,"Jan-26","059","Hillsdale","",19126,20315,1189,5.9,5.6,56.6,59.9,37066.3269133622,2026-01-01,"Jan-26",54.8071570390121,51.5993938236842
"615",2026,"Jan-26","061","Houghton","",16753,17761,1008,5.7,5.6,56.6,59.9,32042.1356695552,2026-01-01,"Jan-26",55.4301379382635,52.2842802139366
"616",2026,"Jan-26","063","Huron","",12463,13374,911,6.8,5.6,56.6,59.9,25636.4094458252,2026-01-01,"Jan-26",52.167991887717,48.6144521382247
"617",2026,"Jan-26","065","Ingham","",140712,148295,7583,5.1,5.6,56.6,59.9,243901.911566718,2026-01-01,"Jan-26",60.8010814869872,57.6920447634576
"618",2026,"Jan-26","067","Ionia","",29112,30683,1571,5.1,5.6,56.6,59.9,54570.829594794,2026-01-01,"Jan-26",56.2260098074945,53.3471823979331
"619",2026,"Jan-26","069","Iosco","",8434,9310,876,9.4,5.6,56.6,59.9,21732.7055886954,2026-01-01,"Jan-26",42.8386606628617,38.8078693910393
"620",2026,"Jan-26","071","Iron","",3782,4158,376,9,5.6,56.6,59.9,10070.4287769428,2026-01-01,"Jan-26",41.2892051778383,37.5555011983128
"621",2026,"Jan-26","073","Isabella","",28516,30334,1818,6,5.6,56.6,59.9,54962.2564470577,2026-01-01,"Jan-26",55.1906016253521,51.8828771658384
"622",2026,"Jan-26","075","Jackson","",68364,72471,4107,5.7,5.6,56.6,59.9,132080.760635768,2026-01-01,"Jan-26",54.8687027930204,51.7592415965289
"623",2026,"Jan-26","079","Kalkaska","",8017,8593,576,6.7,5.6,56.6,59.9,15859.6840689948,2026-01-01,"Jan-26",54.1814071618178,50.5495567573947
"624",2026,"Jan-26","081","Kent","",338820,354401,15581,4.4,5.6,56.6,59.9,544520.195447905,2026-01-01,"Jan-26",65.0850056550209,62.2235874504704
"625",2026,"Jan-26","083","Keweenaw","",800,861,61,7.1,5.6,56.6,59.9,1940.05284655103,2026-01-01,"Jan-26",44.3802343596289,41.2359901134763
"626",2026,"Jan-26","085","Lake","",4036,4376,340,7.8,5.6,56.6,59.9,11896.82901418,2026-01-01,"Jan-26",36.7829107637354,33.9250063625311
"627",2026,"Jan-26","087","Lapeer","",40145,43174,3029,7,5.6,56.6,59.9,74767.9850656392,2026-01-01,"Jan-26",57.7439661669327,53.6927669840995
"628",2026,"Jan-26","089","Leelanau","",9969,10479,510,4.9,5.6,56.6,59.9,20355.208824805,2026-01-01,"Jan-26",51.4806804007346,48.9751792074552
"629",2026,"Jan-26","091","Lenawee","",44498,47249,2751,5.8,5.6,56.6,59.9,80213.3754494025,2026-01-01,"Jan-26",58.9041412797845,55.4745386922019
"630",2026,"Jan-26","093","Livingston","",96706,100911,4205,4.2,5.6,56.6,59.9,165954.301270565,2026-01-01,"Jan-26",60.806498673077,58.2726685958774
"631",2026,"Jan-26","095","Luce","",1994,2165,171,7.9,5.6,56.6,59.9,5496.99509362938,2026-01-01,"Jan-26",39.3851543092894,36.2743638303571
"632",2026,"Jan-26","097","Mackinac","",3523,4346,823,18.9,5.6,56.6,59.9,9808.04007256243,2026-01-01,"Jan-26",44.3105856812081,35.9195106661059
"633",2026,"Jan-26","099","Macomb","",424072,447489,23417,5.2,5.6,56.6,59.9,731923.885069383,2026-01-01,"Jan-26",61.1387343859642,57.939357992095
"634",2026,"Jan-26","101","Manistee","",9833,10567,734,6.9,5.6,56.6,59.9,22290.9882201227,2026-01-01,"Jan-26",47.4048072505861,44.1119967535737
"635",2026,"Jan-26","103","Marquette","",30812,32838,2026,6.2,5.6,56.6,59.9,58864.1844201608,2026-01-01,"Jan-26",55.7860443043072,52.3442230679187
"636",2026,"Jan-26","105","Mason","",11282,12175,893,7.3,5.6,56.6,59.9,24743.1217791273,2026-01-01,"Jan-26",49.2055938158561,45.5965100148246
"637",2026,"Jan-26","107","Mecosta","",15169,16441,1272,7.7,5.6,56.6,59.9,35920.8968448258,2026-01-01,"Jan-26",45.7700153507393,42.228901092109
"638",2026,"Jan-26","109","Menominee","",10184,10731,547,5.1,5.6,56.6,59.9,19722.2879886958,2026-01-01,"Jan-26",54.4105227859499,51.6370109078477
"639",2026,"Jan-26","111","Midland","",38677,40888,2211,5.4,5.6,56.6,59.9,69462.7921668372,2026-01-01,"Jan-26",58.8631679270743,55.6801688983431
"640",2026,"Jan-26","113","Missaukee","",6343,6774,431,6.4,5.6,56.6,59.9,12545.2848141089,2026-01-01,"Jan-26",53.996382707722,50.5608289806733
"641",2026,"Jan-26","115","Monroe","",71003,75284,4281,5.7,5.6,56.6,59.9,129194.242014175,2026-01-01,"Jan-26",58.2719468192243,54.9583316508871
"642",2026,"Jan-26","117","Montcalm","",29084,30769,1685,5.5,5.6,56.6,59.9,58294.9013144241,2026-01-01,"Jan-26",52.7816315084604,49.8911557344101
"643",2026,"Jan-26","119","Montmorency","",3320,3680,360,9.8,5.6,56.6,59.9,8879.34810200664,2026-01-01,"Jan-26",41.4444839612534,37.3901322693916
"644",2026,"Jan-26","121","Muskegon","",77531,82243,4712,5.7,5.6,56.6,59.9,145168.640704655,2026-01-01,"Jan-26",56.6534201882644,53.4075401020917
"645",2026,"Jan-26","123","Newaygo","",20547,21903,1356,6.2,5.6,56.6,59.9,42822.0683473474,2026-01-01,"Jan-26",51.1488604948639,47.9822689397785
"646",2026,"Jan-26","125","Oakland","",654235,683217,28982,4.2,5.6,56.6,59.9,1082741.9326428,2026-01-01,"Jan-26",63.1006317758818,60.4239089921563
"647",2026,"Jan-26","127","Oceana","",9595,10544,949,9,5.6,56.6,59.9,22590.115003147,2026-01-01,"Jan-26",46.6752825230466,42.4743300273741
"648",2026,"Jan-26","129","Ogemaw","",6776,7560,784,10.4,5.6,56.6,59.9,17999.9993689995,2026-01-01,"Jan-26",42.0000014723346,37.6444457640925
"649",2026,"Jan-26","131","Ontonagon","",2072,2256,184,8.2,5.6,56.6,59.9,5258.10133163811,2026-01-01,"Jan-26",42.9052210619373,39.4058590604317
"650",2026,"Jan-26","133","Osceola","",8995,9796,801,8.2,5.6,56.6,59.9,19377.8064929192,2026-01-01,"Jan-26",50.5526773816198,46.4190825895947
"651",2026,"Jan-26","135","Oscoda","",1995,2281,286,12.5,5.6,56.6,59.9,7339.81473275038,2026-01-01,"Jan-26",31.0770786873153,27.1805225695722
"652",2026,"Jan-26","137","Otsego","",11611,12370,759,6.1,5.6,56.6,59.9,21879.3995898613,2026-01-01,"Jan-26",56.5372004345682,53.0681838517196
"653",2026,"Jan-26","139","Ottawa","",152904,159810,6906,4.3,5.6,56.6,59.9,252677.308889058,2026-01-01,"Jan-26",63.2466764438144,60.5135461796195
"654",2026,"Jan-26","141","Presque Isle","",4061,4609,548,11.9,5.6,56.6,59.9,11620.4077182517,2026-01-01,"Jan-26",39.6629800928657,34.9471386758793
"655",2026,"Jan-26","143","Roscommon","",7919,8795,876,10,5.6,56.6,59.9,21418.0676412682,2026-01-01,"Jan-26",41.0634616871499,36.9734568619147
"656",2026,"Jan-26","145","Saginaw","",77981,84090,6109,7.3,5.6,56.6,59.9,152614.640628808,2026-01-01,"Jan-26",55.0995629603619,51.0966704627421
"657",2026,"Jan-26","151","Sanilac","",16363,17704,1341,7.6,5.6,56.6,59.9,33268.7782995599,2026-01-01,"Jan-26",53.2150589979259,49.1842527328887
"658",2026,"Jan-26","153","Schoolcraft","",3012,3391,379,11.2,5.6,56.6,59.9,7029.72995278546,2026-01-01,"Jan-26",48.2379838596268,42.8465961029773
"659",2026,"Jan-26","155","Shiawassee","",31039,33221,2182,6.6,5.6,56.6,59.9,56049.0164362076,2026-01-01,"Jan-26",59.2713344716952,55.3783134362887
"660",2026,"Jan-26","147","St. Clair","",72339,76943,4604,6,5.6,56.6,59.9,133591.728595432,2026-01-01,"Jan-26",57.5956317123597,54.1493105602899
"661",2026,"Jan-26","157","Tuscola","",22260,23984,1724,7.2,5.6,56.6,59.9,43842.6520275836,2026-01-01,"Jan-26",54.7047199264097,50.7724760491111
"662",2026,"Jan-26","161","Washtenaw","",192404,200951,8547,4.3,5.6,56.6,59.9,316236.886461073,2026-01-01,"Jan-26",63.544453099318,60.8417323333608
"663",2026,"Jan-26","163","Wayne","",767899,819321,51422,6.3,5.6,56.6,59.9,1397499.57885826,2026-01-01,"Jan-26",58.6276384189952,54.9480666482465
"664",2026,"Jan-26","165","Wexford","",14025,14934,909,6.1,5.6,56.6,59.9,28256.0359476948,2026-01-01,"Jan-26",52.8524242666047,49.6354125042943
"665",2026,"Feb-26","077","Kalamazoo","",130055,135565,5510,4.1,5.3,56.5,59.6,218672.050128268,2026-02-01,"Feb-26",61.9946627474709,59.4749077093817
"666",2026,"Feb-26","021","Berrien","",69664,73283,3619,4.9,5.3,56.5,59.6,125142.305965038,2026-02-01,"Feb-26",58.5597328056858,55.6678250914304
"667",2026,"Feb-26","023","Branch","",21225,22104,879,4,5.3,56.5,59.6,37323.4735431571,2026-02-01,"Feb-26",59.2227836844852,56.8676974169018
"668",2026,"Feb-26","025","Calhoun","",58554,61780,3226,5.2,5.3,56.5,59.6,107836.115869887,2026-02-01,"Feb-26",57.2906391347982,54.2990625428775
"669",2026,"Feb-26","027","Cass","",22265,23410,1145,4.9,5.3,56.5,59.6,42997.7990206337,2026-02-01,"Feb-26",54.444647245237,51.7817202441351
"670",2026,"Feb-26","149","St. Joseph","",26090,27323,1233,4.5,5.3,56.5,59.6,48832.0288044996,2026-02-01,"Feb-26",55.9530305598983,53.4280484320077
"671",2026,"Feb-26","159","Van Buren","",33247,35296,2049,5.8,5.3,56.5,59.6,61619.9181181948,2026-02-01,"Feb-26",57.2801799773538,53.954956474022
"672",2026,"Feb-26","001","Alcona","",2883,3216,333,10.4,5.3,56.5,59.6,9618.07303531971,2026-02-01,"Feb-26",33.4370511451736,29.9748191702535
"673",2026,"Feb-26","003","Alger","",3016,3319,303,9.1,5.3,56.5,59.6,7598.06853162149,2026-02-01,"Feb-26",43.6821540393726,39.6942984581946
"674",2026,"Feb-26","005","Allegan","",59803,62550,2747,4.4,5.3,56.5,59.6,100185.227164711,2026-02-01,"Feb-26",62.434354615141,59.69243339807
"675",2026,"Feb-26","007","Alpena","",12626,13388,762,5.7,5.3,56.5,59.6,24269.7449941957,2026-02-01,"Feb-26",55.1633319723871,52.0236203677442
"676",2026,"Feb-26","009","Antrim","",9404,10092,688,6.8,5.3,56.5,59.6,21743.2567047926,2026-02-01,"Feb-26",46.4143901579175,43.2501907496092
"677",2026,"Feb-26","011","Arenac","",5734,6295,561,8.9,5.3,56.5,59.6,12756.4611703224,2026-02-01,"Feb-26",49.3475417355179,44.9497703433614
"678",2026,"Feb-26","013","Baraga","",2922,3147,225,7.1,5.3,56.5,59.6,6967.6574932093,2026-02-01,"Feb-26",45.1658251437743,41.9366193422652
"679",2026,"Feb-26","015","Barry","",28274,29736,1462,4.9,5.3,56.5,59.6,53258.9122932352,2026-02-01,"Feb-26",55.8329089341485,53.0878284639533
"680",2026,"Feb-26","017","Bay","",45427,48488,3061,6.3,5.3,56.5,59.6,85629.6486350357,2026-02-01,"Feb-26",56.6252469476571,53.0505505092233
"681",2026,"Feb-26","019","Benzie","",8214,8775,561,6.4,5.3,56.5,59.6,16201.6365580965,2026-02-01,"Feb-26",54.1611951887344,50.698582026241
"682",2026,"Feb-26","029","Charlevoix","",12195,12935,740,5.7,5.3,56.5,59.6,22454.489874952,2026-02-01,"Feb-26",57.6054057430582,54.3098510271816
"683",2026,"Feb-26","031","Cheboygan","",9071,10422,1351,13,5.3,56.5,59.6,23051.4551477835,2026-02-01,"Feb-26",45.2118963127676,39.3510949388903
"684",2026,"Feb-26","033","Chippewa","",15952,17306,1354,7.8,5.3,56.5,59.6,30474.9736585626,2026-02-01,"Feb-26",56.7875798479568,52.3445899534616
"685",2026,"Feb-26","035","Clare","",11045,11978,933,7.8,5.3,56.5,59.6,26554.9408274733,2026-02-01,"Feb-26",45.1064834895349,41.5930130357249
"686",2026,"Feb-26","037","Clinton","",39311,40922,1611,3.9,5.3,56.5,59.6,66456.523968024,2026-02-01,"Feb-26",61.5770996684839,59.1529584347727
"687",2026,"Feb-26","039","Crawford","",4978,5402,424,7.8,5.3,56.5,59.6,11882.6568487049,2026-02-01,"Feb-26",45.4612135045267,41.8929879351229
"688",2026,"Feb-26","041","Delta","",15171,16227,1056,6.5,5.3,56.5,59.6,30998.3169359672,2026-02-01,"Feb-26",52.3480033884417,48.9413668211036
"689",2026,"Feb-26","043","Dickinson","",11506,12082,576,4.8,5.3,56.5,59.6,21738.6262124528,2026-02-01,"Feb-26",55.578489100102,52.9288276432523
"690",2026,"Feb-26","045","Eaton","",53540,55962,2422,4.3,5.3,56.5,59.6,90227.741080028,2026-02-01,"Feb-26",62.0230533648894,59.338734804978
"691",2026,"Feb-26","047","Emmet","",16011,17190,1179,6.9,5.3,56.5,59.6,29012.8622421798,2026-02-01,"Feb-26",59.2495833624049,55.185868482575
"692",2026,"Feb-26","049","Genesee","",171790,183245,11455,6.3,5.3,56.5,59.6,325077.303136874,2026-02-01,"Feb-26",56.3696690700196,52.8458918362774
"693",2026,"Feb-26","051","Gladwin","",9343,10086,743,7.4,5.3,56.5,59.6,22021.9985468881,2026-02-01,"Feb-26",45.7996579126341,42.4257588615646
"694",2026,"Feb-26","053","Gogebic","",5375,5727,352,6.1,5.3,56.5,59.6,12248.0166147065,2026-02-01,"Feb-26",46.7585910450469,43.8846563413876
"695",2026,"Feb-26","055","Grand Traverse","",49370,51469,2099,4.1,5.3,56.5,59.6,81797.9726747695,2026-02-01,"Feb-26",62.9220973539795,60.3560190865563
"696",2026,"Feb-26","057","Gratiot","",16154,17132,978,5.7,5.3,56.5,59.6,34452.6683681966,2026-02-01,"Feb-26",49.7261919364558,46.8875148576644
"697",2026,"Feb-26","059","Hillsdale","",19106,20116,1010,5,5.3,56.5,59.6,37066.3269133622,2026-02-01,"Feb-26",54.2702816144114,51.5454364945786
"698",2026,"Feb-26","061","Houghton","",17193,18078,885,4.9,5.3,56.5,59.6,32042.1356695552,2026-02-01,"Feb-26",56.4194602583147,53.6574720777301
"699",2026,"Feb-26","063","Huron","",12277,13110,833,6.4,5.3,56.5,59.6,25636.4094458252,2026-02-01,"Feb-26",51.1382064937917,47.8889215197773
"700",2026,"Feb-26","065","Ingham","",143005,149531,6526,4.4,5.3,56.5,59.6,243901.911566718,2026-02-01,"Feb-26",61.3078425828969,58.632176796565
"701",2026,"Feb-26","067","Ionia","",28898,30269,1371,4.5,5.3,56.5,59.6,54570.829594794,2026-02-01,"Feb-26",55.46736273712,52.9550314968216
"702",2026,"Feb-26","069","Iosco","",8413,9240,827,9,5.3,56.5,59.6,21732.7055886954,2026-02-01,"Feb-26",42.5165654699079,38.7112408331531
"703",2026,"Feb-26","071","Iron","",3737,4078,341,8.4,5.3,56.5,59.6,10070.4287769428,2026-02-01,"Feb-26",40.4948000758116,37.1086483284227
"704",2026,"Feb-26","073","Isabella","",28969,30543,1574,5.2,5.3,56.5,59.6,54962.2564470577,2026-02-01,"Feb-26",55.5708625780685,52.7070791351231
"705",2026,"Feb-26","075","Jackson","",68374,72071,3697,5.1,5.3,56.5,59.6,132080.760635768,2026-02-01,"Feb-26",54.5658577775355,51.766812721916
"706",2026,"Feb-26","079","Kalkaska","",7965,8526,561,6.6,5.3,56.5,59.6,15859.6840689948,2026-02-01,"Feb-26",53.75895234047,50.2216813736621
"707",2026,"Feb-26","081","Kent","",338613,352334,13721,3.9,5.3,56.5,59.6,544520.195447905,2026-02-01,"Feb-26",64.7054054092853,62.1855723315216
"708",2026,"Feb-26","083","Keweenaw","",818,879,61,6.9,5.3,56.5,59.6,1940.05284655103,2026-02-01,"Feb-26",45.3080441371821,42.1637998910295
"709",2026,"Feb-26","085","Lake","",4038,4360,322,7.4,5.3,56.5,59.6,11896.82901418,2026-02-01,"Feb-26",36.6484211448552,33.9418175648911
"710",2026,"Feb-26","087","Lapeer","",39823,42846,3023,7.1,5.3,56.5,59.6,74767.9850656392,2026-02-01,"Feb-26",57.3052757304952,53.2621013727188
"711",2026,"Feb-26","089","Leelanau","",9870,10374,504,4.9,5.3,56.5,59.6,20355.208824805,2026-02-01,"Feb-26",50.9648419197653,48.4888172111128
"712",2026,"Feb-26","091","Lenawee","",44495,46872,2377,5.1,5.3,56.5,59.6,80213.3754494025,2026-02-01,"Feb-26",58.4341448510245,55.4707986675699
"713",2026,"Feb-26","093","Livingston","",96067,100450,4383,4.4,5.3,56.5,59.6,165954.301270565,2026-02-01,"Feb-26",60.5287113566468,57.8876228362268
"714",2026,"Feb-26","095","Luce","",1992,2150,158,7.3,5.3,56.5,59.6,5496.99509362938,2026-02-01,"Feb-26",39.1122779514884,36.2379803159836
"715",2026,"Feb-26","097","Mackinac","",3478,4287,809,18.9,5.3,56.5,59.6,9808.04007256243,2026-02-01,"Feb-26",43.7090383836491,35.4607034052558
"716",2026,"Feb-26","099","Macomb","",421539,446022,24483,5.5,5.3,56.5,59.6,731923.885069383,2026-02-01,"Feb-26",60.9383037086867,57.5932837551872
"717",2026,"Feb-26","101","Manistee","",9782,10473,691,6.6,5.3,56.5,59.6,22290.9882201227,2026-02-01,"Feb-26",46.983112173312,43.8832047435633
"718",2026,"Feb-26","103","Marquette","",31115,33029,1914,5.8,5.3,56.5,59.6,58864.1844201608,2026-02-01,"Feb-26",56.110520047718,52.8589673100834
"719",2026,"Feb-26","105","Mason","",11217,12068,851,7.1,5.3,56.5,59.6,24743.1217791273,2026-02-01,"Feb-26",48.7731504040864,45.3338107459925
"720",2026,"Feb-26","107","Mecosta","",15938,17022,1084,6.4,5.3,56.5,59.6,35920.8968448258,2026-02-01,"Feb-26",47.3874582628966,44.3697162374601
"721",2026,"Feb-26","109","Menominee","",10176,10663,487,4.6,5.3,56.5,59.6,19722.2879886958,2026-02-01,"Feb-26",54.0657352032973,51.5964476628298
"722",2026,"Feb-26","111","Midland","",38637,40717,2080,5.1,5.3,56.5,59.6,69462.7921668372,2026-02-01,"Feb-26",58.6169929682715,55.6225841126582
"723",2026,"Feb-26","113","Missaukee","",6279,6708,429,6.4,5.3,56.5,59.6,12545.2848141089,2026-02-01,"Feb-26",53.4702886335104,50.0506771511347
"724",2026,"Feb-26","115","Monroe","",71032,75036,4004,5.3,5.3,56.5,59.6,129194.242014175,2026-02-01,"Feb-26",58.0799877998953,54.9807784716957
"725",2026,"Feb-26","117","Montcalm","",28952,30488,1536,5,5.3,56.5,59.6,58294.9013144241,2026-02-01,"Feb-26",52.2995996434704,49.664720836977
"726",2026,"Feb-26","119","Montmorency","",3277,3598,321,8.9,5.3,56.5,59.6,8879.34810200664,2026-02-01,"Feb-26",40.5209927425516,36.9058624839748
"727",2026,"Feb-26","121","Muskegon","",77412,81636,4224,5.2,5.3,56.5,59.6,145168.640704655,2026-02-01,"Feb-26",56.235285805347,53.3255664751277
"728",2026,"Feb-26","123","Newaygo","",20439,21640,1201,5.5,5.3,56.5,59.6,42822.0683473474,2026-02-01,"Feb-26",50.5346911888259,47.7300625327363
"729",2026,"Feb-26","125","Oakland","",650315,680858,30543,4.5,5.3,56.5,59.6,1082741.9326428,2026-02-01,"Feb-26",62.88275899116,60.0618651955859
"730",2026,"Feb-26","127","Oceana","",9343,10228,885,8.7,5.3,56.5,59.6,22590.115003147,2026-02-01,"Feb-26",45.276440596142,41.3587978578172
"731",2026,"Feb-26","129","Ogemaw","",6713,7458,745,10,5.3,56.5,59.6,17999.9993689995,2026-02-01,"Feb-26",41.4333347858031,37.2944457518231
"732",2026,"Feb-26","131","Ontonagon","",2042,2199,157,7.1,5.3,56.5,59.6,5258.10133163811,2026-02-01,"Feb-26",41.8211795723404,38.8353109080124
"733",2026,"Feb-26","133","Osceola","",9052,9679,627,6.5,5.3,56.5,59.6,19377.8064929192,2026-02-01,"Feb-26",49.9488938726723,46.7132335298512
"734",2026,"Feb-26","135","Oscoda","",1992,2254,262,11.6,5.3,56.5,59.6,7339.81473275038,2026-02-01,"Feb-26",30.709221990885,27.1396496033021
"735",2026,"Feb-26","137","Otsego","",11497,12155,658,5.4,5.3,56.5,59.6,21879.3995898613,2026-02-01,"Feb-26",55.5545409282277,52.5471457878925
"736",2026,"Feb-26","139","Ottawa","",152659,158652,5993,3.8,5.3,56.5,59.6,252677.308889058,2026-02-01,"Feb-26",62.7883844012517,60.4165845643968
"737",2026,"Feb-26","141","Presque Isle","",4017,4534,517,11.4,5.3,56.5,59.6,11620.4077182517,2026-02-01,"Feb-26",39.0175638405409,34.5684944745154
"738",2026,"Feb-26","143","Roscommon","",7901,8698,797,9.2,5.3,56.5,59.6,21418.0676412682,2026-02-01,"Feb-26",40.6105730249948,36.8894156668756
"739",2026,"Feb-26","145","Saginaw","",77704,82831,5127,6.2,5.3,56.5,59.6,152614.640628808,2026-02-01,"Feb-26",54.2746093420113,50.9151675618023
"740",2026,"Feb-26","151","Sanilac","",16174,17372,1198,6.9,5.3,56.5,59.6,33268.7782995599,2026-02-01,"Feb-26",52.2171263506535,48.6161525210379
"741",2026,"Feb-26","153","Schoolcraft","",2955,3296,341,10.3,5.3,56.5,59.6,7029.72995278546,2026-02-01,"Feb-26",46.8865805960867,42.0357541448532
"742",2026,"Feb-26","155","Shiawassee","",31230,33042,1812,5.5,5.3,56.5,59.6,56049.0164362076,2026-02-01,"Feb-26",58.9519711511921,55.7190865883339
"743",2026,"Feb-26","147","St. Clair","",71797,76573,4776,6.2,5.3,56.5,59.6,133591.728595432,2026-02-01,"Feb-26",57.3186684573063,53.7435968191036
"744",2026,"Feb-26","157","Tuscola","",22082,23599,1517,6.4,5.3,56.5,59.6,43842.6520275836,2026-02-01,"Feb-26",53.8265796173842,50.3664787114318
"745",2026,"Feb-26","161","Washtenaw","",193431,200849,7418,3.7,5.3,56.5,59.6,316236.886461073,2026-02-01,"Feb-26",63.5121987974428,61.166488882634
"746",2026,"Feb-26","163","Wayne","",762053,816621,54568,6.7,5.3,56.5,59.6,1397499.57885826,2026-02-01,"Feb-26",58.4344362140825,54.5297480964244
"747",2026,"Feb-26","165","Wexford","",13952,14824,872,5.9,5.3,56.5,59.6,28256.0359476948,2026-02-01,"Feb-26",52.4631269136299,49.3770606245928
"748",2026,"Mar-26","077","Kalamazoo","",129452,135019,5567,4.1,5.1,56.6,59.7,218672.050128268,2026-03-01,"Mar-26",61.7449737727347,59.1991523032169
"749",2026,"Mar-26","021","Berrien","",69848,73410,3562,4.9,5.1,56.6,59.7,125142.305965038,2026-03-01,"Mar-26",58.6612172709277,55.8148577024895
"750",2026,"Mar-26","023","Branch","",21281,22158,877,4,5.1,56.6,59.7,37323.4735431571,2026-03-01,"Mar-26",59.3674647521183,57.0177370425954
"751",2026,"Mar-26","025","Calhoun","",58417,61596,3179,5.2,5.1,56.6,59.7,107836.115869887,2026-03-01,"Mar-26",57.1200098437525,54.1720179076968
"752",2026,"Mar-26","027","Cass","",22221,23312,1091,4.7,5.1,56.6,59.7,42997.7990206337,2026-03-01,"Mar-26",54.2167286023479,51.6793894248788
"753",2026,"Mar-26","149","St. Joseph","",26156,27332,1176,4.3,5.1,56.6,59.7,48832.0288044996,2026-03-01,"Mar-26",55.9714610863793,53.5632056262014
"754",2026,"Mar-26","159","Van Buren","",33264,35220,1956,5.6,5.1,56.6,59.7,61619.9181181948,2026-03-01,"Mar-26",57.1568432344288,53.9825449559921
"755",2026,"Mar-26","001","Alcona","",2900,3229,329,10.2,5.1,56.6,59.7,9618.07303531971,2026-03-01,"Mar-26",33.5722133544047,30.1515697515558
"756",2026,"Mar-26","003","Alger","",2977,3303,326,9.9,5.1,56.6,59.7,7598.06853162149,2026-03-01,"Mar-26",43.4715742067032,39.1810101160628
"757",2026,"Mar-26","005","Allegan","",59797,62421,2624,4.2,5.1,56.6,59.7,100185.227164711,2026-03-01,"Mar-26",62.3055931164143,59.6864444911525
"758",2026,"Mar-26","007","Alpena","",12647,13410,763,5.7,5.1,56.6,59.7,24269.7449941957,2026-03-01,"Mar-26",55.253979813991,52.1101478529115
"759",2026,"Mar-26","009","Antrim","",9362,10040,678,6.8,5.1,56.6,59.7,21743.2567047926,2026-03-01,"Mar-26",46.1752355514756,43.0570274136369
"760",2026,"Mar-26","011","Arenac","",5815,6387,572,9,5.1,56.6,59.7,12756.4611703224,2026-03-01,"Mar-26",50.0687448871728,45.5847426834054
"761",2026,"Mar-26","013","Baraga","",2923,3158,235,7.4,5.1,56.6,59.7,6967.6574932093,2026-03-01,"Mar-26",45.3236974274036,41.9509713680497
"762",2026,"Mar-26","015","Barry","",28270,29683,1413,4.8,5.1,56.6,59.7,53258.9122932352,2026-03-01,"Mar-26",55.7333950730539,53.0803179838706
"763",2026,"Mar-26","017","Bay","",45257,48257,3000,6.2,5.1,56.6,59.7,85629.6486350357,2026-03-01,"Mar-26",56.3554805715453,52.8520211415219
"764",2026,"Mar-26","019","Benzie","",8200,8756,556,6.3,5.1,56.6,59.7,16201.6365580965,2026-03-01,"Mar-26",54.0439230851919,50.6121710025781
"765",2026,"Mar-26","029","Charlevoix","",12110,12836,726,5.7,5.1,56.6,59.7,22454.489874952,2026-03-01,"Mar-26",57.1645139635017,53.9313075800877
"766",2026,"Mar-26","031","Cheboygan","",9088,10466,1378,13.2,5.1,56.6,59.7,23051.4551477835,2026-03-01,"Mar-26",45.4027736336045,39.4248429946682
"767",2026,"Mar-26","033","Chippewa","",15816,17207,1391,8.1,5.1,56.6,59.7,30474.9736585626,2026-03-01,"Mar-26",56.4627231274582,51.898322135403
"768",2026,"Mar-26","035","Clare","",11060,11960,900,7.5,5.1,56.6,59.7,26554.9408274733,2026-03-01,"Mar-26",45.0386994936415,41.6494996989694
"769",2026,"Mar-26","037","Clinton","",39183,40766,1583,3.9,5.1,56.6,59.7,66456.523968024,2026-03-01,"Mar-26",61.3423597352381,58.9603513100583
"770",2026,"Mar-26","039","Crawford","",4956,5378,422,7.8,5.1,56.6,59.7,11882.6568487049,2026-03-01,"Mar-26",45.2592384722963,41.7078441555784
"771",2026,"Mar-26","041","Delta","",15155,16207,1052,6.5,5.1,56.6,59.7,30998.3169359672,2026-03-01,"Mar-26",52.2834837564845,48.8897511155379
"772",2026,"Mar-26","043","Dickinson","",11409,11978,569,4.8,5.1,56.6,59.7,21738.6262124528,2026-03-01,"Mar-26",55.1000780037264,52.482617293748
"773",2026,"Mar-26","045","Eaton","",53236,55585,2349,4.2,5.1,56.6,59.7,90227.741080028,2026-03-01,"Mar-26",61.6052217806257,59.0018096017521
"774",2026,"Mar-26","047","Emmet","",15773,16957,1184,7,5.1,56.6,59.7,29012.8622421798,2026-03-01,"Mar-26",58.4464912784351,54.3655426628978
"775",2026,"Mar-26","049","Genesee","",171212,182364,11152,6.1,5.1,56.6,59.7,325077.303136874,2026-03-01,"Mar-26",56.09865660883,52.6680879741122
"776",2026,"Mar-26","051","Gladwin","",9335,10052,717,7.1,5.1,56.6,59.7,22021.9985468881,2026-03-01,"Mar-26",45.6452668389647,42.3894315501129
"777",2026,"Mar-26","053","Gogebic","",5333,5684,351,6.2,5.1,56.6,59.7,12248.0166147065,2026-03-01,"Mar-26",46.4075137943158,43.5417436778828
"778",2026,"Mar-26","055","Grand Traverse","",49241,51268,2027,4,5.1,56.6,59.7,81797.9726747695,2026-03-01,"Mar-26",62.6763699924969,60.1983134665003
"779",2026,"Mar-26","057","Gratiot","",16180,17182,1002,5.8,5.1,56.6,59.7,34452.6683681966,2026-03-01,"Mar-26",49.8713185764758,46.9629807104748
"780",2026,"Mar-26","059","Hillsdale","",19204,20180,976,4.8,5.1,56.6,59.7,37066.3269133622,2026-03-01,"Mar-26",54.4429450675493,51.8098274071961
"781",2026,"Mar-26","061","Houghton","",16902,17850,948,5.3,5.1,56.6,59.7,32042.1356695552,2026-03-01,"Mar-26",55.7078972016217,52.7492929132667
"782",2026,"Mar-26","063","Huron","",12477,13300,823,6.2,5.1,56.6,59.7,25636.4094458252,2026-03-01,"Mar-26",51.8793399212379,48.6690619697207
"783",2026,"Mar-26","065","Ingham","",142092,148773,6681,4.5,5.1,56.6,59.7,243901.911566718,2026-03-01,"Mar-26",60.9970619108099,58.257845987046
"784",2026,"Mar-26","067","Ionia","",28998,30365,1367,4.5,5.1,56.6,59.7,54570.829594794,2026-03-01,"Mar-26",55.6432808983663,53.1382795814532
"785",2026,"Mar-26","069","Iosco","",8458,9279,821,8.8,5.1,56.6,59.7,21732.7055886954,2026-03-01,"Mar-26",42.6960185059822,38.9183020286235
"786",2026,"Mar-26","071","Iron","",3755,4101,346,8.4,5.1,56.6,59.7,10070.4287769428,2026-03-01,"Mar-26",40.7231915426443,37.2873894763787
"787",2026,"Mar-26","073","Isabella","",29003,30634,1631,5.3,5.1,56.6,59.7,54962.2564470577,2026-03-01,"Mar-26",55.7364307440838,52.7689397685794
"788",2026,"Mar-26","075","Jackson","",68161,71757,3596,5,5.1,56.6,59.7,132080.760635768,2026-03-01,"Mar-26",54.3281244403798,51.6055477511703
"789",2026,"Mar-26","079","Kalkaska","",7962,8534,572,6.7,5.1,56.6,59.7,15859.6840689948,2026-03-01,"Mar-26",53.8093947071981,50.2027654861391
"790",2026,"Mar-26","081","Kent","",337217,351007,13790,3.9,5.1,56.6,59.7,544520.195447905,2026-03-01,"Mar-26",64.4617046225939,61.9291998385139
"791",2026,"Mar-26","083","Keweenaw","",805,868,63,7.3,5.1,56.6,59.7,1940.05284655103,2026-03-01,"Mar-26",44.7410492731218,41.4937150516855
"792",2026,"Mar-26","085","Lake","",4075,4390,315,7.2,5.1,56.6,59.7,11896.82901418,2026-03-01,"Mar-26",36.9005891802555,34.2528248085516
"793",2026,"Mar-26","087","Lapeer","",40392,43124,2732,6.3,5.1,56.6,59.7,74767.9850656392,2026-03-01,"Mar-26",57.6770926247928,54.0231222822705
"794",2026,"Mar-26","089","Leelanau","",9906,10411,505,4.9,5.1,56.6,59.7,20355.208824805,2026-03-01,"Mar-26",51.146613574964,48.6656761188737
"795",2026,"Mar-26","091","Lenawee","",44457,46779,2322,5,5.1,56.6,59.7,80213.3754494025,2026-03-01,"Mar-26",58.3182040874312,55.4234250222307
"796",2026,"Mar-26","093","Livingston","",97288,101283,3995,3.9,5.1,56.6,59.7,165954.301270565,2026-03-01,"Mar-26",61.030656767897,58.6233675506765
"797",2026,"Mar-26","095","Luce","",1985,2141,156,7.3,5.1,56.6,59.7,5496.99509362938,2026-03-01,"Mar-26",38.9485521368077,36.1106380156765
"798",2026,"Mar-26","097","Mackinac","",3491,4360,869,19.9,5.1,56.6,59.7,9808.04007256243,2026-03-01,"Mar-26",44.453325717917,35.5932477250569
"799",2026,"Mar-26","099","Macomb","",426584,449808,23224,5.2,5.1,56.6,59.7,731923.885069383,2026-03-01,"Mar-26",61.4555706099631,58.2825630782034
"800",2026,"Mar-26","101","Manistee","",9821,10515,694,6.6,5.1,56.6,59.7,22290.9882201227,2026-03-01,"Mar-26",47.1715291227324,44.0581633394536
"801",2026,"Mar-26","103","Marquette","",30764,32749,1985,6.1,5.1,56.6,59.7,58864.1844201608,2026-03-01,"Mar-26",55.6348488008331,52.2626794255956
"802",2026,"Mar-26","105","Mason","",11267,12122,855,7.1,5.1,56.6,59.7,24743.1217791273,2026-03-01,"Mar-26",48.9913928735777,45.5358871066325
"803",2026,"Mar-26","107","Mecosta","",15870,16931,1061,6.3,5.1,56.6,59.7,35920.8968448258,2026-03-01,"Mar-26",47.134123830872,44.180411387156
"804",2026,"Mar-26","109","Menominee","",10176,10644,468,4.4,5.1,56.6,59.7,19722.2879886958,2026-03-01,"Mar-26",53.9693974963797,51.5964476628298
"805",2026,"Mar-26","111","Midland","",38445,40490,2045,5.1,5.1,56.6,59.7,69462.7921668372,2026-03-01,"Mar-26",58.2901993095098,55.3461771413708
"806",2026,"Mar-26","113","Missaukee","",6296,6709,413,6.2,5.1,56.6,59.7,12545.2848141089,2026-03-01,"Mar-26",53.4782597558469,50.1861862308559
"807",2026,"Mar-26","115","Monroe","",70776,74515,3739,5,5.1,56.6,59.7,129194.242014175,2026-03-01,"Mar-26",57.6767190536435,54.7826272259367
"808",2026,"Mar-26","117","Montcalm","",28961,30431,1470,4.8,5.1,56.6,59.7,58294.9013144241,2026-03-01,"Mar-26",52.2018209377607,49.6801595799838
"809",2026,"Mar-26","119","Montmorency","",3265,3598,333,9.3,5.1,56.6,59.7,8879.34810200664,2026-03-01,"Mar-26",40.5209927425516,36.7707174275794
"810",2026,"Mar-26","121","Muskegon","",77110,81295,4185,5.1,5.1,56.6,59.7,145168.640704655,2026-03-01,"Mar-26",56.0003865885845,53.1175325646811
"811",2026,"Mar-26","123","Newaygo","",20493,21688,1195,5.5,5.1,56.6,59.7,42822.0683473474,2026-03-01,"Mar-26",50.6467829252891,47.8561657362574
"812",2026,"Mar-26","125","Oakland","",658119,686430,28311,4.1,5.1,56.6,59.7,1082741.9326428,2026-03-01,"Mar-26",63.3973783877137,60.7826278967174
"813",2026,"Mar-26","127","Oceana","",9591,10473,882,8.4,5.1,56.6,59.7,22590.115003147,2026-03-01,"Mar-26",46.3609857609889,42.4566231675399
"814",2026,"Mar-26","129","Ogemaw","",6714,7455,741,9.9,5.1,56.6,59.7,17999.9993689995,2026-03-01,"Mar-26",41.4166681185522,37.3000013075734
"815",2026,"Mar-26","131","Ontonagon","",2031,2190,159,7.3,5.1,56.6,59.7,5258.10133163811,2026-03-01,"Mar-26",41.6500151266146,38.6261099187919
"816",2026,"Mar-26","133","Osceola","",9134,9764,630,6.5,5.1,56.6,59.7,19377.8064929192,2026-03-01,"Mar-26",50.3875400116513,47.1363980403956
"817",2026,"Mar-26","135","Oscoda","",1994,2266,272,12,5.1,56.6,59.7,7339.81473275038,2026-03-01,"Mar-26",30.8727138559652,27.1668982474822
"818",2026,"Mar-26","137","Otsego","",11428,12102,674,5.6,5.1,56.6,59.7,21879.3995898613,2026-03-01,"Mar-26",55.3123039336414,52.2317806439972
"819",2026,"Mar-26","139","Ottawa","",152201,158226,6025,3.8,5.1,56.6,59.7,252677.308889058,2026-03-01,"Mar-26",62.6197899192727,60.2353257081847
"820",2026,"Mar-26","141","Presque Isle","",4082,4590,508,11.1,5.1,56.6,59.7,11620.4077182517,2026-03-01,"Mar-26",39.4994746422767,35.1278552265302
"821",2026,"Mar-26","143","Roscommon","",7873,8645,772,8.9,5.1,56.6,59.7,21418.0676412682,2026-03-01,"Mar-26",40.3631183951576,36.7586849190371
"822",2026,"Mar-26","145","Saginaw","",77559,82713,5154,6.2,5.1,56.6,59.7,152614.640628808,2026-03-01,"Mar-26",54.1972904167013,50.8201570179891
"823",2026,"Mar-26","151","Sanilac","",16380,17569,1189,6.8,5.1,56.6,59.7,33268.7782995599,2026-03-01,"Mar-26",52.8092731323182,49.2353516937431
"824",2026,"Mar-26","153","Schoolcraft","",2970,3305,335,10.1,5.1,56.6,59.7,7029.72995278546,2026-03-01,"Mar-26",47.0146082736852,42.2491336075174
"825",2026,"Mar-26","155","Shiawassee","",31149,32902,1753,5.3,5.1,56.6,59.7,56049.0164362076,2026-03-01,"Mar-26",58.7021897832009,55.5745702254247
"826",2026,"Mar-26","147","St. Clair","",72780,77127,4347,5.6,5.1,56.6,59.7,133591.728595432,2026-03-01,"Mar-26",57.7333647905484,54.4794208183401
"827",2026,"Mar-26","157","Tuscola","",22168,23671,1503,6.3,5.1,56.6,59.7,43842.6520275836,2026-03-01,"Mar-26",53.9908032595916,50.5626347285128
"828",2026,"Mar-26","161","Washtenaw","",192155,199600,7445,3.7,5.1,56.6,59.7,316236.886461073,2026-03-01,"Mar-26",63.117241708794,60.7629938905477
"829",2026,"Mar-26","163","Wayne","",769691,821596,51905,6.3,5.1,56.6,59.7,1397499.57885826,2026-03-01,"Mar-26",58.7904291657272,55.0762956672108
"830",2026,"Mar-26","165","Wexford","",13876,14742,866,5.9,5.1,56.6,59.7,28256.0359476948,2026-03-01,"Mar-26",52.1729234323213,49.1080915443557
"831",2026,"Apr-26","077","Kalamazoo","",127294,132433,5139,3.9,4.5,56.3,59,218672.050128268,2026-04-01,"Apr-26",60.5623809363465,58.2122863554499
"832",2026,"Apr-26","021","Berrien","",68723,71870,3147,4.4,4.5,56.3,59,125142.305965038,2026-04-01,"Apr-26",57.430618243585,54.9158811403074
"833",2026,"Apr-26","023","Branch","",20944,21770,826,3.8,4.5,56.3,59,37323.4735431571,2026-04-01,"Apr-26",58.3279044883841,56.1148200094036
"834",2026,"Apr-26","025","Calhoun","",57724,60596,2872,4.7,4.5,56.3,59,107836.115869887,2026-04-01,"Apr-26",56.1926767402433,53.5293760669649
"835",2026,"Apr-26","027","Cass","",21867,22780,913,4,4.5,56.3,59,42997.7990206337,2026-04-01,"Apr-26",52.9794559695216,50.8560914699529
"836",2026,"Apr-26","149","St. Joseph","",25903,27006,1103,4.1,4.5,56.3,59,48832.0288044996,2026-04-01,"Apr-26",55.3038664605136,53.045103048459
"837",2026,"Apr-26","159","Van Buren","",33013,34614,1601,4.6,4.5,56.3,59,61619.9181181948,2026-04-01,"Apr-26",56.1733949947905,53.5752091339636
"838",2026,"Apr-26","001","Alcona","",2933,3188,255,8,4.5,56.3,59,9618.07303531971,2026-04-01,"Apr-26",33.1459325406758,30.4946738211424
"839",2026,"Apr-26","003","Alger","",2925,3259,334,10.2,4.5,56.3,59,7598.06853162149,2026-04-01,"Apr-26",42.8924796668621,38.496625659887
"840",2026,"Apr-26","005","Allegan","",59181,61436,2255,3.7,4.5,56.3,59,100185.227164711,2026-04-01,"Apr-26",61.3224142307882,59.0715833809538
"841",2026,"Apr-26","007","Alpena","",12502,13119,617,4.7,4.5,56.3,59,24269.7449941957,2026-04-01,"Apr-26",54.0549560909581,51.5126961696134
"842",2026,"Apr-26","009","Antrim","",9293,9920,627,6.3,4.5,56.3,59,21743.2567047926,2026-04-01,"Apr-26",45.6233403058404,42.7396876473967
"843",2026,"Apr-26","011","Arenac","",5856,6337,481,7.6,4.5,56.3,59,12756.4611703224,2026-04-01,"Apr-26",49.6767866525778,45.9061484357733
"844",2026,"Apr-26","013","Baraga","",2857,3075,218,7.1,4.5,56.3,59,6967.6574932093,2026-04-01,"Apr-26",44.1324792872914,41.0037376662736
"845",2026,"Apr-26","015","Barry","",27920,29124,1204,4.1,4.5,56.3,59,53258.9122932352,2026-04-01,"Apr-26",54.6838054815086,52.423150976642
"846",2026,"Apr-26","017","Bay","",44461,47065,2604,5.5,4.5,56.3,59,85629.6486350357,2026-04-01,"Apr-26",54.963439358016,51.9224365727557
"847",2026,"Apr-26","019","Benzie","",8096,8561,465,5.4,4.5,56.3,59,16201.6365580965,2026-04-01,"Apr-26",52.8403409698867,49.9702605410819
"848",2026,"Apr-26","029","Charlevoix","",11748,12404,656,5.3,4.5,56.3,59,22454.489874952,2026-04-01,"Apr-26",55.2406225618008,52.3191578406995
"849",2026,"Apr-26","031","Cheboygan","",9263,10409,1146,11,4.5,56.3,59,23051.4551477835,2026-04-01,"Apr-26",45.1555007407022,40.1840141570876
"850",2026,"Apr-26","033","Chippewa","",15618,16847,1229,7.3,4.5,56.3,59,30474.9736585626,2026-04-01,"Apr-26",55.281425962009,51.2486086944059
"851",2026,"Apr-26","035","Clare","",10976,11707,731,6.2,4.5,56.3,59,26554.9408274733,2026-04-01,"Apr-26",44.0859577735837,41.3331743848001
"852",2026,"Apr-26","037","Clinton","",38558,39896,1338,3.4,4.5,56.3,59,66456.523968024,2026-04-01,"Apr-26",60.0332331844444,58.0198868339133
"853",2026,"Apr-26","039","Crawford","",4953,5337,384,7.2,4.5,56.3,59,11882.6568487049,2026-04-01,"Apr-26",44.9141977922361,41.6825972765496
"854",2026,"Apr-26","041","Delta","",15067,16012,945,5.9,4.5,56.3,59,30998.3169359672,2026-04-01,"Apr-26",51.6544173449022,48.6058647349264
"855",2026,"Apr-26","043","Dickinson","",11201,11719,518,4.4,4.5,56.3,59,21738.6262124528,2026-04-01,"Apr-26",53.9086503694832,51.5257951009968
"856",2026,"Apr-26","045","Eaton","",52218,54234,2016,3.7,4.5,56.3,59,90227.741080028,2026-04-01,"Apr-26",60.1078995781318,57.8735534935812
"857",2026,"Apr-26","047","Emmet","",15216,16347,1131,6.9,4.5,56.3,59,29012.8622421798,2026-04-01,"Apr-26",56.3439755221194,52.4457045050816
"858",2026,"Apr-26","049","Genesee","",168765,178836,10071,5.6,4.5,56.3,59,325077.303136874,2026-04-01,"Apr-26",55.0133762875168,51.9153439417275
"859",2026,"Apr-26","051","Gladwin","",9284,9896,612,6.2,4.5,56.3,59,22021.9985468881,2026-04-01,"Apr-26",44.936884265658,42.1578449396088
"860",2026,"Apr-26","053","Gogebic","",5156,5490,334,6.1,4.5,56.3,59,12248.0166147065,2026-04-01,"Apr-26",44.8235838724127,42.0966117388269
"861",2026,"Apr-26","055","Grand Traverse","",48521,50254,1733,3.4,4.5,56.3,59,81797.9726747695,2026-04-01,"Apr-26",61.4367304674053,59.3180960522341
"862",2026,"Apr-26","057","Gratiot","",16008,16890,882,5.2,4.5,56.3,59,34452.6683681966,2026-04-01,"Apr-26",49.0237789987589,46.463745068806
"863",2026,"Apr-26","059","Hillsdale","",19104,19986,882,4.4,4.5,56.3,59,37066.3269133622,2026-04-01,"Apr-26",53.919558975225,51.5400407616681
"864",2026,"Apr-26","061","Houghton","",16356,17270,914,5.3,4.5,56.3,59,32042.1356695552,2026-04-01,"Apr-26",53.897780653894,51.045286645923
"865",2026,"Apr-26","063","Huron","",12748,13456,708,5.3,4.5,56.3,59,25636.4094458252,2026-04-01,"Apr-26",52.4878494721938,49.7261522793941
"866",2026,"Apr-26","065","Ingham","",139213,145232,6019,4.1,4.5,56.3,59,243901.911566718,2026-04-01,"Apr-26",59.545248771153,57.0774534343569
"867",2026,"Apr-26","067","Ionia","",28821,29968,1147,3.8,4.5,56.3,59,54570.829594794,2026-04-01,"Apr-26",54.9157860023791,52.8139304716553
"868",2026,"Apr-26","069","Iosco","",8436,9096,660,7.3,4.5,56.3,59,21732.7055886954,2026-04-01,"Apr-26",41.8539696444028,38.817072110838
"869",2026,"Apr-26","071","Iron","",3688,4004,316,7.9,4.5,56.3,59,10070.4287769428,2026-04-01,"Apr-26",39.7599753564369,36.6220752034314
"870",2026,"Apr-26","073","Isabella","",28694,30112,1418,4.7,4.5,56.3,59,54962.2564470577,2026-04-01,"Apr-26",54.7866880774907,52.2067357762858
"871",2026,"Apr-26","075","Jackson","",67161,70230,3069,4.4,4.5,56.3,59,132080.760635768,2026-04-01,"Apr-26",53.1720135937661,50.848435212458
"872",2026,"Apr-26","079","Kalkaska","",7882,8366,484,5.8,4.5,56.3,59,15859.6840689948,2026-04-01,"Apr-26",52.750105005908,49.6983418188581
"873",2026,"Apr-26","081","Kent","",330964,343496,12532,3.6,4.5,56.3,59,544520.195447905,2026-04-01,"Apr-26",63.0823251132955,60.7808494095906
"874",2026,"Apr-26","083","Keweenaw","",771,838,67,8,4.5,56.3,59,1940.05284655103,2026-04-01,"Apr-26",43.1946996438664,39.7411854718628
"875",2026,"Apr-26","085","Lake","",4063,4329,266,6.1,4.5,56.3,59,11896.82901418,2026-04-01,"Apr-26",36.3878475082748,34.1519575943914
"876",2026,"Apr-26","087","Lapeer","",40822,42830,2008,4.7,4.5,56.3,59,74767.9850656392,2026-04-01,"Apr-26",57.2838761970104,54.5982347446733
"877",2026,"Apr-26","089","Leelanau","",9833,10255,422,4.1,4.5,56.3,59,20355.208824805,2026-04-01,"Apr-26",50.3802249746668,48.3070455559141
"878",2026,"Apr-26","091","Lenawee","",44219,46139,1920,4.2,4.5,56.3,59,80213.3754494025,2026-04-01,"Apr-26",57.5203321659289,55.126716401422
"879",2026,"Apr-26","093","Livingston","",98097,101382,3285,3.2,4.5,56.3,59,165954.301270565,2026-04-01,"Apr-26",61.0903117447443,59.1108511493577
"880",2026,"Apr-26","095","Luce","",1928,2093,165,7.9,4.5,56.3,59,5496.99509362938,2026-04-01,"Apr-26",38.0753477918443,35.0737078560323
"881",2026,"Apr-26","097","Mackinac","",3883,4556,673,14.8,4.5,56.3,59,9808.04007256243,2026-04-01,"Apr-26",46.4516862318417,39.5899687529063
"882",2026,"Apr-26","099","Macomb","",429742,448921,19179,4.3,4.5,56.3,59,731923.885069383,2026-04-01,"Apr-26",61.3343831452425,58.7140287079527
"883",2026,"Apr-26","101","Manistee","",9865,10462,597,5.7,4.5,56.3,59,22290.9882201227,2026-04-01,"Apr-26",46.9337648770353,44.2555525245606
"884",2026,"Apr-26","103","Marquette","",30396,32168,1772,5.5,4.5,56.3,59,58864.1844201608,2026-04-01,"Apr-26",54.647830963547,51.6375115011183
"885",2026,"Apr-26","105","Mason","",11284,11983,699,5.8,4.5,56.3,59,24743.1217791273,2026-04-01,"Apr-26",48.4296205909983,45.6045930692502
"886",2026,"Apr-26","107","Mecosta","",15900,16778,878,5.2,4.5,56.3,59,35920.8968448258,2026-04-01,"Apr-26",46.7081879176877,44.2639282328784
"887",2026,"Apr-26","109","Menominee","",9994,10438,444,4.3,4.5,56.3,59,19722.2879886958,2026-04-01,"Apr-26",52.9248939371676,50.6736338386714
"888",2026,"Apr-26","111","Midland","",37902,39707,1805,4.5,4.5,56.3,59,69462.7921668372,2026-04-01,"Apr-26",57.1629771297285,54.5644636756987
"889",2026,"Apr-26","113","Missaukee","",6304,6630,326,4.9,4.5,56.3,59,12545.2848141089,2026-04-01,"Apr-26",52.8485410912603,50.2499552095482
"890",2026,"Apr-26","115","Monroe","",69697,72960,3263,4.5,4.5,56.3,59,129194.242014175,2026-04-01,"Apr-26",56.4731050413183,53.9474506861946
"891",2026,"Apr-26","117","Montcalm","",28618,29835,1217,4.1,4.5,56.3,59,58294.9013144241,2026-04-01,"Apr-26",51.1794330675328,49.0917719298359
"892",2026,"Apr-26","119","Montmorency","",3266,3563,297,8.3,4.5,56.3,59,8879.34810200664,2026-04-01,"Apr-26",40.1268196613983,36.7819795156124
"893",2026,"Apr-26","121","Muskegon","",75777,79557,3780,4.8,4.5,56.3,59,145168.640704655,2026-04-01,"Apr-26",54.8031583225047,52.1992901718823
"894",2026,"Apr-26","123","Newaygo","",20480,21514,1034,4.8,4.5,56.3,59,42822.0683473474,2026-04-01,"Apr-26",50.24045038061,47.8258075576319
"895",2026,"Apr-26","125","Oakland","",662787,687083,24296,3.5,4.5,56.3,59,1082741.9326428,2026-04-01,"Apr-26",63.4576882344383,61.2137555605926
"896",2026,"Apr-26","127","Oceana","",9958,10693,735,6.9,4.5,56.3,59,22590.115003147,2026-04-01,"Apr-26",47.3348630518719,44.081227557331
"897",2026,"Apr-26","129","Ogemaw","",6867,7472,605,8.1,4.5,56.3,59,17999.9993689995,2026-04-01,"Apr-26",41.5111125663074,38.1500013373706
"898",2026,"Apr-26","131","Ontonagon","",1943,2101,158,7.5,4.5,56.3,59,5258.10133163811,2026-04-01,"Apr-26",39.9573889411038,36.9525020050284
"899",2026,"Apr-26","133","Osceola","",9037,9566,529,5.5,4.5,56.3,59,19377.8064929192,2026-04-01,"Apr-26",49.3657525349709,46.6358253876785
"900",2026,"Apr-26","135","Oscoda","",2061,2295,234,10.2,4.5,56.3,59,7339.81473275038,2026-04-01,"Apr-26",31.2678191965755,28.0797278275129
"901",2026,"Apr-26","137","Otsego","",11254,11903,649,5.5,4.5,56.3,59,21879.3995898613,2026-04-01,"Apr-26",54.40277257661,51.4365120202612
"902",2026,"Apr-26","139","Ottawa","",149618,154963,5345,3.4,4.5,56.3,59,252677.308889058,2026-04-01,"Apr-26",61.3284195091847,59.2130732505514
"903",2026,"Apr-26","141","Presque Isle","",4106,4525,419,9.3,4.5,56.3,59,11620.4077182517,2026-04-01,"Apr-26",38.9401138902619,35.3343884272741
"904",2026,"Apr-26","143","Roscommon","",7960,8652,692,8,4.5,56.3,59,21418.0676412682,2026-04-01,"Apr-26",40.3958010821172,37.1648840283926
"905",2026,"Apr-26","145","Saginaw","",76418,81023,4605,5.7,4.5,56.3,59,152614.640628808,2026-04-01,"Apr-26",53.0899261474301,50.0725223249487
"906",2026,"Apr-26","151","Sanilac","",16422,17445,1023,5.9,4.5,56.3,59,33268.7782995599,2026-04-01,"Apr-26",52.4365513002044,49.3615961852655
"907",2026,"Apr-26","153","Schoolcraft","",3017,3303,286,8.7,4.5,56.3,59,7029.72995278546,2026-04-01,"Apr-26",46.9861576786633,42.917722590532
"908",2026,"Apr-26","155","Shiawassee","",30773,32324,1551,4.8,4.5,56.3,59,56049.0164362076,2026-04-01,"Apr-26",57.6709495639227,54.9037288371053
"909",2026,"Apr-26","147","St. Clair","",73487,76888,3401,4.4,4.5,56.3,59,133591.728595432,2026-04-01,"Apr-26",57.5544614987707,55.0086452002934
"910",2026,"Apr-26","157","Tuscola","",22022,23367,1345,5.8,4.5,56.3,59,43842.6520275836,2026-04-01,"Apr-26",53.2974145480494,50.229625676259
"911",2026,"Apr-26","161","Washtenaw","",187874,194663,6789,3.5,4.5,56.3,59,316236.886461073,2026-04-01,"Apr-26",61.5560702543035,59.4092618677253
"912",2026,"Apr-26","163","Wayne","",773233,816733,43500,5.3,4.5,56.3,59,1397499.57885826,2026-04-01,"Apr-26",58.4424505277677,55.3297483375074
"913",2026,"Apr-26","165","Wexford","",13471,14238,767,5.4,4.5,56.3,59,28256.0359476948,2026-04-01,"Apr-26",50.3892337423275,47.6747694720391
"914",2026,"May-26","077","Kalamazoo","",125718,131861,6143,4.7,5.2,56.3,59.4,218672.050128268,2026-05-01,"May-26",60.3008020104324,57.4915723917423
"915",2026,"May-26","021","Berrien","",68806,72467,3661,5.1,5.2,56.3,59.4,125142.305965038,2026-05-01,"May-26",57.9076751392497,54.9822056333395
"916",2026,"May-26","023","Branch","",20894,21841,947,4.3,5.2,56.3,59.4,37323.4735431571,2026-05-01,"May-26",58.5181332995313,55.9808560578915
"917",2026,"May-26","025","Calhoun","",57633,60888,3255,5.3,5.2,56.3,59.4,107836.115869887,2026-05-01,"May-26",56.463458006468,53.4449887545456
"918",2026,"May-26","027","Cass","",21745,22856,1111,4.9,5.2,56.3,59.4,42997.7990206337,2026-05-01,"May-26",53.1562092027825,50.5723560165604
"919",2026,"May-26","149","St. Joseph","",25640,26981,1341,5,5.2,56.3,59.4,48832.0288044996,2026-05-01,"May-26",55.2526705536221,52.5065221079601
"920",2026,"May-26","159","Van Buren","",33088,34846,1758,5,5.2,56.3,59.4,61619.9181181948,2026-05-01,"May-26",56.5498966310877,53.696923025008
"921",2026,"May-26","001","Alcona","",2996,3258,262,8,5.2,56.3,59.4,9618.07303531971,2026-05-01,"May-26",33.8737290519202,31.1496906812624
"922",2026,"May-26","003","Alger","",3114,3385,271,8,5.2,56.3,59.4,7598.06853162149,2026-05-01,"May-26",44.5507958491342,40.9840999332951
"923",2026,"May-26","005","Allegan","",59584,62163,2579,4.1,5.2,56.3,59.4,100185.227164711,2026-05-01,"May-26",62.048070118961,59.4738382955805
"924",2026,"May-26","007","Alpena","",12508,13173,665,5,5.2,56.3,59.4,24269.7449941957,2026-05-01,"May-26",54.2774553385312,51.5374183082326
"925",2026,"May-26","009","Antrim","",9837,10425,588,5.6,5.2,56.3,59.4,21743.2567047926,2026-05-01,"May-26",47.9458994645551,45.2416127609428
"926",2026,"May-26","011","Arenac","",5874,6309,435,6.9,5.2,56.3,59.4,12756.4611703224,2026-05-01,"May-26",49.4572900412046,46.0472534002275
"927",2026,"May-26","013","Baraga","",2854,3048,194,6.4,5.2,56.3,59.4,6967.6574932093,2026-05-01,"May-26",43.7449745911103,40.9606815889202
"928",2026,"May-26","015","Barry","",27778,29201,1423,4.9,5.2,56.3,59.4,53258.9122932352,2026-05-01,"May-26",54.8283822230989,52.1565289337092
"929",2026,"May-26","017","Bay","",44441,47141,2700,5.7,5.2,56.3,59.4,85629.6486350357,2026-05-01,"May-26",55.0521936635766,51.8990801765556
"930",2026,"May-26","019","Benzie","",8224,8649,425,4.9,5.2,56.3,59.4,16201.6365580965,2026-05-01,"May-26",53.383495975768,50.7603041860002
"931",2026,"May-26","029","Charlevoix","",12363,12981,618,4.8,5.2,56.3,59.4,22454.489874952,2026-05-01,"May-26",57.8102645497208,55.058031016732
"932",2026,"May-26","031","Cheboygan","",10258,10917,659,6,5.2,56.3,59.4,23051.4551477835,2026-05-01,"May-26",47.3592661721823,44.5004444805575
"933",2026,"May-26","033","Chippewa","",16049,17114,1065,6.2,5.2,56.3,59.4,30474.9736585626,2026-05-01,"May-26",56.1575546930505,52.6628839119299
"934",2026,"May-26","035","Clare","",10988,11775,787,6.7,5.2,56.3,59.4,26554.9408274733,2026-05-01,"May-26",44.3420306469589,41.3783637153957
"935",2026,"May-26","037","Clinton","",38043,39678,1635,4.1,5.2,56.3,59.4,66456.523968024,2026-05-01,"May-26",59.705199175165,57.2449441055699
"936",2026,"May-26","039","Crawford","",5097,5441,344,6.3,5.2,56.3,59.4,11882.6568487049,2026-05-01,"May-26",45.7894229319012,42.894447469932
"937",2026,"May-26","041","Delta","",15158,16125,967,6,5.2,56.3,59.4,30998.3169359672,2026-05-01,"May-26",52.0189532654601,48.8994290603315
"938",2026,"May-26","043","Dickinson","",11300,11887,587,4.9,5.2,56.3,59.4,21738.6262124528,2026-05-01,"May-26",54.6814682943977,51.9812056638928
"939",2026,"May-26","045","Eaton","",51617,54052,2435,4.5,5.2,56.3,59.4,90227.741080028,2026-05-01,"May-26",59.9061877788321,57.2074612332564
"940",2026,"May-26","047","Emmet","",15948,16806,858,5.1,5.2,56.3,59.4,29012.8622421798,2026-05-01,"May-26",57.9260324600685,54.9687234126605
"941",2026,"May-26","049","Genesee","",168816,179676,10860,6,5.2,56.3,59.4,325077.303136874,2026-05-01,"May-26",55.2717763640199,51.9310325178009
"942",2026,"May-26","051","Gladwin","",9337,9978,641,6.4,5.2,56.3,59.4,22021.9985468881,2026-05-01,"May-26",45.3092392080371,42.3985133779758
"943",2026,"May-26","053","Gogebic","",5096,5455,359,6.6,5.2,56.3,59.4,12248.0166147065,2026-05-01,"May-26",44.537823319492,41.6067365052486
"944",2026,"May-26","055","Grand Traverse","",49340,51353,2013,3.9,5.2,56.3,59.4,81797.9726747695,2026-05-01,"May-26",62.7802845483477,60.3193433609619
"945",2026,"May-26","057","Gratiot","",15747,16683,936,5.6,5.2,56.3,59.4,34452.6683681966,2026-05-01,"May-26",48.4229547090761,45.7061840079015
"946",2026,"May-26","059","Hillsdale","",19035,20069,1034,5.2,5.2,56.3,59.4,37066.3269133622,2026-05-01,"May-26",54.1434818910132,51.3538879762537
"947",2026,"May-26","061","Houghton","",15442,16403,961,5.9,5.2,56.3,59.4,32042.1356695552,2026-05-01,"May-26",51.1919685041009,48.192792637952
"948",2026,"May-26","063","Huron","",12772,13517,745,5.5,5.2,56.3,59.4,25636.4094458252,2026-05-01,"May-26",52.7257923094265,49.8197691333873
"949",2026,"May-26","065","Ingham","",137698,144738,7040,4.9,5.2,56.3,59.4,243901.911566718,2026-05-01,"May-26",59.3427083331438,56.4563020910696
"950",2026,"May-26","067","Ionia","",28568,29908,1340,4.5,5.2,56.3,59.4,54570.829594794,2026-05-01,"May-26",54.8058371516001,52.3503128175375
"951",2026,"May-26","069","Iosco","",8563,9193,630,6.9,5.2,56.3,59.4,21732.7055886954,2026-05-01,"May-26",42.3003015546389,39.4014448180542
"952",2026,"May-26","071","Iron","",3728,4020,292,7.3,5.2,56.3,59.4,10070.4287769428,2026-05-01,"May-26",39.9188563768422,37.0192777544447
"953",2026,"May-26","073","Isabella","",28046,29665,1619,5.5,5.2,56.3,59.4,54962.2564470577,2026-05-01,"May-26",53.9734026905805,51.0277448798255
"954",2026,"May-26","075","Jackson","",67133,70778,3645,5.1,5.2,56.3,59.4,132080.760635768,2026-05-01,"May-26",53.5869112649804,50.827236061374
"955",2026,"May-26","079","Kalkaska","",7994,8461,467,5.5,5.2,56.3,59.4,15859.6840689948,2026-05-01,"May-26",53.3491081108042,50.4045349530515
"956",2026,"May-26","081","Kent","",330543,345589,15046,4.4,5.2,56.3,59.4,544520.195447905,2026-05-01,"May-26",63.4667002048894,60.7035336362696
"957",2026,"May-26","083","Keweenaw","",798,862,64,7.4,5.2,56.3,59.4,1940.05284655103,2026-05-01,"May-26",44.4317793472707,41.1329001381926
"958",2026,"May-26","085","Lake","",4103,4399,296,6.7,5.2,56.3,59.4,11896.82901418,2026-05-01,"May-26",36.9762395908757,34.4881816415919
"959",2026,"May-26","087","Lapeer","",40734,42986,2252,5.2,5.2,56.3,59.4,74767.9850656392,2026-05-01,"May-26",57.4925216484868,54.4805373105071
"960",2026,"May-26","089","Leelanau","",9935,10394,459,4.4,5.2,56.3,59.4,20355.208824805,2026-05-01,"May-26",51.0630968685214,48.8081457945699
"961",2026,"May-26","091","Lenawee","",43782,46080,2298,5,5.2,56.3,59.4,80213.3754494025,2026-05-01,"May-26",57.4467783481654,54.5819194800212
"962",2026,"May-26","093","Livingston","",98031,102469,4438,4.3,5.2,56.3,59.4,165954.301270565,2026-05-01,"May-26",61.7453113390168,59.0710811647928
"963",2026,"May-26","095","Luce","",1972,2135,163,7.6,5.2,56.3,59.4,5496.99509362938,2026-05-01,"May-26",38.8394015936873,35.8741451722489
"964",2026,"May-26","097","Mackinac","",4951,5248,297,5.7,5.2,56.3,59.4,9808.04007256243,2026-05-01,"May-26",53.5071223320248,50.4789944104144
"965",2026,"May-26","099","Macomb","",429722,453866,24144,5.3,5.2,56.3,59.4,731923.885069383,2026-05-01,"May-26",62.0099998454041,58.7112961833817
"966",2026,"May-26","101","Manistee","",10096,10713,617,5.8,5.2,56.3,59.4,22290.9882201227,2026-05-01,"May-26",48.0597804557139,45.2918457463724
"967",2026,"May-26","103","Marquette","",29363,31112,1749,5.6,5.2,56.3,59.4,58864.1844201608,2026-05-01,"May-26",52.8538708324382,49.8826243652894
"968",2026,"May-26","105","Mason","",11561,12282,721,5.9,5.2,56.3,59.4,24743.1217791273,2026-05-01,"May-26",49.6380372276259,46.7240961071961
"969",2026,"May-26","107","Mecosta","",15585,16563,978,5.9,5.2,56.3,59.4,35920.8968448258,2026-05-01,"May-26",46.1096505233437,43.3870013527931
"970",2026,"May-26","109","Menominee","",10086,10582,496,4.7,5.2,56.3,59.4,19722.2879886958,2026-05-01,"May-26",53.6550323474906,51.1401111563778
"971",2026,"May-26","111","Midland","",37926,39939,2013,5,5.2,56.3,59.4,69462.7921668372,2026-05-01,"May-26",57.4969688867007,54.5990145471096
"972",2026,"May-26","113","Missaukee","",6324,6648,324,4.9,5.2,56.3,59.4,12545.2848141089,2026-05-01,"May-26",52.992021293318,50.409377656279
"973",2026,"May-26","115","Monroe","",69474,73284,3810,5.2,5.2,56.3,59.4,129194.242014175,2026-05-01,"May-26",56.723890211732,53.7748423744593
"974",2026,"May-26","117","Montcalm","",28460,29869,1409,4.7,5.2,56.3,59.4,58294.9013144241,2026-05-01,"May-26",51.2377572077807,48.8207362192721
"975",2026,"May-26","119","Montmorency","",3333,3591,258,7.2,5.2,56.3,59.4,8879.34810200664,2026-05-01,"May-26",40.4421581263209,37.53653941382
"976",2026,"May-26","121","Muskegon","",76110,80417,4307,5.4,5.2,56.3,59.4,145168.640704655,2026-05-01,"May-26",55.3955727694717,52.4286785565799
"977",2026,"May-26","123","Newaygo","",20445,21583,1138,5.3,5.2,56.3,59.4,42822.0683473474,2026-05-01,"May-26",50.4015822517759,47.7440739997942
"978",2026,"May-26","125","Oakland","",662827,695090,32263,4.6,5.2,56.3,59.4,1082741.9326428,2026-05-01,"May-26",64.1971996321779,61.2174498850474
"979",2026,"May-26","127","Oceana","",10244,10948,704,6.4,5.2,56.3,59.4,22590.115003147,2026-05-01,"May-26",48.4636753663045,45.3472680354789
"980",2026,"May-26","129","Ogemaw","",6981,7538,557,7.4,5.2,56.3,59.4,17999.9993689995,2026-05-01,"May-26",41.8777792458278,38.7833346929058
"981",2026,"May-26","131","Ontonagon","",1985,2161,176,8.1,5.2,56.3,59.4,5258.10133163811,2026-05-01,"May-26",41.0984852459426,37.7512694184155
"982",2026,"May-26","133","Osceola","",8895,9429,534,5.7,5.2,56.3,59.4,19377.8064929192,2026-05-01,"May-26",48.6587581697931,45.9030283084431
"983",2026,"May-26","135","Oscoda","",2196,2418,222,9.2,5.2,56.3,59.4,7339.81473275038,2026-05-01,"May-26",32.9436108136469,29.9190113096644
"984",2026,"May-26","137","Otsego","",11659,12279,620,5,5.2,56.3,59.4,21879.3995898613,2026-05-01,"May-26",56.1212840853729,53.2875682996468
"985",2026,"May-26","139","Ottawa","",149274,155857,6583,4.2,5.2,56.3,59.4,252677.308889058,2026-05-01,"May-26",61.6822304643237,59.0769312275449
"986",2026,"May-26","141","Presque Isle","",4154,4514,360,8,5.2,56.3,59.4,11620.4077182517,2026-05-01,"May-26",38.8454528399209,35.747454828762
"987",2026,"May-26","143","Roscommon","",8392,9025,633,7,5.2,56.3,59.4,21418.0676412682,2026-05-01,"May-26",42.1373214015381,39.1818727093305
"988",2026,"May-26","145","Saginaw","",75748,80668,4920,6.1,5.2,56.3,59.4,152614.640628808,2026-05-01,"May-26",52.8573141263702,49.6335080880187
"989",2026,"May-26","151","Sanilac","",16299,17341,1042,6,5.2,56.3,59.4,33268.7782995599,2026-05-01,"May-26",52.123945892625,48.9918801743784
"990",2026,"May-26","153","Schoolcraft","",3076,3312,236,7.1,5.2,56.3,59.4,7029.72995278546,2026-05-01,"May-26",47.1141853562618,43.757015143678
"991",2026,"May-26","155","Shiawassee","",30653,32324,1671,5.2,5.2,56.3,59.4,56049.0164362076,2026-05-01,"May-26",57.6709495639227,54.6896305216843
"992",2026,"May-26","147","St. Clair","",73371,77491,4120,5.3,5.2,56.3,59.4,133591.728595432,2026-05-01,"May-26",58.0058367495739,54.9218134770875
"993",2026,"May-26","157","Tuscola","",21874,23232,1358,5.8,5.2,56.3,59.4,43842.6520275836,2026-05-01,"May-26",52.9894952189106,49.8920548561661
"994",2026,"May-26","161","Washtenaw","",186873,195335,8462,4.3,5.2,56.3,59.4,316236.886461073,2026-05-01,"May-26",61.768569184305,59.0927270032438
"995",2026,"May-26","163","Wayne","",771873,825065,53192,6.4,5.2,56.3,59.4,1397499.57885826,2026-05-01,"May-26",59.0386582208539,55.2324316713291
"996",2026,"May-26","165","Wexford","",13590,14359,769,5.4,5.2,56.3,59.4,28256.0359476948,2026-05-01,"May-26",50.8174608305998,48.095918426621
"997",2026,"Jun-26","077","Kalamazoo","P Preliminary.",123982,129787,5805,4.5,5.1,56.1,59.1,218672.050128268,2026-06-01,"Jun-26p",59.3523497510863,56.6976894977091
"998",2026,"Jun-26","021","Berrien","P Preliminary.",68412,71904,3492,4.9,5.1,56.1,59.1,125142.305965038,2026-06-01,"Jun-26p",57.4577873130198,54.6673640640063
"999",2026,"Jun-26","023","Branch","P Preliminary.",20809,21689,880,4.1,5.1,56.1,59.1,37323.4735431571,2026-06-01,"Jun-26p",58.1108828869344,55.7531173403208
"1000",2026,"Jun-26","025","Calhoun","P Preliminary.",57100,60168,3068,5.1,5.1,56.1,59.1,107836.115869887,2026-06-01,"Jun-26p",55.7957781719414,52.9507202103752
"1001",2026,"Jun-26","027","Cass","P Preliminary.",21449,22517,1068,4.7,5.1,56.1,59.1,42997.7990206337,2026-06-01,"Jun-26p",52.3677967544213,49.8839486870179
"1002",2026,"Jun-26","149","St. Joseph","P Preliminary.",25574,26868,1294,4.8,5.1,56.1,59.1,48832.0288044996,2026-06-01,"Jun-26p",55.0212650544723,52.3713649137664
"1003",2026,"Jun-26","159","Van Buren","P Preliminary.",33201,34875,1674,4.8,5.1,56.1,59.1,61619.9181181948,2026-06-01,"Jun-26p",56.5969593356248,53.8803052875148
"1004",2026,"Jun-26","001","Alcona","P Preliminary.",3041,3282,241,7.3,5.1,56.1,59.1,9618.07303531971,2026-06-01,"Jun-26p",34.1232592843469,31.6175598670625
"1005",2026,"Jun-26","003","Alger","P Preliminary.",3335,3543,208,5.9,5.1,56.1,59.1,7598.06853162149,2026-06-01,"Jun-26p",46.6302716967452,43.8927338720421
"1006",2026,"Jun-26","005","Allegan","P Preliminary.",59357,61783,2426,3.9,5.1,56.1,59.1,100185.227164711,2026-06-01,"Jun-26p",61.6687726808514,59.2472579838677
"1007",2026,"Jun-26","007","Alpena","P Preliminary.",12300,12938,638,4.9,5.1,56.1,59.1,24269.7449941957,2026-06-01,"Jun-26p",53.3091715759445,50.6803841694324
"1008",2026,"Jun-26","009","Antrim","P Preliminary.",10353,10871,518,4.8,5.1,56.1,59.1,21743.2567047926,2026-06-01,"Jun-26p",49.9971101274991,47.614762317174
"1009",2026,"Jun-26","011","Arenac","P Preliminary.",5989,6379,390,6.1,5.1,56.1,59.1,12756.4611703224,2026-06-01,"Jun-26p",50.0060315696376,46.9487573397962
"1010",2026,"Jun-26","013","Baraga","P Preliminary.",2871,3047,176,5.8,5.1,56.1,59.1,6967.6574932093,2026-06-01,"Jun-26p",43.7306225653258,41.2046660272564
"1011",2026,"Jun-26","015","Barry","P Preliminary.",27512,28835,1323,4.6,5.1,56.1,59.1,53258.9122932352,2026-06-01,"Jun-26p",54.1411732955398,51.6570820082154
"1012",2026,"Jun-26","017","Bay","P Preliminary.",43886,46371,2485,5.4,5.1,56.1,59.1,85629.6486350357,2026-06-01,"Jun-26p",54.1529724098706,51.2509401820013
"1013",2026,"Jun-26","019","Benzie","P Preliminary.",8311,8685,374,4.3,5.1,56.1,59.1,16201.6365580965,2026-06-01,"Jun-26p",53.6056957509013,51.2972869759056
"1014",2026,"Jun-26","029","Charlevoix","P Preliminary.",13007,13523,516,3.8,5.1,56.1,59.1,22454.489874952,2026-06-01,"Jun-26p",60.2240357064844,57.9260543100083
"1015",2026,"Jun-26","031","Cheboygan","P Preliminary.",10691,11237,546,4.9,5.1,56.1,59.1,23051.4551477835,2026-06-01,"Jun-26p",48.7474648691777,46.3788508424293
"1016",2026,"Jun-26","033","Chippewa","P Preliminary.",15937,16886,949,5.6,5.1,56.1,59.1,30474.9736585626,2026-06-01,"Jun-26p",55.4093998215993,52.2953692382345
"1017",2026,"Jun-26","035","Clare","P Preliminary.",10763,11461,698,6.1,5.1,56.1,59.1,26554.9408274733,2026-06-01,"Jun-26p",43.1595764963733,40.5310637667277
"1018",2026,"Jun-26","037","Clinton","P Preliminary.",37124,38673,1549,4,5.1,56.1,59.1,66456.523968024,2026-06-01,"Jun-26p",58.192932297524,55.8620851398464
"1019",2026,"Jun-26","039","Crawford","P Preliminary.",5123,5438,315,5.8,5.1,56.1,59.1,11882.6568487049,2026-06-01,"Jun-26p",45.7641760528724,43.1132537548483
"1020",2026,"Jun-26","041","Delta","P Preliminary.",15107,15957,850,5.3,5.1,56.1,59.1,30998.3169359672,2026-06-01,"Jun-26p",51.47698835702,48.7349039988407
"1021",2026,"Jun-26","043","Dickinson","P Preliminary.",11204,11718,514,4.4,5.1,56.1,59.1,21738.6262124528,2026-06-01,"Jun-26p",53.9040502627872,51.5395954210845
"1022",2026,"Jun-26","045","Eaton","P Preliminary.",50148,52435,2287,4.4,5.1,56.1,59.1,90227.741080028,2026-06-01,"Jun-26p",58.1140560235155,55.5793588531945
"1023",2026,"Jun-26","047","Emmet","P Preliminary.",16583,17316,733,4.2,5.1,56.1,59.1,29012.8622421798,2026-06-01,"Jun-26p",59.6838735022341,57.1574078475137
"1024",2026,"Jun-26","049","Genesee","P Preliminary.",166940,176960,10020,5.7,5.1,56.1,59.1,325077.303136874,2026-06-01,"Jun-26p",54.4362827833265,51.3539390136105
"1025",2026,"Jun-26","051","Gladwin","P Preliminary.",9313,9914,601,6.1,5.1,56.1,59.1,22021.9985468881,2026-06-01,"Jun-26p",45.0186207164242,42.289531443621
"1026",2026,"Jun-26","053","Gogebic","P Preliminary.",5045,5363,318,5.9,5.1,56.1,59.1,12248.0166147065,2026-06-01,"Jun-26p",43.786681294672,41.1903425567071
"1027",2026,"Jun-26","055","Grand Traverse","P Preliminary.",49715,51545,1830,3.6,5.1,56.1,59.1,81797.9726747695,2026-06-01,"Jun-26p",63.015009192152,60.7777899308922
"1028",2026,"Jun-26","057","Gratiot","P Preliminary.",15596,16497,901,5.5,5.1,56.1,59.1,34452.6683681966,2026-06-01,"Jun-26p",47.8830836082017,45.2679015550411
"1029",2026,"Jun-26","059","Hillsdale","P Preliminary.",19464,20434,970,4.7,5.1,56.1,59.1,37066.3269133622,2026-06-01,"Jun-26p",55.1282031471904,52.5112726855688
"1030",2026,"Jun-26","061","Houghton","P Preliminary.",15552,16453,901,5.5,5.1,56.1,59.1,32042.1356695552,2026-06-01,"Jun-26p",51.3480130340774,48.5360906039003
"1031",2026,"Jun-26","063","Huron","P Preliminary.",13048,13747,699,5.1,5.1,56.1,59.1,25636.4094458252,2026-06-01,"Jun-26p",53.6229538268615,50.8963629543092
"1032",2026,"Jun-26","065","Ingham","P Preliminary.",133549,140365,6816,4.9,5.1,56.1,59.1,243901.911566718,2026-06-01,"Jun-26p",57.5497744557872,54.7552084123245
"1033",2026,"Jun-26","067","Ionia","P Preliminary.",28547,29788,1241,4.2,5.1,56.1,59.1,54570.829594794,2026-06-01,"Jun-26p",54.5859394500423,52.3118307197649
"1034",2026,"Jun-26","069","Iosco","P Preliminary.",8623,9215,592,6.4,5.1,56.1,59.1,21732.7055886954,2026-06-01,"Jun-26p",42.4015314724244,39.6775264120147
"1035",2026,"Jun-26","071","Iron","P Preliminary.",3798,4041,243,6,5.1,56.1,59.1,10070.4287769428,2026-06-01,"Jun-26p",40.1273877161242,37.7143822187181
"1036",2026,"Jun-26","073","Isabella","P Preliminary.",27418,28988,1570,5.4,5.1,56.1,59.1,54962.2564470577,2026-06-01,"Jun-26p",52.7416483126428,49.8851425912805
"1037",2026,"Jun-26","075","Jackson","P Preliminary.",66353,69806,3453,4.9,5.1,56.1,59.1,132080.760635768,2026-06-01,"Jun-26p",52.8509978773521,50.2366882811784
"1038",2026,"Jun-26","079","Kalkaska","P Preliminary.",8110,8536,426,5,5.1,56.1,59.1,15859.6840689948,2026-06-01,"Jun-26p",53.8220052988801,51.1359492706089
"1039",2026,"Jun-26","081","Kent","P Preliminary.",324616,338972,14356,4.2,5.1,56.1,59.1,544520.195447905,2026-06-01,"Jun-26p",62.2515019339498,59.6150524284927
"1040",2026,"Jun-26","083","Keweenaw","P Preliminary.",857,918,61,6.6,5.1,56.1,59.1,1940.05284655103,2026-06-01,"Jun-26p",47.318298655214,44.1740544090615
"1041",2026,"Jun-26","085","Lake","P Preliminary.",4110,4383,273,6.2,5.1,56.1,59.1,11896.82901418,2026-06-01,"Jun-26p",36.8417499719954,34.547020849852
"1042",2026,"Jun-26","087","Lapeer","P Preliminary.",41136,43367,2231,5.1,5.1,56.1,59.1,74767.9850656392,2026-06-01,"Jun-26p",58.0020980395926,55.0182005893117
"1043",2026,"Jun-26","089","Leelanau","P Preliminary.",10077,10478,401,3.8,5.1,56.1,59.1,20355.208824805,2026-06-01,"Jun-26p",51.4757676532968,49.5057559307379
"1044",2026,"Jun-26","091","Lenawee","P Preliminary.",43514,45700,2186,4.8,5.1,56.1,59.1,80213.3754494025,2026-06-01,"Jun-26p",56.9730418947734,54.2478106128922
"1045",2026,"Jun-26","093","Livingston","P Preliminary.",98713,103049,4336,4.2,5.1,56.1,59.1,165954.301270565,2026-06-01,"Jun-26p",62.0948051427685,59.4820376719629
"1046",2026,"Jun-26","095","Luce","P Preliminary.",2042,2173,131,6,5.1,56.1,59.1,5496.99509362938,2026-06-01,"Jun-26p",39.5306883667834,37.1475681753206
"1047",2026,"Jun-26","097","Mackinac","P Preliminary.",5440,5656,216,3.8,5.1,56.1,59.1,9808.04007256243,2026-06-01,"Jun-26p",57.6669748303987,55.4646999783184
"1048",2026,"Jun-26","099","Macomb","P Preliminary.",432247,456330,24083,5.3,5.1,56.1,59.1,731923.885069383,2026-06-01,"Jun-26p",62.3466468725422,59.0562774104612
"1049",2026,"Jun-26","101","Manistee","P Preliminary.",10117,10684,567,5.3,5.1,56.1,59.1,22290.9882201227,2026-06-01,"Jun-26p",47.929683038257,45.3860542210826
"1050",2026,"Jun-26","103","Marquette","P Preliminary.",29207,30802,1595,5.2,5.1,56.1,59.1,58864.1844201608,2026-06-01,"Jun-26p",52.3272348091014,49.6176075277393
"1051",2026,"Jun-26","105","Mason","P Preliminary.",11724,12382,658,5.3,5.1,56.1,59.1,24743.1217791273,2026-06-01,"Jun-26p",50.042189948906,47.3828650428827
"1052",2026,"Jun-26","107","Mecosta","P Preliminary.",15087,16010,923,5.8,5.1,56.1,59.1,35920.8968448258,2026-06-01,"Jun-26p",44.5701566671939,42.0006217138011
"1053",2026,"Jun-26","109","Menominee","P Preliminary.",10073,10503,430,4.1,5.1,56.1,59.1,19722.2879886958,2026-06-01,"Jun-26p",53.2544703029384,51.0741958832237
"1054",2026,"Jun-26","111","Midland","P Preliminary.",37419,39279,1860,4.7,5.1,56.1,59.1,69462.7921668372,2026-06-01,"Jun-26p",56.5468199229004,53.8691273885539
"1055",2026,"Jun-26","113","Missaukee","P Preliminary.",6443,6738,295,4.4,5.1,56.1,59.1,12545.2848141089,2026-06-01,"Jun-26p",53.7094223036066,51.3579412143273
"1056",2026,"Jun-26","115","Monroe","P Preliminary.",68700,72120,3420,4.7,5.1,56.1,59.1,129194.242014175,2026-06-01,"Jun-26p",55.8229212661715,53.1757444673597
"1057",2026,"Jun-26","117","Montcalm","P Preliminary.",28206,29535,1329,4.5,5.1,56.1,59.1,58294.9013144241,2026-06-01,"Jun-26p",50.6648083006396,48.3850205833025
"1058",2026,"Jun-26","119","Montmorency","P Preliminary.",3374,3597,223,6.2,5.1,56.1,59.1,8879.34810200664,2026-06-01,"Jun-26p",40.5097306545186,37.9982850231709
"1059",2026,"Jun-26","121","Muskegon","P Preliminary.",75478,79506,4028,5.1,5.1,56.1,59.1,145168.640704655,2026-06-01,"Jun-26p",54.7680267680915,51.99332282346
"1060",2026,"Jun-26","123","Newaygo","P Preliminary.",20487,21587,1100,5.1,5.1,56.1,59.1,42822.0683473474,2026-06-01,"Jun-26p",50.4109232298145,47.8421542691995
"1061",2026,"Jun-26","125","Oakland","P Preliminary.",666307,698292,31985,4.6,5.1,56.1,59.1,1082741.9326428,2026-06-01,"Jun-26p",64.4929303047847,61.538856112615
"1062",2026,"Jun-26","127","Oceana","P Preliminary.",11038,11668,630,5.4,5.1,56.1,59.1,22590.115003147,2026-06-01,"Jun-26p",51.650910136467,48.8620797125748
"1063",2026,"Jun-26","129","Ogemaw","P Preliminary.",7027,7542,515,6.8,5.1,56.1,59.1,17999.9993689995,2026-06-01,"Jun-26p",41.9000014688291,39.03889025742
"1064",2026,"Jun-26","131","Ontonagon","P Preliminary.",2083,2222,139,6.3,5.1,56.1,59.1,5258.10133163811,2026-06-01,"Jun-26p",42.2585998225286,39.6150600496522
"1065",2026,"Jun-26","133","Osceola","P Preliminary.",8857,9371,514,5.5,5.1,56.1,59.1,19377.8064929192,2026-06-01,"Jun-26p",48.3594466867251,45.7069276816054
"1066",2026,"Jun-26","135","Oscoda","P Preliminary.",2235,2441,206,8.4,5.1,56.1,59.1,7339.81473275038,2026-06-01,"Jun-26p",33.2569702217171,30.4503598711748
"1067",2026,"Jun-26","137","Otsego","P Preliminary.",11706,12268,562,4.6,5.1,56.1,59.1,21879.3995898613,2026-06-01,"Jun-26p",56.0710084827229,53.5023822382421
"1068",2026,"Jun-26","139","Ottawa","P Preliminary.",146901,153185,6284,4.1,5.1,56.1,59.1,252677.308889058,2026-06-01,"Jun-26p",60.6247552158545,58.1377887258168
"1069",2026,"Jun-26","141","Presque Isle","P Preliminary.",4203,4516,313,6.9,5.1,56.1,59.1,11620.4077182517,2026-06-01,"Jun-26p",38.8626639399829,36.1691267802808
"1070",2026,"Jun-26","143","Roscommon","P Preliminary.",8425,8993,568,6.3,5.1,56.1,59.1,21418.0676412682,2026-06-01,"Jun-26p",41.9879148325798,39.3359482335688
"1071",2026,"Jun-26","145","Saginaw","P Preliminary.",75139,79721,4582,5.7,5.1,56.1,59.1,152614.640628808,2026-06-01,"Jun-26p",52.2367969885005,49.2344638040032
"1072",2026,"Jun-26","151","Sanilac","P Preliminary.",16639,17619,980,5.6,5.1,56.1,59.1,33268.7782995599,2026-06-01,"Jun-26p",52.9595641936544,50.0138593914646
"1073",2026,"Jun-26","153","Schoolcraft","P Preliminary.",3130,3336,206,6.2,5.1,56.1,59.1,7029.72995278546,2026-06-01,"Jun-26p",47.4555924965246,44.5251812092692
"1074",2026,"Jun-26","155","Shiawassee","P Preliminary.",30213,31735,1522,4.8,5.1,56.1,59.1,56049.0164362076,2026-06-01,"Jun-26p",56.6200836657309,53.9046033651403
"1075",2026,"Jun-26","147","St. Clair","P Preliminary.",74005,77992,3987,5.1,5.1,56.1,59.1,133591.728595432,2026-06-01,"Jun-26p",58.380859967903,55.3963937573682
"1076",2026,"Jun-26","157","Tuscola","P Preliminary.",21895,23178,1283,5.5,5.1,56.1,59.1,43842.6520275836,2026-06-01,"Jun-26p",52.866327487255,49.9399534184765
"1077",2026,"Jun-26","161","Washtenaw","P Preliminary.",183743,191799,8056,4.2,5.1,56.1,59.1,316236.886461073,2026-06-01,"Jun-26p",60.6504200526302,58.1029626417783
"1078",2026,"Jun-26","163","Wayne","P Preliminary.",773257,826573,53316,6.5,5.1,56.1,59.1,1397499.57885826,2026-06-01,"Jun-26p",59.1465652301163,55.3314656904399
"1079",2026,"Jun-26","165","Wexford","P Preliminary.",13614,14338,724,5,5.1,56.1,59.1,28256.0359476948,2026-06-01,"Jun-26p",50.7431404268501,48.1808560309064
