"","area_fips","county","year","quarter","date","avg_wkly_wage","state_avg_wkly_wage"
"1",26077,"Kalamazoo",2014,"1","2014 Q1",916,948
"2",26077,"Kalamazoo",2014,"2","2014 Q2",830,886
"3",26077,"Kalamazoo",2014,"3","2014 Q3",855,882
"4",26077,"Kalamazoo",2014,"4","2014 Q4",913,984
"5",26077,"Kalamazoo",2015,"1","2015 Q1",949,968
"6",26077,"Kalamazoo",2015,"2","2015 Q2",852,908
"7",26077,"Kalamazoo",2015,"3","2015 Q3",881,909
"8",26077,"Kalamazoo",2015,"4","2015 Q4",984,1044
"9",26077,"Kalamazoo",2016,"1","2016 Q1",955,977
"10",26077,"Kalamazoo",2016,"2","2016 Q2",897,933
"11",26077,"Kalamazoo",2016,"3","2016 Q3",926,965
"12",26077,"Kalamazoo",2016,"4","2016 Q4",968,1026
"13",26077,"Kalamazoo",2017,"1","2017 Q1",1031,1048
"14",26077,"Kalamazoo",2017,"2","2017 Q2",916,960
"15",26077,"Kalamazoo",2017,"3","2017 Q3",929,954
"16",26077,"Kalamazoo",2017,"4","2017 Q4",986,1064
"17",26077,"Kalamazoo",2018,"1","2018 Q1",1048,1085
"18",26077,"Kalamazoo",2018,"2","2018 Q2",942,984
"19",26077,"Kalamazoo",2018,"3","2018 Q3",942,983
"20",26077,"Kalamazoo",2018,"4","2018 Q4",1015,1077
"21",26077,"Kalamazoo",2019,"1","2019 Q1",1104,1082
"22",26077,"Kalamazoo",2019,"2","2019 Q2",982,1008
"23",26077,"Kalamazoo",2019,"3","2019 Q3",979,1011
"24",26077,"Kalamazoo",2019,"4","2019 Q4",1034,1115
"25",26077,"Kalamazoo",2020,"1","2020 Q1",1084,1107
"26",26077,"Kalamazoo",2020,"2","2020 Q2",1047,1109
"27",26077,"Kalamazoo",2020,"3","2020 Q3",1037,1090
"28",26077,"Kalamazoo",2020,"4","2020 Q4",1190,1265
"29",26077,"Kalamazoo",2021,"1","2021 Q1",1117,1162
"30",26077,"Kalamazoo",2021,"2","2021 Q2",1094,1137
"31",26077,"Kalamazoo",2021,"3","2021 Q3",1086,1147
"32",26077,"Kalamazoo",2021,"4","2021 Q4",1270,1300
"33",26077,"Kalamazoo",2022,"1","2022 Q1",1205,1236
"34",26077,"Kalamazoo",2022,"2","2022 Q2",1119,1178
"35",26077,"Kalamazoo",2022,"3","2022 Q3",1176,1228
"36",26077,"Kalamazoo",2022,"4","2022 Q4",1221,1280
"37",26077,"Kalamazoo",2023,"1","2023 Q1",1279,1317
"38",26077,"Kalamazoo",2023,"2","2023 Q2",1137,1218
"39",26077,"Kalamazoo",2023,"3","2023 Q3",1164,1221
"40",26077,"Kalamazoo",2023,"4","2023 Q4",1269,1323
"41",26077,"Kalamazoo",2024,"1","2024 Q1",1343,1362
"42",26077,"Kalamazoo",2024,"2","2024 Q2",1183,1265
"43",26077,"Kalamazoo",2024,"3","2024 Q3",1204,1259
"44",26077,"Kalamazoo",2024,"4","2024 Q4",1288,1377
"45",26077,"Kalamazoo",2025,"1","2025 Q1",1385,1397
"46",26077,"Kalamazoo",2025,"2","2025 Q2",1222,1305
"47",26077,"Kalamazoo",2025,"3","2025 Q3",1262,1316
"48",26077,"Kalamazoo",2025,"4","2025 Q4",1346,1433
"49",26077,"Kalamazoo",2026,"1","2026 Q1",1405,1457
"50",26021,"Berrien",2014,"1","2014 Q1",878,948
"51",26021,"Berrien",2014,"2","2014 Q2",913,886
"52",26021,"Berrien",2014,"3","2014 Q3",782,882
"53",26021,"Berrien",2014,"4","2014 Q4",898,984
"54",26021,"Berrien",2015,"1","2015 Q1",1017,968
"55",26021,"Berrien",2015,"2","2015 Q2",858,908
"56",26021,"Berrien",2015,"3","2015 Q3",801,909
"57",26021,"Berrien",2015,"4","2015 Q4",903,1044
"58",26021,"Berrien",2016,"1","2016 Q1",910,977
"59",26021,"Berrien",2016,"2","2016 Q2",916,933
"60",26021,"Berrien",2016,"3","2016 Q3",855,965
"61",26021,"Berrien",2016,"4","2016 Q4",921,1026
"62",26021,"Berrien",2017,"1","2017 Q1",963,1048
"63",26021,"Berrien",2017,"2","2017 Q2",917,960
"64",26021,"Berrien",2017,"3","2017 Q3",845,954
"65",26021,"Berrien",2017,"4","2017 Q4",928,1064
"66",26021,"Berrien",2018,"1","2018 Q1",1044,1085
"67",26021,"Berrien",2018,"2","2018 Q2",879,984
"68",26021,"Berrien",2018,"3","2018 Q3",851,983
"69",26021,"Berrien",2018,"4","2018 Q4",995,1077
"70",26021,"Berrien",2019,"1","2019 Q1",1060,1082
"71",26021,"Berrien",2019,"2","2019 Q2",895,1008
"72",26021,"Berrien",2019,"3","2019 Q3",909,1011
"73",26021,"Berrien",2019,"4","2019 Q4",974,1115
"74",26021,"Berrien",2020,"1","2020 Q1",1121,1107
"75",26021,"Berrien",2020,"2","2020 Q2",974,1109
"76",26021,"Berrien",2020,"3","2020 Q3",1000,1090
"77",26021,"Berrien",2020,"4","2020 Q4",1105,1265
"78",26021,"Berrien",2021,"1","2021 Q1",1195,1162
"79",26021,"Berrien",2021,"2","2021 Q2",1008,1137
"80",26021,"Berrien",2021,"3","2021 Q3",991,1147
"81",26021,"Berrien",2021,"4","2021 Q4",1110,1300
"82",26021,"Berrien",2022,"1","2022 Q1",1347,1236
"83",26021,"Berrien",2022,"2","2022 Q2",1019,1178
"84",26021,"Berrien",2022,"3","2022 Q3",1059,1228
"85",26021,"Berrien",2022,"4","2022 Q4",1087,1280
"86",26021,"Berrien",2023,"1","2023 Q1",1136,1317
"87",26021,"Berrien",2023,"2","2023 Q2",1013,1218
"88",26021,"Berrien",2023,"3","2023 Q3",1008,1221
"89",26021,"Berrien",2023,"4","2023 Q4",1101,1323
"90",26021,"Berrien",2024,"1","2024 Q1",1193,1362
"91",26021,"Berrien",2024,"2","2024 Q2",1061,1265
"92",26021,"Berrien",2024,"3","2024 Q3",1040,1259
"93",26021,"Berrien",2024,"4","2024 Q4",1106,1377
"94",26021,"Berrien",2025,"1","2025 Q1",1182,1397
"95",26021,"Berrien",2025,"2","2025 Q2",1049,1305
"96",26021,"Berrien",2025,"3","2025 Q3",1079,1316
"97",26021,"Berrien",2025,"4","2025 Q4",1161,1433
"98",26021,"Berrien",2026,"1","2026 Q1",1182,1457
"99",26023,"Branch",2014,"1","2014 Q1",667,948
"100",26023,"Branch",2014,"2","2014 Q2",673,886
"101",26023,"Branch",2014,"3","2014 Q3",671,882
"102",26023,"Branch",2014,"4","2014 Q4",718,984
"103",26023,"Branch",2015,"1","2015 Q1",655,968
"104",26023,"Branch",2015,"2","2015 Q2",672,908
"105",26023,"Branch",2015,"3","2015 Q3",694,909
"106",26023,"Branch",2015,"4","2015 Q4",754,1044
"107",26023,"Branch",2016,"1","2016 Q1",679,977
"108",26023,"Branch",2016,"2","2016 Q2",706,933
"109",26023,"Branch",2016,"3","2016 Q3",708,965
"110",26023,"Branch",2016,"4","2016 Q4",756,1026
"111",26023,"Branch",2017,"1","2017 Q1",732,1048
"112",26023,"Branch",2017,"2","2017 Q2",716,960
"113",26023,"Branch",2017,"3","2017 Q3",704,954
"114",26023,"Branch",2017,"4","2017 Q4",792,1064
"115",26023,"Branch",2018,"1","2018 Q1",757,1085
"116",26023,"Branch",2018,"2","2018 Q2",741,984
"117",26023,"Branch",2018,"3","2018 Q3",739,983
"118",26023,"Branch",2018,"4","2018 Q4",806,1077
"119",26023,"Branch",2019,"1","2019 Q1",770,1082
"120",26023,"Branch",2019,"2","2019 Q2",780,1008
"121",26023,"Branch",2019,"3","2019 Q3",758,1011
"122",26023,"Branch",2019,"4","2019 Q4",821,1115
"123",26023,"Branch",2020,"1","2020 Q1",772,1107
"124",26023,"Branch",2020,"2","2020 Q2",824,1109
"125",26023,"Branch",2020,"3","2020 Q3",827,1090
"126",26023,"Branch",2020,"4","2020 Q4",945,1265
"127",26023,"Branch",2021,"1","2021 Q1",819,1162
"128",26023,"Branch",2021,"2","2021 Q2",886,1137
"129",26023,"Branch",2021,"3","2021 Q3",903,1147
"130",26023,"Branch",2021,"4","2021 Q4",946,1300
"131",26023,"Branch",2022,"1","2022 Q1",889,1236
"132",26023,"Branch",2022,"2","2022 Q2",874,1178
"133",26023,"Branch",2022,"3","2022 Q3",931,1228
"134",26023,"Branch",2022,"4","2022 Q4",935,1280
"135",26023,"Branch",2023,"1","2023 Q1",951,1317
"136",26023,"Branch",2023,"2","2023 Q2",904,1218
"137",26023,"Branch",2023,"3","2023 Q3",933,1221
"138",26023,"Branch",2023,"4","2023 Q4",962,1323
"139",26023,"Branch",2024,"1","2024 Q1",999,1362
"140",26023,"Branch",2024,"2","2024 Q2",945,1265
"141",26023,"Branch",2024,"3","2024 Q3",1001,1259
"142",26023,"Branch",2024,"4","2024 Q4",1045,1377
"143",26023,"Branch",2025,"1","2025 Q1",1043,1397
"144",26023,"Branch",2025,"2","2025 Q2",1016,1305
"145",26023,"Branch",2025,"3","2025 Q3",1055,1316
"146",26023,"Branch",2025,"4","2025 Q4",1146,1433
"147",26023,"Branch",2026,"1","2026 Q1",1068,1457
"148",26025,"Calhoun",2014,"1","2014 Q1",940,948
"149",26025,"Calhoun",2014,"2","2014 Q2",865,886
"150",26025,"Calhoun",2014,"3","2014 Q3",846,882
"151",26025,"Calhoun",2014,"4","2014 Q4",936,984
"152",26025,"Calhoun",2015,"1","2015 Q1",938,968
"153",26025,"Calhoun",2015,"2","2015 Q2",884,908
"154",26025,"Calhoun",2015,"3","2015 Q3",868,909
"155",26025,"Calhoun",2015,"4","2015 Q4",974,1044
"156",26025,"Calhoun",2016,"1","2016 Q1",1010,977
"157",26025,"Calhoun",2016,"2","2016 Q2",889,933
"158",26025,"Calhoun",2016,"3","2016 Q3",940,965
"159",26025,"Calhoun",2016,"4","2016 Q4",959,1026
"160",26025,"Calhoun",2017,"1","2017 Q1",1085,1048
"161",26025,"Calhoun",2017,"2","2017 Q2",906,960
"162",26025,"Calhoun",2017,"3","2017 Q3",913,954
"163",26025,"Calhoun",2017,"4","2017 Q4",970,1064
"164",26025,"Calhoun",2018,"1","2018 Q1",1103,1085
"165",26025,"Calhoun",2018,"2","2018 Q2",937,984
"166",26025,"Calhoun",2018,"3","2018 Q3",954,983
"167",26025,"Calhoun",2018,"4","2018 Q4",977,1077
"168",26025,"Calhoun",2019,"1","2019 Q1",1074,1082
"169",26025,"Calhoun",2019,"2","2019 Q2",943,1008
"170",26025,"Calhoun",2019,"3","2019 Q3",963,1011
"171",26025,"Calhoun",2019,"4","2019 Q4",1007,1115
"172",26025,"Calhoun",2020,"1","2020 Q1",1125,1107
"173",26025,"Calhoun",2020,"2","2020 Q2",1010,1109
"174",26025,"Calhoun",2020,"3","2020 Q3",1051,1090
"175",26025,"Calhoun",2020,"4","2020 Q4",1170,1265
"176",26025,"Calhoun",2021,"1","2021 Q1",1206,1162
"177",26025,"Calhoun",2021,"2","2021 Q2",1058,1137
"178",26025,"Calhoun",2021,"3","2021 Q3",1069,1147
"179",26025,"Calhoun",2021,"4","2021 Q4",1176,1300
"180",26025,"Calhoun",2022,"1","2022 Q1",1226,1236
"181",26025,"Calhoun",2022,"2","2022 Q2",1129,1178
"182",26025,"Calhoun",2022,"3","2022 Q3",1134,1228
"183",26025,"Calhoun",2022,"4","2022 Q4",1161,1280
"184",26025,"Calhoun",2023,"1","2023 Q1",1312,1317
"185",26025,"Calhoun",2023,"2","2023 Q2",1138,1218
"186",26025,"Calhoun",2023,"3","2023 Q3",1105,1221
"187",26025,"Calhoun",2023,"4","2023 Q4",1182,1323
"188",26025,"Calhoun",2024,"1","2024 Q1",1287,1362
"189",26025,"Calhoun",2024,"2","2024 Q2",1169,1265
"190",26025,"Calhoun",2024,"3","2024 Q3",1157,1259
"191",26025,"Calhoun",2024,"4","2024 Q4",1233,1377
"192",26025,"Calhoun",2025,"1","2025 Q1",1374,1397
"193",26025,"Calhoun",2025,"2","2025 Q2",1245,1305
"194",26025,"Calhoun",2025,"3","2025 Q3",1183,1316
"195",26025,"Calhoun",2025,"4","2025 Q4",1367,1433
"196",26025,"Calhoun",2026,"1","2026 Q1",1520,1457
"197",26027,"Cass",2014,"1","2014 Q1",608,948
"198",26027,"Cass",2014,"2","2014 Q2",639,886
"199",26027,"Cass",2014,"3","2014 Q3",648,882
"200",26027,"Cass",2014,"4","2014 Q4",727,984
"201",26027,"Cass",2015,"1","2015 Q1",620,968
"202",26027,"Cass",2015,"2","2015 Q2",657,908
"203",26027,"Cass",2015,"3","2015 Q3",671,909
"204",26027,"Cass",2015,"4","2015 Q4",776,1044
"205",26027,"Cass",2016,"1","2016 Q1",656,977
"206",26027,"Cass",2016,"2","2016 Q2",676,933
"207",26027,"Cass",2016,"3","2016 Q3",713,965
"208",26027,"Cass",2016,"4","2016 Q4",750,1026
"209",26027,"Cass",2017,"1","2017 Q1",711,1048
"210",26027,"Cass",2017,"2","2017 Q2",709,960
"211",26027,"Cass",2017,"3","2017 Q3",749,954
"212",26027,"Cass",2017,"4","2017 Q4",779,1064
"213",26027,"Cass",2018,"1","2018 Q1",734,1085
"214",26027,"Cass",2018,"2","2018 Q2",759,984
"215",26027,"Cass",2018,"3","2018 Q3",744,983
"216",26027,"Cass",2018,"4","2018 Q4",806,1077
"217",26027,"Cass",2019,"1","2019 Q1",776,1082
"218",26027,"Cass",2019,"2","2019 Q2",771,1008
"219",26027,"Cass",2019,"3","2019 Q3",776,1011
"220",26027,"Cass",2019,"4","2019 Q4",856,1115
"221",26027,"Cass",2020,"1","2020 Q1",795,1107
"222",26027,"Cass",2020,"2","2020 Q2",851,1109
"223",26027,"Cass",2020,"3","2020 Q3",859,1090
"224",26027,"Cass",2020,"4","2020 Q4",1012,1265
"225",26027,"Cass",2021,"1","2021 Q1",842,1162
"226",26027,"Cass",2021,"2","2021 Q2",893,1137
"227",26027,"Cass",2021,"3","2021 Q3",948,1147
"228",26027,"Cass",2021,"4","2021 Q4",1038,1300
"229",26027,"Cass",2022,"1","2022 Q1",939,1236
"230",26027,"Cass",2022,"2","2022 Q2",961,1178
"231",26027,"Cass",2022,"3","2022 Q3",999,1228
"232",26027,"Cass",2022,"4","2022 Q4",1021,1280
"233",26027,"Cass",2023,"1","2023 Q1",947,1317
"234",26027,"Cass",2023,"2","2023 Q2",964,1218
"235",26027,"Cass",2023,"3","2023 Q3",955,1221
"236",26027,"Cass",2023,"4","2023 Q4",1051,1323
"237",26027,"Cass",2024,"1","2024 Q1",958,1362
"238",26027,"Cass",2024,"2","2024 Q2",972,1265
"239",26027,"Cass",2024,"3","2024 Q3",983,1259
"240",26027,"Cass",2024,"4","2024 Q4",1053,1377
"241",26027,"Cass",2025,"1","2025 Q1",962,1397
"242",26027,"Cass",2025,"2","2025 Q2",988,1305
"243",26027,"Cass",2025,"3","2025 Q3",994,1316
"244",26027,"Cass",2025,"4","2025 Q4",1118,1433
"245",26027,"Cass",2026,"1","2026 Q1",991,1457
"246",26149,"St. Joseph",2014,"1","2014 Q1",720,948
"247",26149,"St. Joseph",2014,"2","2014 Q2",687,886
"248",26149,"St. Joseph",2014,"3","2014 Q3",707,882
"249",26149,"St. Joseph",2014,"4","2014 Q4",775,984
"250",26149,"St. Joseph",2015,"1","2015 Q1",764,968
"251",26149,"St. Joseph",2015,"2","2015 Q2",707,908
"252",26149,"St. Joseph",2015,"3","2015 Q3",711,909
"253",26149,"St. Joseph",2015,"4","2015 Q4",792,1044
"254",26149,"St. Joseph",2016,"1","2016 Q1",773,977
"255",26149,"St. Joseph",2016,"2","2016 Q2",704,933
"256",26149,"St. Joseph",2016,"3","2016 Q3",721,965
"257",26149,"St. Joseph",2016,"4","2016 Q4",754,1026
"258",26149,"St. Joseph",2017,"1","2017 Q1",719,1048
"259",26149,"St. Joseph",2017,"2","2017 Q2",674,960
"260",26149,"St. Joseph",2017,"3","2017 Q3",675,954
"261",26149,"St. Joseph",2017,"4","2017 Q4",750,1064
"262",26149,"St. Joseph",2018,"1","2018 Q1",725,1085
"263",26149,"St. Joseph",2018,"2","2018 Q2",679,984
"264",26149,"St. Joseph",2018,"3","2018 Q3",667,983
"265",26149,"St. Joseph",2018,"4","2018 Q4",717,1077
"266",26149,"St. Joseph",2019,"1","2019 Q1",723,1082
"267",26149,"St. Joseph",2019,"2","2019 Q2",686,1008
"268",26149,"St. Joseph",2019,"3","2019 Q3",696,1011
"269",26149,"St. Joseph",2019,"4","2019 Q4",770,1115
"270",26149,"St. Joseph",2020,"1","2020 Q1",804,1107
"271",26149,"St. Joseph",2020,"2","2020 Q2",786,1109
"272",26149,"St. Joseph",2020,"3","2020 Q3",787,1090
"273",26149,"St. Joseph",2020,"4","2020 Q4",922,1265
"274",26149,"St. Joseph",2021,"1","2021 Q1",854,1162
"275",26149,"St. Joseph",2021,"2","2021 Q2",825,1137
"276",26149,"St. Joseph",2021,"3","2021 Q3",864,1147
"277",26149,"St. Joseph",2021,"4","2021 Q4",969,1300
"278",26149,"St. Joseph",2022,"1","2022 Q1",945,1236
"279",26149,"St. Joseph",2022,"2","2022 Q2",871,1178
"280",26149,"St. Joseph",2022,"3","2022 Q3",927,1228
"281",26149,"St. Joseph",2022,"4","2022 Q4",940,1280
"282",26149,"St. Joseph",2023,"1","2023 Q1",1007,1317
"283",26149,"St. Joseph",2023,"2","2023 Q2",903,1218
"284",26149,"St. Joseph",2023,"3","2023 Q3",948,1221
"285",26149,"St. Joseph",2023,"4","2023 Q4",1012,1323
"286",26149,"St. Joseph",2024,"1","2024 Q1",1030,1362
"287",26149,"St. Joseph",2024,"2","2024 Q2",994,1265
"288",26149,"St. Joseph",2024,"3","2024 Q3",1031,1259
"289",26149,"St. Joseph",2024,"4","2024 Q4",1096,1377
"290",26149,"St. Joseph",2025,"1","2025 Q1",1054,1397
"291",26149,"St. Joseph",2025,"2","2025 Q2",1046,1305
"292",26149,"St. Joseph",2025,"3","2025 Q3",1050,1316
"293",26149,"St. Joseph",2026,"1","2026 Q1",1111,1457
"294",26159,"Van Buren",2014,"1","2014 Q1",785,948
"295",26159,"Van Buren",2014,"2","2014 Q2",674,886
"296",26159,"Van Buren",2014,"3","2014 Q3",625,882
"297",26159,"Van Buren",2014,"4","2014 Q4",695,984
"298",26159,"Van Buren",2015,"1","2015 Q1",767,968
"299",26159,"Van Buren",2015,"2","2015 Q2",690,908
"300",26159,"Van Buren",2015,"3","2015 Q3",666,909
"301",26159,"Van Buren",2015,"4","2015 Q4",779,1044
"302",26159,"Van Buren",2016,"1","2016 Q1",831,977
"303",26159,"Van Buren",2016,"2","2016 Q2",728,933
"304",26159,"Van Buren",2016,"3","2016 Q3",707,965
"305",26159,"Van Buren",2016,"4","2016 Q4",829,1026
"306",26159,"Van Buren",2017,"1","2017 Q1",862,1048
"307",26159,"Van Buren",2017,"2","2017 Q2",799,960
"308",26159,"Van Buren",2017,"3","2017 Q3",718,954
"309",26159,"Van Buren",2017,"4","2017 Q4",832,1064
"310",26159,"Van Buren",2018,"1","2018 Q1",891,1085
"311",26159,"Van Buren",2018,"2","2018 Q2",889,984
"312",26159,"Van Buren",2018,"3","2018 Q3",724,983
"313",26159,"Van Buren",2018,"4","2018 Q4",1026,1077
"314",26159,"Van Buren",2019,"1","2019 Q1",913,1082
"315",26159,"Van Buren",2019,"2","2019 Q2",790,1008
"316",26159,"Van Buren",2019,"3","2019 Q3",758,1011
"317",26159,"Van Buren",2019,"4","2019 Q4",838,1115
"318",26159,"Van Buren",2020,"1","2020 Q1",933,1107
"319",26159,"Van Buren",2020,"2","2020 Q2",875,1109
"320",26159,"Van Buren",2020,"3","2020 Q3",838,1090
"321",26159,"Van Buren",2020,"4","2020 Q4",1168,1265
"322",26159,"Van Buren",2021,"1","2021 Q1",970,1162
"323",26159,"Van Buren",2021,"2","2021 Q2",884,1137
"324",26159,"Van Buren",2021,"3","2021 Q3",893,1147
"325",26159,"Van Buren",2021,"4","2021 Q4",1020,1300
"326",26159,"Van Buren",2022,"1","2022 Q1",1021,1236
"327",26159,"Van Buren",2022,"2","2022 Q2",941,1178
"328",26159,"Van Buren",2022,"3","2022 Q3",1043,1228
"329",26159,"Van Buren",2022,"4","2022 Q4",974,1280
"330",26159,"Van Buren",2023,"1","2023 Q1",969,1317
"331",26159,"Van Buren",2023,"2","2023 Q2",932,1218
"332",26159,"Van Buren",2023,"3","2023 Q3",889,1221
"333",26159,"Van Buren",2023,"4","2023 Q4",1001,1323
"334",26159,"Van Buren",2024,"1","2024 Q1",1032,1362
"335",26159,"Van Buren",2024,"2","2024 Q2",952,1265
"336",26159,"Van Buren",2024,"3","2024 Q3",894,1259
"337",26159,"Van Buren",2024,"4","2024 Q4",1024,1377
"338",26159,"Van Buren",2025,"1","2025 Q1",1053,1397
"339",26159,"Van Buren",2025,"2","2025 Q2",973,1305
"340",26159,"Van Buren",2025,"3","2025 Q3",956,1316
"341",26159,"Van Buren",2025,"4","2025 Q4",1095,1433
"342",26159,"Van Buren",2026,"1","2026 Q1",1115,1457
"343",26001,"Alcona",2014,"1","2014 Q1",575,948
"344",26001,"Alcona",2014,"2","2014 Q2",520,886
"345",26001,"Alcona",2014,"3","2014 Q3",523,882
"346",26001,"Alcona",2014,"4","2014 Q4",679,984
"347",26001,"Alcona",2015,"1","2015 Q1",603,968
"348",26001,"Alcona",2015,"2","2015 Q2",543,908
"349",26001,"Alcona",2015,"3","2015 Q3",557,909
"350",26001,"Alcona",2015,"4","2015 Q4",726,1044
"351",26001,"Alcona",2016,"1","2016 Q1",584,977
"352",26001,"Alcona",2016,"2","2016 Q2",563,933
"353",26001,"Alcona",2016,"3","2016 Q3",621,965
"354",26001,"Alcona",2016,"4","2016 Q4",731,1026
"355",26001,"Alcona",2017,"1","2017 Q1",662,1048
"356",26001,"Alcona",2017,"2","2017 Q2",638,960
"357",26001,"Alcona",2017,"3","2017 Q3",595,954
"358",26001,"Alcona",2017,"4","2017 Q4",767,1064
"359",26001,"Alcona",2018,"1","2018 Q1",700,1085
"360",26001,"Alcona",2018,"2","2018 Q2",678,984
"361",26001,"Alcona",2018,"3","2018 Q3",619,983
"362",26001,"Alcona",2018,"4","2018 Q4",780,1077
"363",26001,"Alcona",2019,"1","2019 Q1",668,1082
"364",26001,"Alcona",2019,"2","2019 Q2",692,1008
"365",26001,"Alcona",2019,"3","2019 Q3",612,1011
"366",26001,"Alcona",2019,"4","2019 Q4",784,1115
"367",26001,"Alcona",2020,"1","2020 Q1",746,1107
"368",26001,"Alcona",2020,"2","2020 Q2",674,1109
"369",26001,"Alcona",2020,"3","2020 Q3",630,1090
"370",26001,"Alcona",2020,"4","2020 Q4",885,1265
"371",26001,"Alcona",2021,"1","2021 Q1",685,1162
"372",26001,"Alcona",2021,"2","2021 Q2",699,1137
"373",26001,"Alcona",2021,"3","2021 Q3",722,1147
"374",26001,"Alcona",2021,"4","2021 Q4",898,1300
"375",26001,"Alcona",2022,"1","2022 Q1",723,1236
"376",26001,"Alcona",2022,"2","2022 Q2",736,1178
"377",26001,"Alcona",2022,"3","2022 Q3",798,1228
"378",26001,"Alcona",2022,"4","2022 Q4",847,1280
"379",26001,"Alcona",2023,"1","2023 Q1",696,1317
"380",26001,"Alcona",2023,"2","2023 Q2",640,1218
"381",26001,"Alcona",2023,"3","2023 Q3",670,1221
"382",26001,"Alcona",2023,"4","2023 Q4",863,1323
"383",26001,"Alcona",2024,"1","2024 Q1",763,1362
"384",26001,"Alcona",2024,"2","2024 Q2",706,1265
"385",26001,"Alcona",2024,"3","2024 Q3",685,1259
"386",26001,"Alcona",2024,"4","2024 Q4",1016,1377
"387",26001,"Alcona",2025,"1","2025 Q1",750,1397
"388",26001,"Alcona",2025,"2","2025 Q2",705,1305
"389",26001,"Alcona",2025,"3","2025 Q3",739,1316
"390",26001,"Alcona",2025,"4","2025 Q4",894,1433
"391",26001,"Alcona",2026,"1","2026 Q1",752,1457
"392",26003,"Alger",2014,"1","2014 Q1",697,948
"393",26003,"Alger",2014,"2","2014 Q2",659,886
"394",26003,"Alger",2014,"3","2014 Q3",651,882
"395",26003,"Alger",2014,"4","2014 Q4",760,984
"396",26003,"Alger",2015,"1","2015 Q1",752,968
"397",26003,"Alger",2015,"2","2015 Q2",723,908
"398",26003,"Alger",2015,"3","2015 Q3",693,909
"399",26003,"Alger",2015,"4","2015 Q4",791,1044
"400",26003,"Alger",2016,"1","2016 Q1",733,977
"401",26003,"Alger",2016,"2","2016 Q2",727,933
"402",26003,"Alger",2016,"3","2016 Q3",699,965
"403",26003,"Alger",2016,"4","2016 Q4",748,1026
"404",26003,"Alger",2017,"1","2017 Q1",748,1048
"405",26003,"Alger",2017,"2","2017 Q2",681,960
"406",26003,"Alger",2017,"3","2017 Q3",704,954
"407",26003,"Alger",2017,"4","2017 Q4",791,1064
"408",26003,"Alger",2018,"1","2018 Q1",817,1085
"409",26003,"Alger",2018,"2","2018 Q2",721,984
"410",26003,"Alger",2018,"3","2018 Q3",727,983
"411",26003,"Alger",2018,"4","2018 Q4",792,1077
"412",26003,"Alger",2019,"1","2019 Q1",787,1082
"413",26003,"Alger",2019,"2","2019 Q2",709,1008
"414",26003,"Alger",2019,"3","2019 Q3",717,1011
"415",26003,"Alger",2019,"4","2019 Q4",782,1115
"416",26003,"Alger",2020,"1","2020 Q1",811,1107
"417",26003,"Alger",2020,"2","2020 Q2",800,1109
"418",26003,"Alger",2020,"3","2020 Q3",757,1090
"419",26003,"Alger",2020,"4","2020 Q4",978,1265
"420",26003,"Alger",2021,"1","2021 Q1",855,1162
"421",26003,"Alger",2021,"2","2021 Q2",803,1137
"422",26003,"Alger",2021,"3","2021 Q3",829,1147
"423",26003,"Alger",2021,"4","2021 Q4",1001,1300
"424",26003,"Alger",2022,"1","2022 Q1",909,1236
"425",26003,"Alger",2022,"2","2022 Q2",828,1178
"426",26003,"Alger",2022,"3","2022 Q3",873,1228
"427",26003,"Alger",2022,"4","2022 Q4",948,1280
"428",26003,"Alger",2023,"1","2023 Q1",991,1317
"429",26003,"Alger",2023,"2","2023 Q2",819,1218
"430",26003,"Alger",2023,"3","2023 Q3",852,1221
"431",26003,"Alger",2023,"4","2023 Q4",1030,1323
"432",26003,"Alger",2024,"1","2024 Q1",956,1362
"433",26003,"Alger",2024,"2","2024 Q2",861,1265
"434",26003,"Alger",2024,"3","2024 Q3",869,1259
"435",26003,"Alger",2024,"4","2024 Q4",997,1377
"436",26003,"Alger",2025,"1","2025 Q1",1021,1397
"437",26003,"Alger",2025,"2","2025 Q2",882,1305
"438",26003,"Alger",2025,"3","2025 Q3",896,1316
"439",26003,"Alger",2025,"4","2025 Q4",1005,1433
"440",26003,"Alger",2026,"1","2026 Q1",882,1457
"441",26005,"Allegan",2014,"1","2014 Q1",795,948
"442",26005,"Allegan",2014,"2","2014 Q2",778,886
"443",26005,"Allegan",2014,"3","2014 Q3",824,882
"444",26005,"Allegan",2014,"4","2014 Q4",888,984
"445",26005,"Allegan",2015,"1","2015 Q1",804,968
"446",26005,"Allegan",2015,"2","2015 Q2",812,908
"447",26005,"Allegan",2015,"3","2015 Q3",862,909
"448",26005,"Allegan",2015,"4","2015 Q4",969,1044
"449",26005,"Allegan",2016,"1","2016 Q1",861,977
"450",26005,"Allegan",2016,"2","2016 Q2",823,933
"451",26005,"Allegan",2016,"3","2016 Q3",875,965
"452",26005,"Allegan",2016,"4","2016 Q4",907,1026
"453",26005,"Allegan",2017,"1","2017 Q1",891,1048
"454",26005,"Allegan",2017,"2","2017 Q2",878,960
"455",26005,"Allegan",2017,"3","2017 Q3",888,954
"456",26005,"Allegan",2017,"4","2017 Q4",961,1064
"457",26005,"Allegan",2018,"1","2018 Q1",990,1085
"458",26005,"Allegan",2018,"2","2018 Q2",870,984
"459",26005,"Allegan",2018,"3","2018 Q3",898,983
"460",26005,"Allegan",2018,"4","2018 Q4",985,1077
"461",26005,"Allegan",2019,"1","2019 Q1",1004,1082
"462",26005,"Allegan",2019,"2","2019 Q2",898,1008
"463",26005,"Allegan",2019,"3","2019 Q3",917,1011
"464",26005,"Allegan",2019,"4","2019 Q4",1009,1115
"465",26005,"Allegan",2020,"1","2020 Q1",1065,1107
"466",26005,"Allegan",2020,"2","2020 Q2",984,1109
"467",26005,"Allegan",2020,"3","2020 Q3",969,1090
"468",26005,"Allegan",2020,"4","2020 Q4",1142,1265
"469",26005,"Allegan",2021,"1","2021 Q1",1079,1162
"470",26005,"Allegan",2021,"2","2021 Q2",993,1137
"471",26005,"Allegan",2021,"3","2021 Q3",1019,1147
"472",26005,"Allegan",2021,"4","2021 Q4",1189,1300
"473",26005,"Allegan",2022,"1","2022 Q1",1159,1236
"474",26005,"Allegan",2022,"2","2022 Q2",1050,1178
"475",26005,"Allegan",2022,"3","2022 Q3",1107,1228
"476",26005,"Allegan",2022,"4","2022 Q4",1180,1280
"477",26005,"Allegan",2023,"1","2023 Q1",1238,1317
"478",26005,"Allegan",2023,"2","2023 Q2",1092,1218
"479",26005,"Allegan",2023,"3","2023 Q3",1100,1221
"480",26005,"Allegan",2023,"4","2023 Q4",1211,1323
"481",26005,"Allegan",2024,"1","2024 Q1",1248,1362
"482",26005,"Allegan",2024,"2","2024 Q2",1117,1265
"483",26005,"Allegan",2024,"3","2024 Q3",1124,1259
"484",26005,"Allegan",2024,"4","2024 Q4",1232,1377
"485",26005,"Allegan",2025,"1","2025 Q1",1268,1397
"486",26005,"Allegan",2025,"2","2025 Q2",1185,1305
"487",26005,"Allegan",2025,"3","2025 Q3",1181,1316
"488",26005,"Allegan",2025,"4","2025 Q4",1327,1433
"489",26005,"Allegan",2026,"1","2026 Q1",1314,1457
"490",26007,"Alpena",2014,"1","2014 Q1",656,948
"491",26007,"Alpena",2014,"2","2014 Q2",670,886
"492",26007,"Alpena",2014,"3","2014 Q3",637,882
"493",26007,"Alpena",2014,"4","2014 Q4",683,984
"494",26007,"Alpena",2015,"1","2015 Q1",648,968
"495",26007,"Alpena",2015,"2","2015 Q2",696,908
"496",26007,"Alpena",2015,"3","2015 Q3",626,909
"497",26007,"Alpena",2015,"4","2015 Q4",684,1044
"498",26007,"Alpena",2016,"1","2016 Q1",618,977
"499",26007,"Alpena",2016,"2","2016 Q2",669,933
"500",26007,"Alpena",2016,"3","2016 Q3",642,965
"501",26007,"Alpena",2016,"4","2016 Q4",669,1026
"502",26007,"Alpena",2017,"1","2017 Q1",658,1048
"503",26007,"Alpena",2017,"2","2017 Q2",727,960
"504",26007,"Alpena",2017,"3","2017 Q3",646,954
"505",26007,"Alpena",2017,"4","2017 Q4",707,1064
"506",26007,"Alpena",2018,"1","2018 Q1",763,1085
"507",26007,"Alpena",2018,"2","2018 Q2",670,984
"508",26007,"Alpena",2018,"3","2018 Q3",672,983
"509",26007,"Alpena",2018,"4","2018 Q4",719,1077
"510",26007,"Alpena",2019,"1","2019 Q1",690,1082
"511",26007,"Alpena",2019,"2","2019 Q2",675,1008
"512",26007,"Alpena",2019,"3","2019 Q3",690,1011
"513",26007,"Alpena",2019,"4","2019 Q4",840,1115
"514",26007,"Alpena",2020,"1","2020 Q1",695,1107
"515",26007,"Alpena",2020,"2","2020 Q2",744,1109
"516",26007,"Alpena",2020,"3","2020 Q3",723,1090
"517",26007,"Alpena",2020,"4","2020 Q4",959,1265
"518",26007,"Alpena",2021,"1","2021 Q1",744,1162
"519",26007,"Alpena",2021,"2","2021 Q2",750,1137
"520",26007,"Alpena",2021,"3","2021 Q3",781,1147
"521",26007,"Alpena",2021,"4","2021 Q4",1014,1300
"522",26007,"Alpena",2022,"1","2022 Q1",813,1236
"523",26007,"Alpena",2022,"2","2022 Q2",813,1178
"524",26007,"Alpena",2022,"3","2022 Q3",833,1228
"525",26007,"Alpena",2022,"4","2022 Q4",1058,1280
"526",26007,"Alpena",2023,"1","2023 Q1",894,1317
"527",26007,"Alpena",2023,"2","2023 Q2",851,1218
"528",26007,"Alpena",2023,"3","2023 Q3",865,1221
"529",26007,"Alpena",2023,"4","2023 Q4",1071,1323
"530",26007,"Alpena",2024,"1","2024 Q1",915,1362
"531",26007,"Alpena",2024,"2","2024 Q2",917,1265
"532",26007,"Alpena",2024,"3","2024 Q3",899,1259
"533",26007,"Alpena",2024,"4","2024 Q4",1077,1377
"534",26007,"Alpena",2025,"1","2025 Q1",954,1397
"535",26007,"Alpena",2025,"2","2025 Q2",907,1305
"536",26007,"Alpena",2025,"3","2025 Q3",944,1316
"537",26007,"Alpena",2025,"4","2025 Q4",1138,1433
"538",26007,"Alpena",2026,"1","2026 Q1",1074,1457
"539",26009,"Antrim",2014,"1","2014 Q1",513,948
"540",26009,"Antrim",2014,"2","2014 Q2",481,886
"541",26009,"Antrim",2014,"3","2014 Q3",510,882
"542",26009,"Antrim",2014,"4","2014 Q4",590,984
"543",26009,"Antrim",2015,"1","2015 Q1",538,968
"544",26009,"Antrim",2015,"2","2015 Q2",521,908
"545",26009,"Antrim",2015,"3","2015 Q3",532,909
"546",26009,"Antrim",2015,"4","2015 Q4",614,1044
"547",26009,"Antrim",2016,"1","2016 Q1",542,977
"548",26009,"Antrim",2016,"2","2016 Q2",530,933
"549",26009,"Antrim",2016,"3","2016 Q3",567,965
"550",26009,"Antrim",2016,"4","2016 Q4",610,1026
"551",26009,"Antrim",2017,"1","2017 Q1",577,1048
"552",26009,"Antrim",2017,"2","2017 Q2",556,960
"553",26009,"Antrim",2017,"3","2017 Q3",551,954
"554",26009,"Antrim",2017,"4","2017 Q4",629,1064
"555",26009,"Antrim",2018,"1","2018 Q1",598,1085
"556",26009,"Antrim",2018,"2","2018 Q2",576,984
"557",26009,"Antrim",2018,"3","2018 Q3",580,983
"558",26009,"Antrim",2018,"4","2018 Q4",647,1077
"559",26009,"Antrim",2019,"1","2019 Q1",612,1082
"560",26009,"Antrim",2019,"2","2019 Q2",604,1008
"561",26009,"Antrim",2019,"3","2019 Q3",619,1011
"562",26009,"Antrim",2019,"4","2019 Q4",671,1115
"563",26009,"Antrim",2020,"1","2020 Q1",642,1107
"564",26009,"Antrim",2020,"2","2020 Q2",682,1109
"565",26009,"Antrim",2020,"3","2020 Q3",645,1090
"566",26009,"Antrim",2020,"4","2020 Q4",751,1265
"567",26009,"Antrim",2021,"1","2021 Q1",702,1162
"568",26009,"Antrim",2021,"2","2021 Q2",664,1137
"569",26009,"Antrim",2021,"3","2021 Q3",677,1147
"570",26009,"Antrim",2021,"4","2021 Q4",782,1300
"571",26009,"Antrim",2022,"1","2022 Q1",702,1236
"572",26009,"Antrim",2022,"2","2022 Q2",697,1178
"573",26009,"Antrim",2022,"3","2022 Q3",728,1228
"574",26009,"Antrim",2022,"4","2022 Q4",782,1280
"575",26009,"Antrim",2023,"1","2023 Q1",752,1317
"576",26009,"Antrim",2023,"2","2023 Q2",708,1218
"577",26009,"Antrim",2023,"3","2023 Q3",719,1221
"578",26009,"Antrim",2023,"4","2023 Q4",810,1323
"579",26009,"Antrim",2024,"1","2024 Q1",774,1362
"580",26009,"Antrim",2024,"2","2024 Q2",751,1265
"581",26009,"Antrim",2024,"3","2024 Q3",784,1259
"582",26009,"Antrim",2024,"4","2024 Q4",849,1377
"583",26009,"Antrim",2025,"1","2025 Q1",788,1397
"584",26009,"Antrim",2025,"2","2025 Q2",768,1305
"585",26009,"Antrim",2025,"3","2025 Q3",793,1316
"586",26009,"Antrim",2025,"4","2025 Q4",904,1433
"587",26009,"Antrim",2026,"1","2026 Q1",838,1457
"588",26011,"Arenac",2014,"1","2014 Q1",510,948
"589",26011,"Arenac",2014,"2","2014 Q2",511,886
"590",26011,"Arenac",2014,"3","2014 Q3",563,882
"591",26011,"Arenac",2014,"4","2014 Q4",631,984
"592",26011,"Arenac",2015,"1","2015 Q1",530,968
"593",26011,"Arenac",2015,"2","2015 Q2",548,908
"594",26011,"Arenac",2015,"3","2015 Q3",558,909
"595",26011,"Arenac",2015,"4","2015 Q4",659,1044
"596",26011,"Arenac",2016,"1","2016 Q1",551,977
"597",26011,"Arenac",2016,"2","2016 Q2",575,933
"598",26011,"Arenac",2016,"3","2016 Q3",629,965
"599",26011,"Arenac",2016,"4","2016 Q4",727,1026
"600",26011,"Arenac",2017,"1","2017 Q1",621,1048
"601",26011,"Arenac",2017,"2","2017 Q2",632,960
"602",26011,"Arenac",2017,"3","2017 Q3",648,954
"603",26011,"Arenac",2017,"4","2017 Q4",726,1064
"604",26011,"Arenac",2018,"1","2018 Q1",636,1085
"605",26011,"Arenac",2018,"2","2018 Q2",632,984
"606",26011,"Arenac",2018,"3","2018 Q3",655,983
"607",26011,"Arenac",2018,"4","2018 Q4",795,1077
"608",26011,"Arenac",2019,"1","2019 Q1",666,1082
"609",26011,"Arenac",2019,"2","2019 Q2",653,1008
"610",26011,"Arenac",2019,"3","2019 Q3",680,1011
"611",26011,"Arenac",2019,"4","2019 Q4",769,1115
"612",26011,"Arenac",2020,"1","2020 Q1",700,1107
"613",26011,"Arenac",2020,"2","2020 Q2",714,1109
"614",26011,"Arenac",2020,"3","2020 Q3",776,1090
"615",26011,"Arenac",2020,"4","2020 Q4",888,1265
"616",26011,"Arenac",2021,"1","2021 Q1",764,1162
"617",26011,"Arenac",2021,"2","2021 Q2",784,1137
"618",26011,"Arenac",2021,"3","2021 Q3",794,1147
"619",26011,"Arenac",2021,"4","2021 Q4",895,1300
"620",26011,"Arenac",2022,"1","2022 Q1",749,1236
"621",26011,"Arenac",2022,"2","2022 Q2",803,1178
"622",26011,"Arenac",2022,"3","2022 Q3",852,1228
"623",26011,"Arenac",2022,"4","2022 Q4",964,1280
"624",26011,"Arenac",2023,"1","2023 Q1",821,1317
"625",26011,"Arenac",2023,"2","2023 Q2",833,1218
"626",26011,"Arenac",2023,"3","2023 Q3",828,1221
"627",26011,"Arenac",2023,"4","2023 Q4",983,1323
"628",26011,"Arenac",2024,"1","2024 Q1",878,1362
"629",26011,"Arenac",2024,"2","2024 Q2",876,1265
"630",26011,"Arenac",2024,"3","2024 Q3",883,1259
"631",26011,"Arenac",2024,"4","2024 Q4",1023,1377
"632",26011,"Arenac",2025,"1","2025 Q1",904,1397
"633",26011,"Arenac",2025,"2","2025 Q2",903,1305
"634",26011,"Arenac",2025,"3","2025 Q3",910,1316
"635",26011,"Arenac",2025,"4","2025 Q4",1060,1433
"636",26011,"Arenac",2026,"1","2026 Q1",927,1457
"637",26013,"Baraga",2014,"1","2014 Q1",554,948
"638",26013,"Baraga",2014,"2","2014 Q2",547,886
"639",26013,"Baraga",2014,"3","2014 Q3",552,882
"640",26013,"Baraga",2014,"4","2014 Q4",603,984
"641",26013,"Baraga",2015,"1","2015 Q1",637,968
"642",26013,"Baraga",2015,"2","2015 Q2",652,908
"643",26013,"Baraga",2015,"3","2015 Q3",646,909
"644",26013,"Baraga",2015,"4","2015 Q4",716,1044
"645",26013,"Baraga",2016,"1","2016 Q1",669,977
"646",26013,"Baraga",2016,"2","2016 Q2",701,933
"647",26013,"Baraga",2016,"3","2016 Q3",710,965
"648",26013,"Baraga",2016,"4","2016 Q4",744,1026
"649",26013,"Baraga",2017,"1","2017 Q1",714,1048
"650",26013,"Baraga",2017,"2","2017 Q2",701,960
"651",26013,"Baraga",2017,"3","2017 Q3",699,954
"652",26013,"Baraga",2017,"4","2017 Q4",797,1064
"653",26013,"Baraga",2018,"1","2018 Q1",742,1085
"654",26013,"Baraga",2018,"2","2018 Q2",732,984
"655",26013,"Baraga",2018,"3","2018 Q3",723,983
"656",26013,"Baraga",2018,"4","2018 Q4",807,1077
"657",26013,"Baraga",2019,"1","2019 Q1",784,1082
"658",26013,"Baraga",2019,"2","2019 Q2",721,1008
"659",26013,"Baraga",2019,"3","2019 Q3",775,1011
"660",26013,"Baraga",2019,"4","2019 Q4",843,1115
"661",26013,"Baraga",2020,"1","2020 Q1",779,1107
"662",26013,"Baraga",2020,"2","2020 Q2",759,1109
"663",26013,"Baraga",2020,"3","2020 Q3",765,1090
"664",26013,"Baraga",2020,"4","2020 Q4",948,1265
"665",26013,"Baraga",2021,"1","2021 Q1",825,1162
"666",26013,"Baraga",2021,"2","2021 Q2",802,1137
"667",26013,"Baraga",2021,"3","2021 Q3",838,1147
"668",26013,"Baraga",2021,"4","2021 Q4",934,1300
"669",26013,"Baraga",2022,"1","2022 Q1",852,1236
"670",26013,"Baraga",2022,"2","2022 Q2",818,1178
"671",26013,"Baraga",2022,"3","2022 Q3",902,1228
"672",26013,"Baraga",2022,"4","2022 Q4",1033,1280
"673",26013,"Baraga",2023,"1","2023 Q1",929,1317
"674",26013,"Baraga",2023,"2","2023 Q2",923,1218
"675",26013,"Baraga",2023,"3","2023 Q3",889,1221
"676",26013,"Baraga",2023,"4","2023 Q4",999,1323
"677",26013,"Baraga",2024,"1","2024 Q1",939,1362
"678",26013,"Baraga",2024,"2","2024 Q2",939,1265
"679",26013,"Baraga",2024,"3","2024 Q3",898,1259
"680",26013,"Baraga",2024,"4","2024 Q4",1041,1377
"681",26013,"Baraga",2025,"1","2025 Q1",993,1397
"682",26013,"Baraga",2025,"2","2025 Q2",1018,1305
"683",26013,"Baraga",2025,"3","2025 Q3",970,1316
"684",26013,"Baraga",2025,"4","2025 Q4",1138,1433
"685",26013,"Baraga",2026,"1","2026 Q1",1059,1457
"686",26015,"Barry",2014,"1","2014 Q1",714,948
"687",26015,"Barry",2014,"2","2014 Q2",667,886
"688",26015,"Barry",2014,"3","2014 Q3",730,882
"689",26015,"Barry",2014,"4","2014 Q4",783,984
"690",26015,"Barry",2015,"1","2015 Q1",740,968
"691",26015,"Barry",2015,"2","2015 Q2",688,908
"692",26015,"Barry",2015,"3","2015 Q3",717,909
"693",26015,"Barry",2015,"4","2015 Q4",792,1044
"694",26015,"Barry",2016,"1","2016 Q1",718,977
"695",26015,"Barry",2016,"2","2016 Q2",669,933
"696",26015,"Barry",2016,"3","2016 Q3",740,965
"697",26015,"Barry",2016,"4","2016 Q4",781,1026
"698",26015,"Barry",2017,"1","2017 Q1",774,1048
"699",26015,"Barry",2017,"2","2017 Q2",730,960
"700",26015,"Barry",2017,"3","2017 Q3",743,954
"701",26015,"Barry",2017,"4","2017 Q4",815,1064
"702",26015,"Barry",2018,"1","2018 Q1",759,1085
"703",26015,"Barry",2018,"2","2018 Q2",754,984
"704",26015,"Barry",2018,"3","2018 Q3",760,983
"705",26015,"Barry",2018,"4","2018 Q4",844,1077
"706",26015,"Barry",2019,"1","2019 Q1",767,1082
"707",26015,"Barry",2019,"2","2019 Q2",774,1008
"708",26015,"Barry",2019,"3","2019 Q3",767,1011
"709",26015,"Barry",2019,"4","2019 Q4",847,1115
"710",26015,"Barry",2020,"1","2020 Q1",789,1107
"711",26015,"Barry",2020,"2","2020 Q2",821,1109
"712",26015,"Barry",2020,"3","2020 Q3",846,1090
"713",26015,"Barry",2020,"4","2020 Q4",1050,1265
"714",26015,"Barry",2021,"1","2021 Q1",858,1162
"715",26015,"Barry",2021,"2","2021 Q2",818,1137
"716",26015,"Barry",2021,"3","2021 Q3",852,1147
"717",26015,"Barry",2021,"4","2021 Q4",983,1300
"718",26015,"Barry",2022,"1","2022 Q1",902,1236
"719",26015,"Barry",2022,"2","2022 Q2",853,1178
"720",26015,"Barry",2022,"3","2022 Q3",903,1228
"721",26015,"Barry",2022,"4","2022 Q4",984,1280
"722",26015,"Barry",2023,"1","2023 Q1",968,1317
"723",26015,"Barry",2023,"2","2023 Q2",867,1218
"724",26015,"Barry",2023,"3","2023 Q3",917,1221
"725",26015,"Barry",2023,"4","2023 Q4",1031,1323
"726",26015,"Barry",2024,"1","2024 Q1",946,1362
"727",26015,"Barry",2024,"2","2024 Q2",915,1265
"728",26015,"Barry",2024,"3","2024 Q3",939,1259
"729",26015,"Barry",2024,"4","2024 Q4",1058,1377
"730",26015,"Barry",2025,"1","2025 Q1",1001,1397
"731",26015,"Barry",2025,"2","2025 Q2",949,1305
"732",26015,"Barry",2025,"3","2025 Q3",981,1316
"733",26015,"Barry",2025,"4","2025 Q4",1123,1433
"734",26015,"Barry",2026,"1","2026 Q1",1022,1457
"735",26017,"Bay",2014,"1","2014 Q1",743,948
"736",26017,"Bay",2014,"2","2014 Q2",713,886
"737",26017,"Bay",2014,"3","2014 Q3",736,882
"738",26017,"Bay",2014,"4","2014 Q4",820,984
"739",26017,"Bay",2015,"1","2015 Q1",809,968
"740",26017,"Bay",2015,"2","2015 Q2",740,908
"741",26017,"Bay",2015,"3","2015 Q3",754,909
"742",26017,"Bay",2015,"4","2015 Q4",868,1044
"743",26017,"Bay",2016,"1","2016 Q1",773,977
"744",26017,"Bay",2016,"2","2016 Q2",752,933
"745",26017,"Bay",2016,"3","2016 Q3",803,965
"746",26017,"Bay",2016,"4","2016 Q4",850,1026
"747",26017,"Bay",2017,"1","2017 Q1",853,1048
"748",26017,"Bay",2017,"2","2017 Q2",757,960
"749",26017,"Bay",2017,"3","2017 Q3",743,954
"750",26017,"Bay",2017,"4","2017 Q4",857,1064
"751",26017,"Bay",2018,"1","2018 Q1",841,1085
"752",26017,"Bay",2018,"2","2018 Q2",790,984
"753",26017,"Bay",2018,"3","2018 Q3",781,983
"754",26017,"Bay",2018,"4","2018 Q4",870,1077
"755",26017,"Bay",2019,"1","2019 Q1",811,1082
"756",26017,"Bay",2019,"2","2019 Q2",795,1008
"757",26017,"Bay",2019,"3","2019 Q3",791,1011
"758",26017,"Bay",2019,"4","2019 Q4",882,1115
"759",26017,"Bay",2020,"1","2020 Q1",893,1107
"760",26017,"Bay",2020,"2","2020 Q2",918,1109
"761",26017,"Bay",2020,"3","2020 Q3",917,1090
"762",26017,"Bay",2020,"4","2020 Q4",1074,1265
"763",26017,"Bay",2021,"1","2021 Q1",983,1162
"764",26017,"Bay",2021,"2","2021 Q2",945,1137
"765",26017,"Bay",2021,"3","2021 Q3",952,1147
"766",26017,"Bay",2021,"4","2021 Q4",1085,1300
"767",26017,"Bay",2022,"1","2022 Q1",1069,1236
"768",26017,"Bay",2022,"2","2022 Q2",965,1178
"769",26017,"Bay",2022,"3","2022 Q3",1018,1228
"770",26017,"Bay",2022,"4","2022 Q4",1069,1280
"771",26017,"Bay",2023,"1","2023 Q1",1087,1317
"772",26017,"Bay",2023,"2","2023 Q2",981,1218
"773",26017,"Bay",2023,"3","2023 Q3",959,1221
"774",26017,"Bay",2023,"4","2023 Q4",1064,1323
"775",26017,"Bay",2024,"1","2024 Q1",1057,1362
"776",26017,"Bay",2024,"2","2024 Q2",1000,1265
"777",26017,"Bay",2024,"3","2024 Q3",997,1259
"778",26017,"Bay",2024,"4","2024 Q4",1117,1377
"779",26017,"Bay",2025,"1","2025 Q1",1094,1397
"780",26017,"Bay",2025,"2","2025 Q2",1054,1305
"781",26017,"Bay",2025,"3","2025 Q3",1065,1316
"782",26017,"Bay",2025,"4","2025 Q4",1171,1433
"783",26017,"Bay",2026,"1","2026 Q1",1112,1457
"784",26019,"Benzie",2014,"1","2014 Q1",566,948
"785",26019,"Benzie",2014,"2","2014 Q2",503,886
"786",26019,"Benzie",2014,"3","2014 Q3",525,882
"787",26019,"Benzie",2014,"4","2014 Q4",576,984
"788",26019,"Benzie",2015,"1","2015 Q1",559,968
"789",26019,"Benzie",2015,"2","2015 Q2",550,908
"790",26019,"Benzie",2015,"3","2015 Q3",546,909
"791",26019,"Benzie",2015,"4","2015 Q4",640,1044
"792",26019,"Benzie",2016,"1","2016 Q1",565,977
"793",26019,"Benzie",2016,"2","2016 Q2",554,933
"794",26019,"Benzie",2016,"3","2016 Q3",580,965
"795",26019,"Benzie",2016,"4","2016 Q4",642,1026
"796",26019,"Benzie",2017,"1","2017 Q1",587,1048
"797",26019,"Benzie",2017,"2","2017 Q2",590,960
"798",26019,"Benzie",2017,"3","2017 Q3",567,954
"799",26019,"Benzie",2017,"4","2017 Q4",665,1064
"800",26019,"Benzie",2018,"1","2018 Q1",621,1085
"801",26019,"Benzie",2018,"2","2018 Q2",602,984
"802",26019,"Benzie",2018,"3","2018 Q3",606,983
"803",26019,"Benzie",2018,"4","2018 Q4",680,1077
"804",26019,"Benzie",2019,"1","2019 Q1",610,1082
"805",26019,"Benzie",2019,"2","2019 Q2",635,1008
"806",26019,"Benzie",2019,"3","2019 Q3",626,1011
"807",26019,"Benzie",2019,"4","2019 Q4",716,1115
"808",26019,"Benzie",2020,"1","2020 Q1",659,1107
"809",26019,"Benzie",2020,"2","2020 Q2",727,1109
"810",26019,"Benzie",2020,"3","2020 Q3",685,1090
"811",26019,"Benzie",2020,"4","2020 Q4",804,1265
"812",26019,"Benzie",2021,"1","2021 Q1",694,1162
"813",26019,"Benzie",2021,"2","2021 Q2",702,1137
"814",26019,"Benzie",2021,"3","2021 Q3",738,1147
"815",26019,"Benzie",2021,"4","2021 Q4",853,1300
"816",26019,"Benzie",2022,"1","2022 Q1",745,1236
"817",26019,"Benzie",2022,"2","2022 Q2",734,1178
"818",26019,"Benzie",2022,"3","2022 Q3",804,1228
"819",26019,"Benzie",2022,"4","2022 Q4",827,1280
"820",26019,"Benzie",2023,"1","2023 Q1",823,1317
"821",26019,"Benzie",2023,"2","2023 Q2",774,1218
"822",26019,"Benzie",2023,"3","2023 Q3",813,1221
"823",26019,"Benzie",2023,"4","2023 Q4",839,1323
"824",26019,"Benzie",2024,"1","2024 Q1",867,1362
"825",26019,"Benzie",2024,"2","2024 Q2",832,1265
"826",26019,"Benzie",2024,"3","2024 Q3",849,1259
"827",26019,"Benzie",2024,"4","2024 Q4",896,1377
"828",26019,"Benzie",2025,"1","2025 Q1",851,1397
"829",26019,"Benzie",2025,"2","2025 Q2",822,1305
"830",26019,"Benzie",2025,"3","2025 Q3",858,1316
"831",26019,"Benzie",2025,"4","2025 Q4",966,1433
"832",26019,"Benzie",2026,"1","2026 Q1",868,1457
"833",26029,"Charlevoix",2014,"1","2014 Q1",738,948
"834",26029,"Charlevoix",2014,"2","2014 Q2",705,886
"835",26029,"Charlevoix",2014,"3","2014 Q3",708,882
"836",26029,"Charlevoix",2014,"4","2014 Q4",805,984
"837",26029,"Charlevoix",2015,"1","2015 Q1",742,968
"838",26029,"Charlevoix",2015,"2","2015 Q2",742,908
"839",26029,"Charlevoix",2015,"3","2015 Q3",741,909
"840",26029,"Charlevoix",2015,"4","2015 Q4",868,1044
"841",26029,"Charlevoix",2016,"1","2016 Q1",864,977
"842",26029,"Charlevoix",2016,"2","2016 Q2",775,933
"843",26029,"Charlevoix",2016,"3","2016 Q3",807,965
"844",26029,"Charlevoix",2016,"4","2016 Q4",856,1026
"845",26029,"Charlevoix",2017,"1","2017 Q1",830,1048
"846",26029,"Charlevoix",2017,"2","2017 Q2",804,960
"847",26029,"Charlevoix",2017,"3","2017 Q3",787,954
"848",26029,"Charlevoix",2017,"4","2017 Q4",870,1064
"849",26029,"Charlevoix",2018,"1","2018 Q1",862,1085
"850",26029,"Charlevoix",2018,"2","2018 Q2",821,984
"851",26029,"Charlevoix",2018,"3","2018 Q3",839,983
"852",26029,"Charlevoix",2018,"4","2018 Q4",904,1077
"853",26029,"Charlevoix",2019,"1","2019 Q1",866,1082
"854",26029,"Charlevoix",2019,"2","2019 Q2",832,1008
"855",26029,"Charlevoix",2019,"3","2019 Q3",845,1011
"856",26029,"Charlevoix",2019,"4","2019 Q4",900,1115
"857",26029,"Charlevoix",2020,"1","2020 Q1",863,1107
"858",26029,"Charlevoix",2020,"2","2020 Q2",936,1109
"859",26029,"Charlevoix",2020,"3","2020 Q3",879,1090
"860",26029,"Charlevoix",2020,"4","2020 Q4",1044,1265
"861",26029,"Charlevoix",2021,"1","2021 Q1",884,1162
"862",26029,"Charlevoix",2021,"2","2021 Q2",953,1137
"863",26029,"Charlevoix",2021,"3","2021 Q3",999,1147
"864",26029,"Charlevoix",2021,"4","2021 Q4",1112,1300
"865",26029,"Charlevoix",2022,"1","2022 Q1",1040,1236
"866",26029,"Charlevoix",2022,"2","2022 Q2",1061,1178
"867",26029,"Charlevoix",2022,"3","2022 Q3",1064,1228
"868",26029,"Charlevoix",2022,"4","2022 Q4",1161,1280
"869",26029,"Charlevoix",2023,"1","2023 Q1",1070,1317
"870",26029,"Charlevoix",2023,"2","2023 Q2",1089,1218
"871",26029,"Charlevoix",2023,"3","2023 Q3",1046,1221
"872",26029,"Charlevoix",2023,"4","2023 Q4",1143,1323
"873",26029,"Charlevoix",2024,"1","2024 Q1",1120,1362
"874",26029,"Charlevoix",2024,"2","2024 Q2",1075,1265
"875",26029,"Charlevoix",2024,"3","2024 Q3",1093,1259
"876",26029,"Charlevoix",2024,"4","2024 Q4",1205,1377
"877",26029,"Charlevoix",2025,"1","2025 Q1",1147,1397
"878",26029,"Charlevoix",2025,"2","2025 Q2",1107,1305
"879",26029,"Charlevoix",2025,"3","2025 Q3",1117,1316
"880",26029,"Charlevoix",2025,"4","2025 Q4",1238,1433
"881",26029,"Charlevoix",2026,"1","2026 Q1",1157,1457
"882",26031,"Cheboygan",2014,"1","2014 Q1",507,948
"883",26031,"Cheboygan",2014,"2","2014 Q2",481,886
"884",26031,"Cheboygan",2014,"3","2014 Q3",495,882
"885",26031,"Cheboygan",2014,"4","2014 Q4",578,984
"886",26031,"Cheboygan",2015,"1","2015 Q1",505,968
"887",26031,"Cheboygan",2015,"2","2015 Q2",501,908
"888",26031,"Cheboygan",2015,"3","2015 Q3",522,909
"889",26031,"Cheboygan",2015,"4","2015 Q4",615,1044
"890",26031,"Cheboygan",2016,"1","2016 Q1",518,977
"891",26031,"Cheboygan",2016,"2","2016 Q2",527,933
"892",26031,"Cheboygan",2016,"3","2016 Q3",578,965
"893",26031,"Cheboygan",2016,"4","2016 Q4",598,1026
"894",26031,"Cheboygan",2017,"1","2017 Q1",547,1048
"895",26031,"Cheboygan",2017,"2","2017 Q2",528,960
"896",26031,"Cheboygan",2017,"3","2017 Q3",575,954
"897",26031,"Cheboygan",2017,"4","2017 Q4",613,1064
"898",26031,"Cheboygan",2018,"1","2018 Q1",583,1085
"899",26031,"Cheboygan",2018,"2","2018 Q2",569,984
"900",26031,"Cheboygan",2018,"3","2018 Q3",589,983
"901",26031,"Cheboygan",2018,"4","2018 Q4",652,1077
"902",26031,"Cheboygan",2019,"1","2019 Q1",600,1082
"903",26031,"Cheboygan",2019,"2","2019 Q2",591,1008
"904",26031,"Cheboygan",2019,"3","2019 Q3",633,1011
"905",26031,"Cheboygan",2019,"4","2019 Q4",691,1115
"906",26031,"Cheboygan",2020,"1","2020 Q1",621,1107
"907",26031,"Cheboygan",2020,"2","2020 Q2",646,1109
"908",26031,"Cheboygan",2020,"3","2020 Q3",735,1090
"909",26031,"Cheboygan",2020,"4","2020 Q4",833,1265
"910",26031,"Cheboygan",2021,"1","2021 Q1",715,1162
"911",26031,"Cheboygan",2021,"2","2021 Q2",702,1137
"912",26031,"Cheboygan",2021,"3","2021 Q3",827,1147
"913",26031,"Cheboygan",2021,"4","2021 Q4",853,1300
"914",26031,"Cheboygan",2022,"1","2022 Q1",743,1236
"915",26031,"Cheboygan",2022,"2","2022 Q2",744,1178
"916",26031,"Cheboygan",2022,"3","2022 Q3",836,1228
"917",26031,"Cheboygan",2022,"4","2022 Q4",867,1280
"918",26031,"Cheboygan",2023,"1","2023 Q1",850,1317
"919",26031,"Cheboygan",2023,"2","2023 Q2",800,1218
"920",26031,"Cheboygan",2023,"3","2023 Q3",855,1221
"921",26031,"Cheboygan",2023,"4","2023 Q4",893,1323
"922",26031,"Cheboygan",2024,"1","2024 Q1",882,1362
"923",26031,"Cheboygan",2024,"2","2024 Q2",852,1265
"924",26031,"Cheboygan",2024,"3","2024 Q3",912,1259
"925",26031,"Cheboygan",2024,"4","2024 Q4",996,1377
"926",26031,"Cheboygan",2025,"1","2025 Q1",942,1397
"927",26031,"Cheboygan",2025,"2","2025 Q2",947,1305
"928",26031,"Cheboygan",2025,"3","2025 Q3",943,1316
"929",26031,"Cheboygan",2025,"4","2025 Q4",1034,1433
"930",26031,"Cheboygan",2026,"1","2026 Q1",972,1457
"931",26033,"Chippewa",2014,"1","2014 Q1",507,948
"932",26033,"Chippewa",2014,"2","2014 Q2",496,886
"933",26033,"Chippewa",2014,"3","2014 Q3",506,882
"934",26033,"Chippewa",2014,"4","2014 Q4",570,984
"935",26033,"Chippewa",2015,"1","2015 Q1",507,968
"936",26033,"Chippewa",2015,"2","2015 Q2",500,908
"937",26033,"Chippewa",2015,"3","2015 Q3",522,909
"938",26033,"Chippewa",2015,"4","2015 Q4",604,1044
"939",26033,"Chippewa",2016,"1","2016 Q1",525,977
"940",26033,"Chippewa",2016,"2","2016 Q2",527,933
"941",26033,"Chippewa",2016,"3","2016 Q3",552,965
"942",26033,"Chippewa",2016,"4","2016 Q4",599,1026
"943",26033,"Chippewa",2017,"1","2017 Q1",560,1048
"944",26033,"Chippewa",2017,"2","2017 Q2",549,960
"945",26033,"Chippewa",2017,"3","2017 Q3",530,954
"946",26033,"Chippewa",2017,"4","2017 Q4",604,1064
"947",26033,"Chippewa",2018,"1","2018 Q1",565,1085
"948",26033,"Chippewa",2018,"2","2018 Q2",573,984
"949",26033,"Chippewa",2018,"3","2018 Q3",562,983
"950",26033,"Chippewa",2018,"4","2018 Q4",638,1077
"951",26033,"Chippewa",2019,"1","2019 Q1",574,1082
"952",26033,"Chippewa",2019,"2","2019 Q2",593,1008
"953",26033,"Chippewa",2019,"3","2019 Q3",585,1011
"954",26033,"Chippewa",2019,"4","2019 Q4",657,1115
"955",26033,"Chippewa",2020,"1","2020 Q1",598,1107
"956",26033,"Chippewa",2020,"2","2020 Q2",657,1109
"957",26033,"Chippewa",2020,"3","2020 Q3",622,1090
"958",26033,"Chippewa",2020,"4","2020 Q4",737,1265
"959",26033,"Chippewa",2021,"1","2021 Q1",639,1162
"960",26033,"Chippewa",2021,"2","2021 Q2",685,1137
"961",26033,"Chippewa",2021,"3","2021 Q3",698,1147
"962",26033,"Chippewa",2021,"4","2021 Q4",781,1300
"963",26033,"Chippewa",2022,"1","2022 Q1",696,1236
"964",26033,"Chippewa",2022,"2","2022 Q2",715,1178
"965",26033,"Chippewa",2022,"3","2022 Q3",776,1228
"966",26033,"Chippewa",2022,"4","2022 Q4",816,1280
"967",26033,"Chippewa",2023,"1","2023 Q1",783,1317
"968",26033,"Chippewa",2023,"2","2023 Q2",791,1218
"969",26033,"Chippewa",2023,"3","2023 Q3",875,1221
"970",26033,"Chippewa",2023,"4","2023 Q4",905,1323
"971",26033,"Chippewa",2024,"1","2024 Q1",856,1362
"972",26033,"Chippewa",2024,"2","2024 Q2",856,1265
"973",26033,"Chippewa",2024,"3","2024 Q3",895,1259
"974",26033,"Chippewa",2024,"4","2024 Q4",954,1377
"975",26033,"Chippewa",2025,"1","2025 Q1",879,1397
"976",26033,"Chippewa",2025,"2","2025 Q2",922,1305
"977",26033,"Chippewa",2025,"3","2025 Q3",957,1316
"978",26033,"Chippewa",2025,"4","2025 Q4",1087,1433
"979",26033,"Chippewa",2026,"1","2026 Q1",898,1457
"980",26035,"Clare",2014,"1","2014 Q1",599,948
"981",26035,"Clare",2014,"2","2014 Q2",606,886
"982",26035,"Clare",2014,"3","2014 Q3",603,882
"983",26035,"Clare",2014,"4","2014 Q4",731,984
"984",26035,"Clare",2015,"1","2015 Q1",610,968
"985",26035,"Clare",2015,"2","2015 Q2",633,908
"986",26035,"Clare",2015,"3","2015 Q3",630,909
"987",26035,"Clare",2015,"4","2015 Q4",770,1044
"988",26035,"Clare",2016,"1","2016 Q1",634,977
"989",26035,"Clare",2016,"2","2016 Q2",639,933
"990",26035,"Clare",2016,"3","2016 Q3",665,965
"991",26035,"Clare",2016,"4","2016 Q4",734,1026
"992",26035,"Clare",2017,"1","2017 Q1",680,1048
"993",26035,"Clare",2017,"2","2017 Q2",686,960
"994",26035,"Clare",2017,"3","2017 Q3",662,954
"995",26035,"Clare",2017,"4","2017 Q4",760,1064
"996",26035,"Clare",2018,"1","2018 Q1",709,1085
"997",26035,"Clare",2018,"2","2018 Q2",712,984
"998",26035,"Clare",2018,"3","2018 Q3",714,983
"999",26035,"Clare",2018,"4","2018 Q4",814,1077
"1000",26035,"Clare",2019,"1","2019 Q1",719,1082
"1001",26035,"Clare",2019,"2","2019 Q2",702,1008
"1002",26035,"Clare",2019,"3","2019 Q3",716,1011
"1003",26035,"Clare",2019,"4","2019 Q4",810,1115
"1004",26035,"Clare",2020,"1","2020 Q1",740,1107
"1005",26035,"Clare",2020,"2","2020 Q2",754,1109
"1006",26035,"Clare",2020,"3","2020 Q3",758,1090
"1007",26035,"Clare",2020,"4","2020 Q4",909,1265
"1008",26035,"Clare",2021,"1","2021 Q1",764,1162
"1009",26035,"Clare",2021,"2","2021 Q2",783,1137
"1010",26035,"Clare",2021,"3","2021 Q3",793,1147
"1011",26035,"Clare",2021,"4","2021 Q4",933,1300
"1012",26035,"Clare",2022,"1","2022 Q1",836,1236
"1013",26035,"Clare",2022,"2","2022 Q2",812,1178
"1014",26035,"Clare",2022,"3","2022 Q3",848,1228
"1015",26035,"Clare",2022,"4","2022 Q4",937,1280
"1016",26035,"Clare",2023,"1","2023 Q1",859,1317
"1017",26035,"Clare",2023,"2","2023 Q2",830,1218
"1018",26035,"Clare",2023,"3","2023 Q3",844,1221
"1019",26035,"Clare",2023,"4","2023 Q4",1038,1323
"1020",26035,"Clare",2024,"1","2024 Q1",899,1362
"1021",26035,"Clare",2024,"2","2024 Q2",866,1265
"1022",26035,"Clare",2024,"3","2024 Q3",850,1259
"1023",26035,"Clare",2024,"4","2024 Q4",1020,1377
"1024",26035,"Clare",2025,"1","2025 Q1",915,1397
"1025",26035,"Clare",2025,"2","2025 Q2",901,1305
"1026",26035,"Clare",2025,"3","2025 Q3",935,1316
"1027",26035,"Clare",2025,"4","2025 Q4",1063,1433
"1028",26035,"Clare",2026,"1","2026 Q1",925,1457
"1029",26037,"Clinton",2014,"1","2014 Q1",777,948
"1030",26037,"Clinton",2014,"2","2014 Q2",703,886
"1031",26037,"Clinton",2014,"3","2014 Q3",726,882
"1032",26037,"Clinton",2014,"4","2014 Q4",834,984
"1033",26037,"Clinton",2015,"1","2015 Q1",768,968
"1034",26037,"Clinton",2015,"2","2015 Q2",706,908
"1035",26037,"Clinton",2015,"3","2015 Q3",729,909
"1036",26037,"Clinton",2015,"4","2015 Q4",844,1044
"1037",26037,"Clinton",2016,"1","2016 Q1",744,977
"1038",26037,"Clinton",2016,"2","2016 Q2",781,933
"1039",26037,"Clinton",2016,"3","2016 Q3",757,965
"1040",26037,"Clinton",2016,"4","2016 Q4",846,1026
"1041",26037,"Clinton",2017,"1","2017 Q1",805,1048
"1042",26037,"Clinton",2017,"2","2017 Q2",779,960
"1043",26037,"Clinton",2017,"3","2017 Q3",730,954
"1044",26037,"Clinton",2017,"4","2017 Q4",883,1064
"1045",26037,"Clinton",2018,"1","2018 Q1",786,1085
"1046",26037,"Clinton",2018,"2","2018 Q2",753,984
"1047",26037,"Clinton",2018,"3","2018 Q3",751,983
"1048",26037,"Clinton",2018,"4","2018 Q4",875,1077
"1049",26037,"Clinton",2019,"1","2019 Q1",784,1082
"1050",26037,"Clinton",2019,"2","2019 Q2",767,1008
"1051",26037,"Clinton",2019,"3","2019 Q3",773,1011
"1052",26037,"Clinton",2019,"4","2019 Q4",917,1115
"1053",26037,"Clinton",2020,"1","2020 Q1",800,1107
"1054",26037,"Clinton",2020,"2","2020 Q2",832,1109
"1055",26037,"Clinton",2020,"3","2020 Q3",836,1090
"1056",26037,"Clinton",2020,"4","2020 Q4",1024,1265
"1057",26037,"Clinton",2021,"1","2021 Q1",836,1162
"1058",26037,"Clinton",2021,"2","2021 Q2",874,1137
"1059",26037,"Clinton",2021,"3","2021 Q3",876,1147
"1060",26037,"Clinton",2021,"4","2021 Q4",1112,1300
"1061",26037,"Clinton",2022,"1","2022 Q1",891,1236
"1062",26037,"Clinton",2022,"2","2022 Q2",897,1178
"1063",26037,"Clinton",2022,"3","2022 Q3",951,1228
"1064",26037,"Clinton",2022,"4","2022 Q4",1062,1280
"1065",26037,"Clinton",2023,"1","2023 Q1",945,1317
"1066",26037,"Clinton",2023,"2","2023 Q2",955,1218
"1067",26037,"Clinton",2023,"3","2023 Q3",948,1221
"1068",26037,"Clinton",2023,"4","2023 Q4",1086,1323
"1069",26037,"Clinton",2024,"1","2024 Q1",996,1362
"1070",26037,"Clinton",2024,"2","2024 Q2",961,1265
"1071",26037,"Clinton",2024,"3","2024 Q3",1005,1259
"1072",26037,"Clinton",2024,"4","2024 Q4",1150,1377
"1073",26037,"Clinton",2025,"1","2025 Q1",1021,1397
"1074",26037,"Clinton",2025,"2","2025 Q2",993,1305
"1075",26037,"Clinton",2025,"3","2025 Q3",1044,1316
"1076",26037,"Clinton",2025,"4","2025 Q4",1189,1433
"1077",26037,"Clinton",2026,"1","2026 Q1",1080,1457
"1078",26039,"Crawford",2014,"1","2014 Q1",699,948
"1079",26039,"Crawford",2014,"2","2014 Q2",684,886
"1080",26039,"Crawford",2014,"3","2014 Q3",713,882
"1081",26039,"Crawford",2014,"4","2014 Q4",739,984
"1082",26039,"Crawford",2015,"1","2015 Q1",732,968
"1083",26039,"Crawford",2015,"2","2015 Q2",765,908
"1084",26039,"Crawford",2015,"3","2015 Q3",706,909
"1085",26039,"Crawford",2015,"4","2015 Q4",792,1044
"1086",26039,"Crawford",2016,"1","2016 Q1",725,977
"1087",26039,"Crawford",2016,"2","2016 Q2",741,933
"1088",26039,"Crawford",2016,"3","2016 Q3",746,965
"1089",26039,"Crawford",2016,"4","2016 Q4",753,1026
"1090",26039,"Crawford",2017,"1","2017 Q1",785,1048
"1091",26039,"Crawford",2017,"2","2017 Q2",704,960
"1092",26039,"Crawford",2017,"3","2017 Q3",752,954
"1093",26039,"Crawford",2017,"4","2017 Q4",745,1064
"1094",26039,"Crawford",2018,"1","2018 Q1",839,1085
"1095",26039,"Crawford",2018,"2","2018 Q2",751,984
"1096",26039,"Crawford",2018,"3","2018 Q3",824,983
"1097",26039,"Crawford",2018,"4","2018 Q4",813,1077
"1098",26039,"Crawford",2019,"1","2019 Q1",883,1082
"1099",26039,"Crawford",2019,"2","2019 Q2",762,1008
"1100",26039,"Crawford",2019,"3","2019 Q3",812,1011
"1101",26039,"Crawford",2019,"4","2019 Q4",808,1115
"1102",26039,"Crawford",2020,"1","2020 Q1",866,1107
"1103",26039,"Crawford",2020,"2","2020 Q2",821,1109
"1104",26039,"Crawford",2020,"3","2020 Q3",862,1090
"1105",26039,"Crawford",2020,"4","2020 Q4",942,1265
"1106",26039,"Crawford",2021,"1","2021 Q1",872,1162
"1107",26039,"Crawford",2021,"2","2021 Q2",871,1137
"1108",26039,"Crawford",2021,"3","2021 Q3",915,1147
"1109",26039,"Crawford",2021,"4","2021 Q4",1008,1300
"1110",26039,"Crawford",2022,"1","2022 Q1",893,1236
"1111",26039,"Crawford",2022,"2","2022 Q2",895,1178
"1112",26039,"Crawford",2022,"3","2022 Q3",956,1228
"1113",26039,"Crawford",2022,"4","2022 Q4",1016,1280
"1114",26039,"Crawford",2023,"1","2023 Q1",951,1317
"1115",26039,"Crawford",2023,"2","2023 Q2",957,1218
"1116",26039,"Crawford",2023,"3","2023 Q3",927,1221
"1117",26039,"Crawford",2023,"4","2023 Q4",1029,1323
"1118",26039,"Crawford",2024,"1","2024 Q1",957,1362
"1119",26039,"Crawford",2024,"2","2024 Q2",990,1265
"1120",26039,"Crawford",2024,"3","2024 Q3",916,1259
"1121",26039,"Crawford",2024,"4","2024 Q4",1050,1377
"1122",26039,"Crawford",2025,"1","2025 Q1",1314,1397
"1123",26039,"Crawford",2025,"2","2025 Q2",1003,1305
"1124",26039,"Crawford",2025,"3","2025 Q3",941,1316
"1125",26039,"Crawford",2025,"4","2025 Q4",1116,1433
"1126",26039,"Crawford",2026,"1","2026 Q1",995,1457
"1127",26041,"Delta",2014,"1","2014 Q1",691,948
"1128",26041,"Delta",2014,"2","2014 Q2",650,886
"1129",26041,"Delta",2014,"3","2014 Q3",674,882
"1130",26041,"Delta",2014,"4","2014 Q4",706,984
"1131",26041,"Delta",2015,"1","2015 Q1",682,968
"1132",26041,"Delta",2015,"2","2015 Q2",660,908
"1133",26041,"Delta",2015,"3","2015 Q3",696,909
"1134",26041,"Delta",2015,"4","2015 Q4",748,1044
"1135",26041,"Delta",2016,"1","2016 Q1",671,977
"1136",26041,"Delta",2016,"2","2016 Q2",679,933
"1137",26041,"Delta",2016,"3","2016 Q3",720,965
"1138",26041,"Delta",2016,"4","2016 Q4",746,1026
"1139",26041,"Delta",2017,"1","2017 Q1",705,1048
"1140",26041,"Delta",2017,"2","2017 Q2",692,960
"1141",26041,"Delta",2017,"3","2017 Q3",704,954
"1142",26041,"Delta",2017,"4","2017 Q4",752,1064
"1143",26041,"Delta",2018,"1","2018 Q1",727,1085
"1144",26041,"Delta",2018,"2","2018 Q2",717,984
"1145",26041,"Delta",2018,"3","2018 Q3",741,983
"1146",26041,"Delta",2018,"4","2018 Q4",779,1077
"1147",26041,"Delta",2019,"1","2019 Q1",780,1082
"1148",26041,"Delta",2019,"2","2019 Q2",734,1008
"1149",26041,"Delta",2019,"3","2019 Q3",769,1011
"1150",26041,"Delta",2019,"4","2019 Q4",787,1115
"1151",26041,"Delta",2020,"1","2020 Q1",778,1107
"1152",26041,"Delta",2020,"2","2020 Q2",812,1109
"1153",26041,"Delta",2020,"3","2020 Q3",831,1090
"1154",26041,"Delta",2020,"4","2020 Q4",891,1265
"1155",26041,"Delta",2021,"1","2021 Q1",787,1162
"1156",26041,"Delta",2021,"2","2021 Q2",811,1137
"1157",26041,"Delta",2021,"3","2021 Q3",847,1147
"1158",26041,"Delta",2021,"4","2021 Q4",992,1300
"1159",26041,"Delta",2022,"1","2022 Q1",821,1236
"1160",26041,"Delta",2022,"2","2022 Q2",848,1178
"1161",26041,"Delta",2022,"3","2022 Q3",890,1228
"1162",26041,"Delta",2022,"4","2022 Q4",891,1280
"1163",26041,"Delta",2023,"1","2023 Q1",918,1317
"1164",26041,"Delta",2023,"2","2023 Q2",852,1218
"1165",26041,"Delta",2023,"3","2023 Q3",882,1221
"1166",26041,"Delta",2023,"4","2023 Q4",916,1323
"1167",26041,"Delta",2024,"1","2024 Q1",908,1362
"1168",26041,"Delta",2024,"2","2024 Q2",860,1265
"1169",26041,"Delta",2024,"3","2024 Q3",906,1259
"1170",26041,"Delta",2024,"4","2024 Q4",942,1377
"1171",26041,"Delta",2025,"1","2025 Q1",927,1397
"1172",26041,"Delta",2025,"2","2025 Q2",916,1305
"1173",26041,"Delta",2025,"3","2025 Q3",967,1316
"1174",26041,"Delta",2025,"4","2025 Q4",988,1433
"1175",26041,"Delta",2026,"1","2026 Q1",972,1457
"1176",26043,"Dickinson",2014,"1","2014 Q1",772,948
"1177",26043,"Dickinson",2014,"2","2014 Q2",733,886
"1178",26043,"Dickinson",2014,"3","2014 Q3",756,882
"1179",26043,"Dickinson",2014,"4","2014 Q4",845,984
"1180",26043,"Dickinson",2015,"1","2015 Q1",757,968
"1181",26043,"Dickinson",2015,"2","2015 Q2",734,908
"1182",26043,"Dickinson",2015,"3","2015 Q3",765,909
"1183",26043,"Dickinson",2015,"4","2015 Q4",841,1044
"1184",26043,"Dickinson",2016,"1","2016 Q1",789,977
"1185",26043,"Dickinson",2016,"2","2016 Q2",789,933
"1186",26043,"Dickinson",2016,"3","2016 Q3",803,965
"1187",26043,"Dickinson",2016,"4","2016 Q4",829,1026
"1188",26043,"Dickinson",2017,"1","2017 Q1",860,1048
"1189",26043,"Dickinson",2017,"2","2017 Q2",807,960
"1190",26043,"Dickinson",2017,"3","2017 Q3",825,954
"1191",26043,"Dickinson",2017,"4","2017 Q4",899,1064
"1192",26043,"Dickinson",2018,"1","2018 Q1",934,1085
"1193",26043,"Dickinson",2018,"2","2018 Q2",825,984
"1194",26043,"Dickinson",2018,"3","2018 Q3",869,983
"1195",26043,"Dickinson",2018,"4","2018 Q4",931,1077
"1196",26043,"Dickinson",2019,"1","2019 Q1",903,1082
"1197",26043,"Dickinson",2019,"2","2019 Q2",872,1008
"1198",26043,"Dickinson",2019,"3","2019 Q3",896,1011
"1199",26043,"Dickinson",2019,"4","2019 Q4",942,1115
"1200",26043,"Dickinson",2020,"1","2020 Q1",909,1107
"1201",26043,"Dickinson",2020,"2","2020 Q2",919,1109
"1202",26043,"Dickinson",2020,"3","2020 Q3",946,1090
"1203",26043,"Dickinson",2020,"4","2020 Q4",1053,1265
"1204",26043,"Dickinson",2021,"1","2021 Q1",988,1162
"1205",26043,"Dickinson",2021,"2","2021 Q2",967,1137
"1206",26043,"Dickinson",2021,"3","2021 Q3",1013,1147
"1207",26043,"Dickinson",2021,"4","2021 Q4",1159,1300
"1208",26043,"Dickinson",2022,"1","2022 Q1",1050,1236
"1209",26043,"Dickinson",2022,"2","2022 Q2",991,1178
"1210",26043,"Dickinson",2022,"3","2022 Q3",1047,1228
"1211",26043,"Dickinson",2022,"4","2022 Q4",1084,1280
"1212",26043,"Dickinson",2023,"1","2023 Q1",1112,1317
"1213",26043,"Dickinson",2023,"2","2023 Q2",1016,1218
"1214",26043,"Dickinson",2023,"3","2023 Q3",1008,1221
"1215",26043,"Dickinson",2023,"4","2023 Q4",1101,1323
"1216",26043,"Dickinson",2024,"1","2024 Q1",1060,1362
"1217",26043,"Dickinson",2024,"2","2024 Q2",1001,1265
"1218",26043,"Dickinson",2024,"3","2024 Q3",1049,1259
"1219",26043,"Dickinson",2024,"4","2024 Q4",1115,1377
"1220",26043,"Dickinson",2025,"1","2025 Q1",1112,1397
"1221",26043,"Dickinson",2025,"2","2025 Q2",1051,1305
"1222",26043,"Dickinson",2025,"3","2025 Q3",1115,1316
"1223",26043,"Dickinson",2025,"4","2025 Q4",1197,1433
"1224",26043,"Dickinson",2026,"1","2026 Q1",1196,1457
"1225",26045,"Eaton",2014,"1","2014 Q1",803,948
"1226",26045,"Eaton",2014,"2","2014 Q2",743,886
"1227",26045,"Eaton",2014,"3","2014 Q3",712,882
"1228",26045,"Eaton",2014,"4","2014 Q4",796,984
"1229",26045,"Eaton",2015,"1","2015 Q1",811,968
"1230",26045,"Eaton",2015,"2","2015 Q2",808,908
"1231",26045,"Eaton",2015,"3","2015 Q3",802,909
"1232",26045,"Eaton",2015,"4","2015 Q4",960,1044
"1233",26045,"Eaton",2016,"1","2016 Q1",846,977
"1234",26045,"Eaton",2016,"2","2016 Q2",845,933
"1235",26045,"Eaton",2016,"3","2016 Q3",864,965
"1236",26045,"Eaton",2016,"4","2016 Q4",891,1026
"1237",26045,"Eaton",2017,"1","2017 Q1",930,1048
"1238",26045,"Eaton",2017,"2","2017 Q2",821,960
"1239",26045,"Eaton",2017,"3","2017 Q3",845,954
"1240",26045,"Eaton",2017,"4","2017 Q4",922,1064
"1241",26045,"Eaton",2018,"1","2018 Q1",935,1085
"1242",26045,"Eaton",2018,"2","2018 Q2",878,984
"1243",26045,"Eaton",2018,"3","2018 Q3",888,983
"1244",26045,"Eaton",2018,"4","2018 Q4",923,1077
"1245",26045,"Eaton",2019,"1","2019 Q1",937,1082
"1246",26045,"Eaton",2019,"2","2019 Q2",904,1008
"1247",26045,"Eaton",2019,"3","2019 Q3",886,1011
"1248",26045,"Eaton",2019,"4","2019 Q4",993,1115
"1249",26045,"Eaton",2020,"1","2020 Q1",976,1107
"1250",26045,"Eaton",2020,"2","2020 Q2",971,1109
"1251",26045,"Eaton",2020,"3","2020 Q3",953,1090
"1252",26045,"Eaton",2020,"4","2020 Q4",1070,1265
"1253",26045,"Eaton",2021,"1","2021 Q1",995,1162
"1254",26045,"Eaton",2021,"2","2021 Q2",1036,1137
"1255",26045,"Eaton",2021,"3","2021 Q3",970,1147
"1256",26045,"Eaton",2021,"4","2021 Q4",1097,1300
"1257",26045,"Eaton",2022,"1","2022 Q1",1043,1236
"1258",26045,"Eaton",2022,"2","2022 Q2",1047,1178
"1259",26045,"Eaton",2022,"3","2022 Q3",1069,1228
"1260",26045,"Eaton",2022,"4","2022 Q4",1105,1280
"1261",26045,"Eaton",2023,"1","2023 Q1",1109,1317
"1262",26045,"Eaton",2023,"2","2023 Q2",1097,1218
"1263",26045,"Eaton",2023,"3","2023 Q3",1074,1221
"1264",26045,"Eaton",2023,"4","2023 Q4",1200,1323
"1265",26045,"Eaton",2024,"1","2024 Q1",1110,1362
"1266",26045,"Eaton",2024,"2","2024 Q2",1126,1265
"1267",26045,"Eaton",2024,"3","2024 Q3",1145,1259
"1268",26045,"Eaton",2024,"4","2024 Q4",1258,1377
"1269",26045,"Eaton",2025,"1","2025 Q1",1193,1397
"1270",26045,"Eaton",2025,"2","2025 Q2",1196,1305
"1271",26045,"Eaton",2025,"3","2025 Q3",1187,1316
"1272",26045,"Eaton",2025,"4","2025 Q4",1280,1433
"1273",26045,"Eaton",2026,"1","2026 Q1",1290,1457
"1274",26047,"Emmet",2014,"1","2014 Q1",660,948
"1275",26047,"Emmet",2014,"2","2014 Q2",625,886
"1276",26047,"Emmet",2014,"3","2014 Q3",650,882
"1277",26047,"Emmet",2014,"4","2014 Q4",732,984
"1278",26047,"Emmet",2015,"1","2015 Q1",690,968
"1279",26047,"Emmet",2015,"2","2015 Q2",653,908
"1280",26047,"Emmet",2015,"3","2015 Q3",685,909
"1281",26047,"Emmet",2015,"4","2015 Q4",797,1044
"1282",26047,"Emmet",2016,"1","2016 Q1",697,977
"1283",26047,"Emmet",2016,"2","2016 Q2",684,933
"1284",26047,"Emmet",2016,"3","2016 Q3",739,965
"1285",26047,"Emmet",2016,"4","2016 Q4",808,1026
"1286",26047,"Emmet",2017,"1","2017 Q1",842,1048
"1287",26047,"Emmet",2017,"2","2017 Q2",724,960
"1288",26047,"Emmet",2017,"3","2017 Q3",703,954
"1289",26047,"Emmet",2017,"4","2017 Q4",798,1064
"1290",26047,"Emmet",2018,"1","2018 Q1",748,1085
"1291",26047,"Emmet",2018,"2","2018 Q2",733,984
"1292",26047,"Emmet",2018,"3","2018 Q3",735,983
"1293",26047,"Emmet",2018,"4","2018 Q4",811,1077
"1294",26047,"Emmet",2019,"1","2019 Q1",753,1082
"1295",26047,"Emmet",2019,"2","2019 Q2",761,1008
"1296",26047,"Emmet",2019,"3","2019 Q3",772,1011
"1297",26047,"Emmet",2019,"4","2019 Q4",868,1115
"1298",26047,"Emmet",2020,"1","2020 Q1",818,1107
"1299",26047,"Emmet",2020,"2","2020 Q2",852,1109
"1300",26047,"Emmet",2020,"3","2020 Q3",849,1090
"1301",26047,"Emmet",2020,"4","2020 Q4",967,1265
"1302",26047,"Emmet",2021,"1","2021 Q1",844,1162
"1303",26047,"Emmet",2021,"2","2021 Q2",904,1137
"1304",26047,"Emmet",2021,"3","2021 Q3",901,1147
"1305",26047,"Emmet",2021,"4","2021 Q4",1015,1300
"1306",26047,"Emmet",2022,"1","2022 Q1",917,1236
"1307",26047,"Emmet",2022,"2","2022 Q2",920,1178
"1308",26047,"Emmet",2022,"3","2022 Q3",955,1228
"1309",26047,"Emmet",2022,"4","2022 Q4",998,1280
"1310",26047,"Emmet",2023,"1","2023 Q1",1064,1317
"1311",26047,"Emmet",2023,"2","2023 Q2",987,1218
"1312",26047,"Emmet",2023,"3","2023 Q3",998,1221
"1313",26047,"Emmet",2023,"4","2023 Q4",1097,1323
"1314",26047,"Emmet",2024,"1","2024 Q1",1041,1362
"1315",26047,"Emmet",2024,"2","2024 Q2",999,1265
"1316",26047,"Emmet",2024,"3","2024 Q3",1035,1259
"1317",26047,"Emmet",2024,"4","2024 Q4",1143,1377
"1318",26047,"Emmet",2025,"1","2025 Q1",1079,1397
"1319",26047,"Emmet",2025,"2","2025 Q2",1057,1305
"1320",26047,"Emmet",2025,"3","2025 Q3",1108,1316
"1321",26047,"Emmet",2025,"4","2025 Q4",1219,1433
"1322",26047,"Emmet",2026,"1","2026 Q1",1105,1457
"1323",26049,"Genesee",2014,"1","2014 Q1",782,948
"1324",26049,"Genesee",2014,"2","2014 Q2",735,886
"1325",26049,"Genesee",2014,"3","2014 Q3",754,882
"1326",26049,"Genesee",2014,"4","2014 Q4",823,984
"1327",26049,"Genesee",2015,"1","2015 Q1",807,968
"1328",26049,"Genesee",2015,"2","2015 Q2",773,908
"1329",26049,"Genesee",2015,"3","2015 Q3",799,909
"1330",26049,"Genesee",2015,"4","2015 Q4",908,1044
"1331",26049,"Genesee",2016,"1","2016 Q1",791,977
"1332",26049,"Genesee",2016,"2","2016 Q2",809,933
"1333",26049,"Genesee",2016,"3","2016 Q3",831,965
"1334",26049,"Genesee",2016,"4","2016 Q4",883,1026
"1335",26049,"Genesee",2017,"1","2017 Q1",855,1048
"1336",26049,"Genesee",2017,"2","2017 Q2",816,960
"1337",26049,"Genesee",2017,"3","2017 Q3",821,954
"1338",26049,"Genesee",2017,"4","2017 Q4",890,1064
"1339",26049,"Genesee",2018,"1","2018 Q1",874,1085
"1340",26049,"Genesee",2018,"2","2018 Q2",844,984
"1341",26049,"Genesee",2018,"3","2018 Q3",840,983
"1342",26049,"Genesee",2018,"4","2018 Q4",916,1077
"1343",26049,"Genesee",2019,"1","2019 Q1",878,1082
"1344",26049,"Genesee",2019,"2","2019 Q2",856,1008
"1345",26049,"Genesee",2019,"3","2019 Q3",856,1011
"1346",26049,"Genesee",2019,"4","2019 Q4",985,1115
"1347",26049,"Genesee",2020,"1","2020 Q1",901,1107
"1348",26049,"Genesee",2020,"2","2020 Q2",903,1109
"1349",26049,"Genesee",2020,"3","2020 Q3",915,1090
"1350",26049,"Genesee",2020,"4","2020 Q4",1061,1265
"1351",26049,"Genesee",2021,"1","2021 Q1",922,1162
"1352",26049,"Genesee",2021,"2","2021 Q2",944,1137
"1353",26049,"Genesee",2021,"3","2021 Q3",956,1147
"1354",26049,"Genesee",2021,"4","2021 Q4",1051,1300
"1355",26049,"Genesee",2022,"1","2022 Q1",953,1236
"1356",26049,"Genesee",2022,"2","2022 Q2",947,1178
"1357",26049,"Genesee",2022,"3","2022 Q3",993,1228
"1358",26049,"Genesee",2022,"4","2022 Q4",1030,1280
"1359",26049,"Genesee",2023,"1","2023 Q1",1016,1317
"1360",26049,"Genesee",2023,"2","2023 Q2",972,1218
"1361",26049,"Genesee",2023,"3","2023 Q3",993,1221
"1362",26049,"Genesee",2023,"4","2023 Q4",1099,1323
"1363",26049,"Genesee",2024,"1","2024 Q1",1071,1362
"1364",26049,"Genesee",2024,"2","2024 Q2",1013,1265
"1365",26049,"Genesee",2024,"3","2024 Q3",1033,1259
"1366",26049,"Genesee",2024,"4","2024 Q4",1115,1377
"1367",26049,"Genesee",2025,"1","2025 Q1",1089,1397
"1368",26049,"Genesee",2025,"2","2025 Q2",1049,1305
"1369",26049,"Genesee",2025,"3","2025 Q3",1061,1316
"1370",26049,"Genesee",2025,"4","2025 Q4",1162,1433
"1371",26049,"Genesee",2026,"1","2026 Q1",1128,1457
"1372",26051,"Gladwin",2014,"1","2014 Q1",596,948
"1373",26051,"Gladwin",2014,"2","2014 Q2",570,886
"1374",26051,"Gladwin",2014,"3","2014 Q3",644,882
"1375",26051,"Gladwin",2014,"4","2014 Q4",667,984
"1376",26051,"Gladwin",2015,"1","2015 Q1",599,968
"1377",26051,"Gladwin",2015,"2","2015 Q2",574,908
"1378",26051,"Gladwin",2015,"3","2015 Q3",620,909
"1379",26051,"Gladwin",2015,"4","2015 Q4",723,1044
"1380",26051,"Gladwin",2016,"1","2016 Q1",622,977
"1381",26051,"Gladwin",2016,"2","2016 Q2",613,933
"1382",26051,"Gladwin",2016,"3","2016 Q3",645,965
"1383",26051,"Gladwin",2016,"4","2016 Q4",702,1026
"1384",26051,"Gladwin",2017,"1","2017 Q1",655,1048
"1385",26051,"Gladwin",2017,"2","2017 Q2",633,960
"1386",26051,"Gladwin",2017,"3","2017 Q3",651,954
"1387",26051,"Gladwin",2017,"4","2017 Q4",746,1064
"1388",26051,"Gladwin",2018,"1","2018 Q1",684,1085
"1389",26051,"Gladwin",2018,"2","2018 Q2",679,984
"1390",26051,"Gladwin",2018,"3","2018 Q3",676,983
"1391",26051,"Gladwin",2018,"4","2018 Q4",761,1077
"1392",26051,"Gladwin",2019,"1","2019 Q1",682,1082
"1393",26051,"Gladwin",2019,"2","2019 Q2",686,1008
"1394",26051,"Gladwin",2019,"3","2019 Q3",695,1011
"1395",26051,"Gladwin",2019,"4","2019 Q4",785,1115
"1396",26051,"Gladwin",2020,"1","2020 Q1",702,1107
"1397",26051,"Gladwin",2020,"2","2020 Q2",758,1109
"1398",26051,"Gladwin",2020,"3","2020 Q3",734,1090
"1399",26051,"Gladwin",2020,"4","2020 Q4",845,1265
"1400",26051,"Gladwin",2021,"1","2021 Q1",701,1162
"1401",26051,"Gladwin",2021,"2","2021 Q2",743,1137
"1402",26051,"Gladwin",2021,"3","2021 Q3",767,1147
"1403",26051,"Gladwin",2021,"4","2021 Q4",898,1300
"1404",26051,"Gladwin",2022,"1","2022 Q1",776,1236
"1405",26051,"Gladwin",2022,"2","2022 Q2",765,1178
"1406",26051,"Gladwin",2022,"3","2022 Q3",828,1228
"1407",26051,"Gladwin",2022,"4","2022 Q4",916,1280
"1408",26051,"Gladwin",2023,"1","2023 Q1",799,1317
"1409",26051,"Gladwin",2023,"2","2023 Q2",815,1218
"1410",26051,"Gladwin",2023,"3","2023 Q3",800,1221
"1411",26051,"Gladwin",2023,"4","2023 Q4",952,1323
"1412",26051,"Gladwin",2024,"1","2024 Q1",915,1362
"1413",26051,"Gladwin",2024,"2","2024 Q2",890,1265
"1414",26051,"Gladwin",2024,"3","2024 Q3",887,1259
"1415",26051,"Gladwin",2024,"4","2024 Q4",1023,1377
"1416",26051,"Gladwin",2025,"1","2025 Q1",968,1397
"1417",26051,"Gladwin",2025,"2","2025 Q2",924,1305
"1418",26051,"Gladwin",2025,"3","2025 Q3",910,1316
"1419",26051,"Gladwin",2025,"4","2025 Q4",1053,1433
"1420",26051,"Gladwin",2026,"1","2026 Q1",970,1457
"1421",26053,"Gogebic",2014,"1","2014 Q1",586,948
"1422",26053,"Gogebic",2014,"2","2014 Q2",599,886
"1423",26053,"Gogebic",2014,"3","2014 Q3",636,882
"1424",26053,"Gogebic",2014,"4","2014 Q4",683,984
"1425",26053,"Gogebic",2015,"1","2015 Q1",603,968
"1426",26053,"Gogebic",2015,"2","2015 Q2",631,908
"1427",26053,"Gogebic",2015,"3","2015 Q3",666,909
"1428",26053,"Gogebic",2015,"4","2015 Q4",721,1044
"1429",26053,"Gogebic",2016,"1","2016 Q1",612,977
"1430",26053,"Gogebic",2016,"2","2016 Q2",689,933
"1431",26053,"Gogebic",2016,"3","2016 Q3",719,965
"1432",26053,"Gogebic",2016,"4","2016 Q4",719,1026
"1433",26053,"Gogebic",2017,"1","2017 Q1",678,1048
"1434",26053,"Gogebic",2017,"2","2017 Q2",688,960
"1435",26053,"Gogebic",2017,"3","2017 Q3",695,954
"1436",26053,"Gogebic",2017,"4","2017 Q4",737,1064
"1437",26053,"Gogebic",2018,"1","2018 Q1",702,1085
"1438",26053,"Gogebic",2018,"2","2018 Q2",729,984
"1439",26053,"Gogebic",2018,"3","2018 Q3",758,983
"1440",26053,"Gogebic",2018,"4","2018 Q4",769,1077
"1441",26053,"Gogebic",2019,"1","2019 Q1",709,1082
"1442",26053,"Gogebic",2019,"2","2019 Q2",743,1008
"1443",26053,"Gogebic",2019,"3","2019 Q3",753,1011
"1444",26053,"Gogebic",2019,"4","2019 Q4",777,1115
"1445",26053,"Gogebic",2020,"1","2020 Q1",747,1107
"1446",26053,"Gogebic",2020,"2","2020 Q2",830,1109
"1447",26053,"Gogebic",2020,"3","2020 Q3",807,1090
"1448",26053,"Gogebic",2020,"4","2020 Q4",885,1265
"1449",26053,"Gogebic",2021,"1","2021 Q1",724,1162
"1450",26053,"Gogebic",2021,"2","2021 Q2",818,1137
"1451",26053,"Gogebic",2021,"3","2021 Q3",832,1147
"1452",26053,"Gogebic",2021,"4","2021 Q4",867,1300
"1453",26053,"Gogebic",2022,"1","2022 Q1",761,1236
"1454",26053,"Gogebic",2022,"2","2022 Q2",840,1178
"1455",26053,"Gogebic",2022,"3","2022 Q3",897,1228
"1456",26053,"Gogebic",2022,"4","2022 Q4",880,1280
"1457",26053,"Gogebic",2023,"1","2023 Q1",835,1317
"1458",26053,"Gogebic",2023,"2","2023 Q2",884,1218
"1459",26053,"Gogebic",2023,"3","2023 Q3",873,1221
"1460",26053,"Gogebic",2023,"4","2023 Q4",919,1323
"1461",26053,"Gogebic",2024,"1","2024 Q1",869,1362
"1462",26053,"Gogebic",2024,"2","2024 Q2",937,1265
"1463",26053,"Gogebic",2024,"3","2024 Q3",935,1259
"1464",26053,"Gogebic",2024,"4","2024 Q4",953,1377
"1465",26053,"Gogebic",2025,"1","2025 Q1",817,1397
"1466",26053,"Gogebic",2025,"2","2025 Q2",929,1305
"1467",26053,"Gogebic",2025,"3","2025 Q3",893,1316
"1468",26053,"Gogebic",2025,"4","2025 Q4",977,1433
"1469",26053,"Gogebic",2026,"1","2026 Q1",856,1457
"1470",26055,"Grand Traverse",2014,"1","2014 Q1",729,948
"1471",26055,"Grand Traverse",2014,"2","2014 Q2",723,886
"1472",26055,"Grand Traverse",2014,"3","2014 Q3",740,882
"1473",26055,"Grand Traverse",2014,"4","2014 Q4",840,984
"1474",26055,"Grand Traverse",2015,"1","2015 Q1",746,968
"1475",26055,"Grand Traverse",2015,"2","2015 Q2",747,908
"1476",26055,"Grand Traverse",2015,"3","2015 Q3",754,909
"1477",26055,"Grand Traverse",2015,"4","2015 Q4",879,1044
"1478",26055,"Grand Traverse",2016,"1","2016 Q1",760,977
"1479",26055,"Grand Traverse",2016,"2","2016 Q2",772,933
"1480",26055,"Grand Traverse",2016,"3","2016 Q3",802,965
"1481",26055,"Grand Traverse",2016,"4","2016 Q4",858,1026
"1482",26055,"Grand Traverse",2017,"1","2017 Q1",833,1048
"1483",26055,"Grand Traverse",2017,"2","2017 Q2",773,960
"1484",26055,"Grand Traverse",2017,"3","2017 Q3",807,954
"1485",26055,"Grand Traverse",2017,"4","2017 Q4",883,1064
"1486",26055,"Grand Traverse",2018,"1","2018 Q1",855,1085
"1487",26055,"Grand Traverse",2018,"2","2018 Q2",803,984
"1488",26055,"Grand Traverse",2018,"3","2018 Q3",835,983
"1489",26055,"Grand Traverse",2018,"4","2018 Q4",915,1077
"1490",26055,"Grand Traverse",2019,"1","2019 Q1",875,1082
"1491",26055,"Grand Traverse",2019,"2","2019 Q2",834,1008
"1492",26055,"Grand Traverse",2019,"3","2019 Q3",873,1011
"1493",26055,"Grand Traverse",2019,"4","2019 Q4",941,1115
"1494",26055,"Grand Traverse",2020,"1","2020 Q1",953,1107
"1495",26055,"Grand Traverse",2020,"2","2020 Q2",934,1109
"1496",26055,"Grand Traverse",2020,"3","2020 Q3",955,1090
"1497",26055,"Grand Traverse",2020,"4","2020 Q4",1107,1265
"1498",26055,"Grand Traverse",2021,"1","2021 Q1",974,1162
"1499",26055,"Grand Traverse",2021,"2","2021 Q2",988,1137
"1500",26055,"Grand Traverse",2021,"3","2021 Q3",1018,1147
"1501",26055,"Grand Traverse",2021,"4","2021 Q4",1159,1300
"1502",26055,"Grand Traverse",2022,"1","2022 Q1",1011,1236
"1503",26055,"Grand Traverse",2022,"2","2022 Q2",998,1178
"1504",26055,"Grand Traverse",2022,"3","2022 Q3",1083,1228
"1505",26055,"Grand Traverse",2022,"4","2022 Q4",1138,1280
"1506",26055,"Grand Traverse",2023,"1","2023 Q1",1086,1317
"1507",26055,"Grand Traverse",2023,"2","2023 Q2",1078,1218
"1508",26055,"Grand Traverse",2023,"3","2023 Q3",1058,1221
"1509",26055,"Grand Traverse",2023,"4","2023 Q4",1188,1323
"1510",26055,"Grand Traverse",2024,"1","2024 Q1",1130,1362
"1511",26055,"Grand Traverse",2024,"2","2024 Q2",1105,1265
"1512",26055,"Grand Traverse",2024,"3","2024 Q3",1094,1259
"1513",26055,"Grand Traverse",2024,"4","2024 Q4",1225,1377
"1514",26055,"Grand Traverse",2025,"1","2025 Q1",1118,1397
"1515",26055,"Grand Traverse",2025,"2","2025 Q2",1144,1305
"1516",26055,"Grand Traverse",2025,"3","2025 Q3",1131,1316
"1517",26055,"Grand Traverse",2025,"4","2025 Q4",1287,1433
"1518",26055,"Grand Traverse",2026,"1","2026 Q1",1188,1457
"1519",26057,"Gratiot",2014,"1","2014 Q1",711,948
"1520",26057,"Gratiot",2014,"2","2014 Q2",712,886
"1521",26057,"Gratiot",2014,"3","2014 Q3",653,882
"1522",26057,"Gratiot",2014,"4","2014 Q4",774,984
"1523",26057,"Gratiot",2015,"1","2015 Q1",691,968
"1524",26057,"Gratiot",2015,"2","2015 Q2",719,908
"1525",26057,"Gratiot",2015,"3","2015 Q3",686,909
"1526",26057,"Gratiot",2015,"4","2015 Q4",832,1044
"1527",26057,"Gratiot",2016,"1","2016 Q1",711,977
"1528",26057,"Gratiot",2016,"2","2016 Q2",736,933
"1529",26057,"Gratiot",2016,"3","2016 Q3",741,965
"1530",26057,"Gratiot",2016,"4","2016 Q4",821,1026
"1531",26057,"Gratiot",2017,"1","2017 Q1",758,1048
"1532",26057,"Gratiot",2017,"2","2017 Q2",763,960
"1533",26057,"Gratiot",2017,"3","2017 Q3",778,954
"1534",26057,"Gratiot",2017,"4","2017 Q4",882,1064
"1535",26057,"Gratiot",2018,"1","2018 Q1",804,1085
"1536",26057,"Gratiot",2018,"2","2018 Q2",819,984
"1537",26057,"Gratiot",2018,"3","2018 Q3",791,983
"1538",26057,"Gratiot",2018,"4","2018 Q4",900,1077
"1539",26057,"Gratiot",2019,"1","2019 Q1",816,1082
"1540",26057,"Gratiot",2019,"2","2019 Q2",857,1008
"1541",26057,"Gratiot",2019,"3","2019 Q3",852,1011
"1542",26057,"Gratiot",2019,"4","2019 Q4",978,1115
"1543",26057,"Gratiot",2020,"1","2020 Q1",850,1107
"1544",26057,"Gratiot",2020,"2","2020 Q2",879,1109
"1545",26057,"Gratiot",2020,"3","2020 Q3",891,1090
"1546",26057,"Gratiot",2020,"4","2020 Q4",1072,1265
"1547",26057,"Gratiot",2021,"1","2021 Q1",842,1162
"1548",26057,"Gratiot",2021,"2","2021 Q2",900,1137
"1549",26057,"Gratiot",2021,"3","2021 Q3",891,1147
"1550",26057,"Gratiot",2021,"4","2021 Q4",1110,1300
"1551",26057,"Gratiot",2022,"1","2022 Q1",899,1236
"1552",26057,"Gratiot",2022,"2","2022 Q2",947,1178
"1553",26057,"Gratiot",2022,"3","2022 Q3",959,1228
"1554",26057,"Gratiot",2022,"4","2022 Q4",1100,1280
"1555",26057,"Gratiot",2023,"1","2023 Q1",961,1317
"1556",26057,"Gratiot",2023,"2","2023 Q2",992,1218
"1557",26057,"Gratiot",2023,"3","2023 Q3",950,1221
"1558",26057,"Gratiot",2023,"4","2023 Q4",1121,1323
"1559",26057,"Gratiot",2024,"1","2024 Q1",978,1362
"1560",26057,"Gratiot",2024,"2","2024 Q2",1021,1265
"1561",26057,"Gratiot",2024,"3","2024 Q3",985,1259
"1562",26057,"Gratiot",2024,"4","2024 Q4",1149,1377
"1563",26057,"Gratiot",2025,"1","2025 Q1",1031,1397
"1564",26057,"Gratiot",2025,"2","2025 Q2",1071,1305
"1565",26057,"Gratiot",2025,"3","2025 Q3",1033,1316
"1566",26057,"Gratiot",2025,"4","2025 Q4",1209,1433
"1567",26057,"Gratiot",2026,"1","2026 Q1",1096,1457
"1568",26059,"Hillsdale",2014,"1","2014 Q1",741,948
"1569",26059,"Hillsdale",2014,"2","2014 Q2",728,886
"1570",26059,"Hillsdale",2014,"3","2014 Q3",731,882
"1571",26059,"Hillsdale",2014,"4","2014 Q4",843,984
"1572",26059,"Hillsdale",2015,"1","2015 Q1",757,968
"1573",26059,"Hillsdale",2015,"2","2015 Q2",757,908
"1574",26059,"Hillsdale",2015,"3","2015 Q3",745,909
"1575",26059,"Hillsdale",2015,"4","2015 Q4",871,1044
"1576",26059,"Hillsdale",2016,"1","2016 Q1",759,977
"1577",26059,"Hillsdale",2016,"2","2016 Q2",745,933
"1578",26059,"Hillsdale",2016,"3","2016 Q3",781,965
"1579",26059,"Hillsdale",2016,"4","2016 Q4",842,1026
"1580",26059,"Hillsdale",2017,"1","2017 Q1",820,1048
"1581",26059,"Hillsdale",2017,"2","2017 Q2",778,960
"1582",26059,"Hillsdale",2017,"3","2017 Q3",790,954
"1583",26059,"Hillsdale",2017,"4","2017 Q4",868,1064
"1584",26059,"Hillsdale",2018,"1","2018 Q1",848,1085
"1585",26059,"Hillsdale",2018,"2","2018 Q2",814,984
"1586",26059,"Hillsdale",2018,"3","2018 Q3",826,983
"1587",26059,"Hillsdale",2018,"4","2018 Q4",887,1077
"1588",26059,"Hillsdale",2019,"1","2019 Q1",862,1082
"1589",26059,"Hillsdale",2019,"2","2019 Q2",832,1008
"1590",26059,"Hillsdale",2019,"3","2019 Q3",837,1011
"1591",26059,"Hillsdale",2019,"4","2019 Q4",895,1115
"1592",26059,"Hillsdale",2020,"1","2020 Q1",839,1107
"1593",26059,"Hillsdale",2020,"2","2020 Q2",823,1109
"1594",26059,"Hillsdale",2020,"3","2020 Q3",896,1090
"1595",26059,"Hillsdale",2020,"4","2020 Q4",999,1265
"1596",26059,"Hillsdale",2021,"1","2021 Q1",845,1162
"1597",26059,"Hillsdale",2021,"2","2021 Q2",903,1137
"1598",26059,"Hillsdale",2021,"3","2021 Q3",915,1147
"1599",26059,"Hillsdale",2021,"4","2021 Q4",1022,1300
"1600",26059,"Hillsdale",2022,"1","2022 Q1",935,1236
"1601",26059,"Hillsdale",2022,"2","2022 Q2",945,1178
"1602",26059,"Hillsdale",2022,"3","2022 Q3",991,1228
"1603",26059,"Hillsdale",2022,"4","2022 Q4",1042,1280
"1604",26059,"Hillsdale",2023,"1","2023 Q1",970,1317
"1605",26059,"Hillsdale",2023,"2","2023 Q2",953,1218
"1606",26059,"Hillsdale",2023,"3","2023 Q3",960,1221
"1607",26059,"Hillsdale",2023,"4","2023 Q4",1033,1323
"1608",26059,"Hillsdale",2024,"1","2024 Q1",1001,1362
"1609",26059,"Hillsdale",2024,"2","2024 Q2",961,1265
"1610",26059,"Hillsdale",2024,"3","2024 Q3",979,1259
"1611",26059,"Hillsdale",2024,"4","2024 Q4",1050,1377
"1612",26059,"Hillsdale",2025,"1","2025 Q1",1026,1397
"1613",26059,"Hillsdale",2025,"2","2025 Q2",988,1305
"1614",26059,"Hillsdale",2025,"3","2025 Q3",1010,1316
"1615",26059,"Hillsdale",2025,"4","2025 Q4",1106,1433
"1616",26059,"Hillsdale",2026,"1","2026 Q1",1033,1457
"1617",26061,"Houghton",2014,"1","2014 Q1",574,948
"1618",26061,"Houghton",2014,"2","2014 Q2",571,886
"1619",26061,"Houghton",2014,"3","2014 Q3",602,882
"1620",26061,"Houghton",2014,"4","2014 Q4",632,984
"1621",26061,"Houghton",2015,"1","2015 Q1",589,968
"1622",26061,"Houghton",2015,"2","2015 Q2",583,908
"1623",26061,"Houghton",2015,"3","2015 Q3",621,909
"1624",26061,"Houghton",2015,"4","2015 Q4",679,1044
"1625",26061,"Houghton",2016,"1","2016 Q1",594,977
"1626",26061,"Houghton",2016,"2","2016 Q2",625,933
"1627",26061,"Houghton",2016,"3","2016 Q3",666,965
"1628",26061,"Houghton",2016,"4","2016 Q4",688,1026
"1629",26061,"Houghton",2017,"1","2017 Q1",637,1048
"1630",26061,"Houghton",2017,"2","2017 Q2",629,960
"1631",26061,"Houghton",2017,"3","2017 Q3",647,954
"1632",26061,"Houghton",2017,"4","2017 Q4",691,1064
"1633",26061,"Houghton",2018,"1","2018 Q1",663,1085
"1634",26061,"Houghton",2018,"2","2018 Q2",666,984
"1635",26061,"Houghton",2018,"3","2018 Q3",677,983
"1636",26061,"Houghton",2018,"4","2018 Q4",722,1077
"1637",26061,"Houghton",2019,"1","2019 Q1",667,1082
"1638",26061,"Houghton",2019,"2","2019 Q2",675,1008
"1639",26061,"Houghton",2019,"3","2019 Q3",683,1011
"1640",26061,"Houghton",2019,"4","2019 Q4",739,1115
"1641",26061,"Houghton",2020,"1","2020 Q1",674,1107
"1642",26061,"Houghton",2020,"2","2020 Q2",741,1109
"1643",26061,"Houghton",2020,"3","2020 Q3",737,1090
"1644",26061,"Houghton",2020,"4","2020 Q4",866,1265
"1645",26061,"Houghton",2021,"1","2021 Q1",778,1162
"1646",26061,"Houghton",2021,"2","2021 Q2",813,1137
"1647",26061,"Houghton",2021,"3","2021 Q3",832,1147
"1648",26061,"Houghton",2021,"4","2021 Q4",940,1300
"1649",26061,"Houghton",2022,"1","2022 Q1",828,1236
"1650",26061,"Houghton",2022,"2","2022 Q2",831,1178
"1651",26061,"Houghton",2022,"3","2022 Q3",899,1228
"1652",26061,"Houghton",2022,"4","2022 Q4",935,1280
"1653",26061,"Houghton",2023,"1","2023 Q1",871,1317
"1654",26061,"Houghton",2023,"2","2023 Q2",836,1218
"1655",26061,"Houghton",2023,"3","2023 Q3",868,1221
"1656",26061,"Houghton",2023,"4","2023 Q4",955,1323
"1657",26061,"Houghton",2024,"1","2024 Q1",884,1362
"1658",26061,"Houghton",2024,"2","2024 Q2",882,1265
"1659",26061,"Houghton",2024,"3","2024 Q3",915,1259
"1660",26061,"Houghton",2024,"4","2024 Q4",1007,1377
"1661",26061,"Houghton",2025,"1","2025 Q1",928,1397
"1662",26061,"Houghton",2025,"2","2025 Q2",921,1305
"1663",26061,"Houghton",2025,"3","2025 Q3",961,1316
"1664",26061,"Houghton",2025,"4","2025 Q4",1096,1433
"1665",26061,"Houghton",2026,"1","2026 Q1",939,1457
"1666",26063,"Huron",2014,"1","2014 Q1",656,948
"1667",26063,"Huron",2014,"2","2014 Q2",652,886
"1668",26063,"Huron",2014,"3","2014 Q3",653,882
"1669",26063,"Huron",2014,"4","2014 Q4",753,984
"1670",26063,"Huron",2015,"1","2015 Q1",669,968
"1671",26063,"Huron",2015,"2","2015 Q2",682,908
"1672",26063,"Huron",2015,"3","2015 Q3",662,909
"1673",26063,"Huron",2015,"4","2015 Q4",772,1044
"1674",26063,"Huron",2016,"1","2016 Q1",680,977
"1675",26063,"Huron",2016,"2","2016 Q2",680,933
"1676",26063,"Huron",2016,"3","2016 Q3",698,965
"1677",26063,"Huron",2016,"4","2016 Q4",765,1026
"1678",26063,"Huron",2017,"1","2017 Q1",710,1048
"1679",26063,"Huron",2017,"2","2017 Q2",712,960
"1680",26063,"Huron",2017,"3","2017 Q3",710,954
"1681",26063,"Huron",2017,"4","2017 Q4",803,1064
"1682",26063,"Huron",2018,"1","2018 Q1",749,1085
"1683",26063,"Huron",2018,"2","2018 Q2",727,984
"1684",26063,"Huron",2018,"3","2018 Q3",733,983
"1685",26063,"Huron",2018,"4","2018 Q4",813,1077
"1686",26063,"Huron",2019,"1","2019 Q1",759,1082
"1687",26063,"Huron",2019,"2","2019 Q2",750,1008
"1688",26063,"Huron",2019,"3","2019 Q3",759,1011
"1689",26063,"Huron",2019,"4","2019 Q4",825,1115
"1690",26063,"Huron",2020,"1","2020 Q1",777,1107
"1691",26063,"Huron",2020,"2","2020 Q2",812,1109
"1692",26063,"Huron",2020,"3","2020 Q3",807,1090
"1693",26063,"Huron",2020,"4","2020 Q4",941,1265
"1694",26063,"Huron",2021,"1","2021 Q1",812,1162
"1695",26063,"Huron",2021,"2","2021 Q2",838,1137
"1696",26063,"Huron",2021,"3","2021 Q3",841,1147
"1697",26063,"Huron",2021,"4","2021 Q4",984,1300
"1698",26063,"Huron",2022,"1","2022 Q1",848,1236
"1699",26063,"Huron",2022,"2","2022 Q2",864,1178
"1700",26063,"Huron",2022,"3","2022 Q3",894,1228
"1701",26063,"Huron",2022,"4","2022 Q4",949,1280
"1702",26063,"Huron",2023,"1","2023 Q1",913,1317
"1703",26063,"Huron",2023,"2","2023 Q2",893,1218
"1704",26063,"Huron",2023,"3","2023 Q3",893,1221
"1705",26063,"Huron",2023,"4","2023 Q4",1024,1323
"1706",26063,"Huron",2024,"1","2024 Q1",966,1362
"1707",26063,"Huron",2024,"2","2024 Q2",912,1265
"1708",26063,"Huron",2024,"3","2024 Q3",926,1259
"1709",26063,"Huron",2024,"4","2024 Q4",1061,1377
"1710",26063,"Huron",2025,"1","2025 Q1",984,1397
"1711",26063,"Huron",2025,"2","2025 Q2",975,1305
"1712",26063,"Huron",2025,"3","2025 Q3",971,1316
"1713",26063,"Huron",2025,"4","2025 Q4",1112,1433
"1714",26063,"Huron",2026,"1","2026 Q1",1004,1457
"1715",26065,"Ingham",2014,"1","2014 Q1",863,948
"1716",26065,"Ingham",2014,"2","2014 Q2",810,886
"1717",26065,"Ingham",2014,"3","2014 Q3",811,882
"1718",26065,"Ingham",2014,"4","2014 Q4",888,984
"1719",26065,"Ingham",2015,"1","2015 Q1",866,968
"1720",26065,"Ingham",2015,"2","2015 Q2",802,908
"1721",26065,"Ingham",2015,"3","2015 Q3",820,909
"1722",26065,"Ingham",2015,"4","2015 Q4",949,1044
"1723",26065,"Ingham",2016,"1","2016 Q1",876,977
"1724",26065,"Ingham",2016,"2","2016 Q2",860,933
"1725",26065,"Ingham",2016,"3","2016 Q3",876,965
"1726",26065,"Ingham",2016,"4","2016 Q4",944,1026
"1727",26065,"Ingham",2017,"1","2017 Q1",908,1048
"1728",26065,"Ingham",2017,"2","2017 Q2",885,960
"1729",26065,"Ingham",2017,"3","2017 Q3",848,954
"1730",26065,"Ingham",2017,"4","2017 Q4",953,1064
"1731",26065,"Ingham",2018,"1","2018 Q1",969,1085
"1732",26065,"Ingham",2018,"2","2018 Q2",914,984
"1733",26065,"Ingham",2018,"3","2018 Q3",889,983
"1734",26065,"Ingham",2018,"4","2018 Q4",989,1077
"1735",26065,"Ingham",2019,"1","2019 Q1",967,1082
"1736",26065,"Ingham",2019,"2","2019 Q2",959,1008
"1737",26065,"Ingham",2019,"3","2019 Q3",915,1011
"1738",26065,"Ingham",2019,"4","2019 Q4",1043,1115
"1739",26065,"Ingham",2020,"1","2020 Q1",993,1107
"1740",26065,"Ingham",2020,"2","2020 Q2",1069,1109
"1741",26065,"Ingham",2020,"3","2020 Q3",1013,1090
"1742",26065,"Ingham",2020,"4","2020 Q4",1176,1265
"1743",26065,"Ingham",2021,"1","2021 Q1",1067,1162
"1744",26065,"Ingham",2021,"2","2021 Q2",1087,1137
"1745",26065,"Ingham",2021,"3","2021 Q3",1067,1147
"1746",26065,"Ingham",2021,"4","2021 Q4",1207,1300
"1747",26065,"Ingham",2022,"1","2022 Q1",1148,1236
"1748",26065,"Ingham",2022,"2","2022 Q2",1150,1178
"1749",26065,"Ingham",2022,"3","2022 Q3",1158,1228
"1750",26065,"Ingham",2022,"4","2022 Q4",1209,1280
"1751",26065,"Ingham",2023,"1","2023 Q1",1194,1317
"1752",26065,"Ingham",2023,"2","2023 Q2",1193,1218
"1753",26065,"Ingham",2023,"3","2023 Q3",1138,1221
"1754",26065,"Ingham",2023,"4","2023 Q4",1242,1323
"1755",26065,"Ingham",2024,"1","2024 Q1",1258,1362
"1756",26065,"Ingham",2024,"2","2024 Q2",1197,1265
"1757",26065,"Ingham",2024,"3","2024 Q3",1181,1259
"1758",26065,"Ingham",2024,"4","2024 Q4",1277,1377
"1759",26065,"Ingham",2025,"1","2025 Q1",1315,1397
"1760",26065,"Ingham",2025,"2","2025 Q2",1192,1305
"1761",26065,"Ingham",2025,"3","2025 Q3",1219,1316
"1762",26065,"Ingham",2025,"4","2025 Q4",1320,1433
"1763",26065,"Ingham",2026,"1","2026 Q1",1362,1457
"1764",26067,"Ionia",2014,"1","2014 Q1",540,948
"1765",26067,"Ionia",2014,"2","2014 Q2",500,886
"1766",26067,"Ionia",2014,"3","2014 Q3",551,882
"1767",26067,"Ionia",2014,"4","2014 Q4",558,984
"1768",26067,"Ionia",2015,"1","2015 Q1",482,968
"1769",26067,"Ionia",2015,"2","2015 Q2",480,908
"1770",26067,"Ionia",2015,"3","2015 Q3",550,909
"1771",26067,"Ionia",2015,"4","2015 Q4",595,1044
"1772",26067,"Ionia",2016,"1","2016 Q1",495,977
"1773",26067,"Ionia",2016,"2","2016 Q2",499,933
"1774",26067,"Ionia",2016,"3","2016 Q3",579,965
"1775",26067,"Ionia",2016,"4","2016 Q4",572,1026
"1776",26067,"Ionia",2017,"1","2017 Q1",533,1048
"1777",26067,"Ionia",2017,"2","2017 Q2",542,960
"1778",26067,"Ionia",2017,"3","2017 Q3",601,954
"1779",26067,"Ionia",2017,"4","2017 Q4",618,1064
"1780",26067,"Ionia",2018,"1","2018 Q1",563,1085
"1781",26067,"Ionia",2018,"2","2018 Q2",615,984
"1782",26067,"Ionia",2018,"3","2018 Q3",633,983
"1783",26067,"Ionia",2018,"4","2018 Q4",681,1077
"1784",26067,"Ionia",2019,"1","2019 Q1",596,1082
"1785",26067,"Ionia",2019,"2","2019 Q2",580,1008
"1786",26067,"Ionia",2019,"3","2019 Q3",652,1011
"1787",26067,"Ionia",2019,"4","2019 Q4",674,1115
"1788",26067,"Ionia",2020,"1","2020 Q1",613,1107
"1789",26067,"Ionia",2020,"2","2020 Q2",621,1109
"1790",26067,"Ionia",2020,"3","2020 Q3",748,1090
"1791",26067,"Ionia",2020,"4","2020 Q4",805,1265
"1792",26067,"Ionia",2021,"1","2021 Q1",683,1162
"1793",26067,"Ionia",2021,"2","2021 Q2",697,1137
"1794",26067,"Ionia",2021,"3","2021 Q3",781,1147
"1795",26067,"Ionia",2021,"4","2021 Q4",868,1300
"1796",26067,"Ionia",2022,"1","2022 Q1",821,1236
"1797",26067,"Ionia",2022,"2","2022 Q2",762,1178
"1798",26067,"Ionia",2022,"3","2022 Q3",894,1228
"1799",26067,"Ionia",2022,"4","2022 Q4",926,1280
"1800",26067,"Ionia",2023,"1","2023 Q1",851,1317
"1801",26067,"Ionia",2023,"2","2023 Q2",823,1218
"1802",26067,"Ionia",2023,"3","2023 Q3",861,1221
"1803",26067,"Ionia",2023,"4","2023 Q4",910,1323
"1804",26067,"Ionia",2024,"1","2024 Q1",877,1362
"1805",26067,"Ionia",2024,"2","2024 Q2",858,1265
"1806",26067,"Ionia",2024,"3","2024 Q3",910,1259
"1807",26067,"Ionia",2024,"4","2024 Q4",897,1377
"1808",26067,"Ionia",2025,"1","2025 Q1",860,1397
"1809",26067,"Ionia",2025,"2","2025 Q2",864,1305
"1810",26067,"Ionia",2025,"3","2025 Q3",923,1316
"1811",26067,"Ionia",2025,"4","2025 Q4",938,1433
"1812",26067,"Ionia",2026,"1","2026 Q1",868,1457
"1813",26069,"Iosco",2014,"1","2014 Q1",575,948
"1814",26069,"Iosco",2014,"2","2014 Q2",585,886
"1815",26069,"Iosco",2014,"3","2014 Q3",572,882
"1816",26069,"Iosco",2014,"4","2014 Q4",692,984
"1817",26069,"Iosco",2015,"1","2015 Q1",600,968
"1818",26069,"Iosco",2015,"2","2015 Q2",616,908
"1819",26069,"Iosco",2015,"3","2015 Q3",604,909
"1820",26069,"Iosco",2015,"4","2015 Q4",725,1044
"1821",26069,"Iosco",2016,"1","2016 Q1",640,977
"1822",26069,"Iosco",2016,"2","2016 Q2",608,933
"1823",26069,"Iosco",2016,"3","2016 Q3",660,965
"1824",26069,"Iosco",2016,"4","2016 Q4",699,1026
"1825",26069,"Iosco",2017,"1","2017 Q1",736,1048
"1826",26069,"Iosco",2017,"2","2017 Q2",658,960
"1827",26069,"Iosco",2017,"3","2017 Q3",708,954
"1828",26069,"Iosco",2017,"4","2017 Q4",771,1064
"1829",26069,"Iosco",2018,"1","2018 Q1",768,1085
"1830",26069,"Iosco",2018,"2","2018 Q2",709,984
"1831",26069,"Iosco",2018,"3","2018 Q3",762,983
"1832",26069,"Iosco",2018,"4","2018 Q4",814,1077
"1833",26069,"Iosco",2019,"1","2019 Q1",907,1082
"1834",26069,"Iosco",2019,"2","2019 Q2",802,1008
"1835",26069,"Iosco",2019,"3","2019 Q3",866,1011
"1836",26069,"Iosco",2019,"4","2019 Q4",887,1115
"1837",26069,"Iosco",2020,"1","2020 Q1",938,1107
"1838",26069,"Iosco",2020,"2","2020 Q2",993,1109
"1839",26069,"Iosco",2020,"3","2020 Q3",1029,1090
"1840",26069,"Iosco",2020,"4","2020 Q4",1162,1265
"1841",26069,"Iosco",2021,"1","2021 Q1",1052,1162
"1842",26069,"Iosco",2021,"2","2021 Q2",1009,1137
"1843",26069,"Iosco",2021,"3","2021 Q3",1134,1147
"1844",26069,"Iosco",2021,"4","2021 Q4",1327,1300
"1845",26069,"Iosco",2022,"1","2022 Q1",1179,1236
"1846",26069,"Iosco",2022,"2","2022 Q2",1179,1178
"1847",26069,"Iosco",2022,"3","2022 Q3",1057,1228
"1848",26069,"Iosco",2022,"4","2022 Q4",1189,1280
"1849",26069,"Iosco",2023,"1","2023 Q1",1106,1317
"1850",26069,"Iosco",2023,"2","2023 Q2",1182,1218
"1851",26069,"Iosco",2023,"3","2023 Q3",1036,1221
"1852",26069,"Iosco",2023,"4","2023 Q4",1226,1323
"1853",26069,"Iosco",2024,"1","2024 Q1",1169,1362
"1854",26069,"Iosco",2024,"2","2024 Q2",1139,1265
"1855",26069,"Iosco",2024,"3","2024 Q3",1096,1259
"1856",26069,"Iosco",2024,"4","2024 Q4",1308,1377
"1857",26069,"Iosco",2025,"1","2025 Q1",1238,1397
"1858",26069,"Iosco",2025,"2","2025 Q2",1162,1305
"1859",26069,"Iosco",2025,"3","2025 Q3",1106,1316
"1860",26069,"Iosco",2025,"4","2025 Q4",1348,1433
"1861",26069,"Iosco",2026,"1","2026 Q1",1362,1457
"1862",26071,"Iron",2014,"1","2014 Q1",601,948
"1863",26071,"Iron",2014,"2","2014 Q2",615,886
"1864",26071,"Iron",2014,"3","2014 Q3",626,882
"1865",26071,"Iron",2014,"4","2014 Q4",706,984
"1866",26071,"Iron",2015,"1","2015 Q1",625,968
"1867",26071,"Iron",2015,"2","2015 Q2",632,908
"1868",26071,"Iron",2015,"3","2015 Q3",679,909
"1869",26071,"Iron",2015,"4","2015 Q4",744,1044
"1870",26071,"Iron",2016,"1","2016 Q1",634,977
"1871",26071,"Iron",2016,"2","2016 Q2",639,933
"1872",26071,"Iron",2016,"3","2016 Q3",695,965
"1873",26071,"Iron",2016,"4","2016 Q4",689,1026
"1874",26071,"Iron",2017,"1","2017 Q1",670,1048
"1875",26071,"Iron",2017,"2","2017 Q2",650,960
"1876",26071,"Iron",2017,"3","2017 Q3",682,954
"1877",26071,"Iron",2017,"4","2017 Q4",715,1064
"1878",26071,"Iron",2018,"1","2018 Q1",691,1085
"1879",26071,"Iron",2018,"2","2018 Q2",657,984
"1880",26071,"Iron",2018,"3","2018 Q3",696,983
"1881",26071,"Iron",2018,"4","2018 Q4",740,1077
"1882",26071,"Iron",2019,"1","2019 Q1",687,1082
"1883",26071,"Iron",2019,"2","2019 Q2",676,1008
"1884",26071,"Iron",2019,"3","2019 Q3",722,1011
"1885",26071,"Iron",2019,"4","2019 Q4",786,1115
"1886",26071,"Iron",2020,"1","2020 Q1",725,1107
"1887",26071,"Iron",2020,"2","2020 Q2",749,1109
"1888",26071,"Iron",2020,"3","2020 Q3",793,1090
"1889",26071,"Iron",2020,"4","2020 Q4",835,1265
"1890",26071,"Iron",2021,"1","2021 Q1",718,1162
"1891",26071,"Iron",2021,"2","2021 Q2",721,1137
"1892",26071,"Iron",2021,"3","2021 Q3",756,1147
"1893",26071,"Iron",2021,"4","2021 Q4",844,1300
"1894",26071,"Iron",2022,"1","2022 Q1",742,1236
"1895",26071,"Iron",2022,"2","2022 Q2",813,1178
"1896",26071,"Iron",2022,"3","2022 Q3",820,1228
"1897",26071,"Iron",2022,"4","2022 Q4",880,1280
"1898",26071,"Iron",2023,"1","2023 Q1",802,1317
"1899",26071,"Iron",2023,"2","2023 Q2",769,1218
"1900",26071,"Iron",2023,"3","2023 Q3",820,1221
"1901",26071,"Iron",2023,"4","2023 Q4",865,1323
"1902",26071,"Iron",2024,"1","2024 Q1",841,1362
"1903",26071,"Iron",2024,"2","2024 Q2",802,1265
"1904",26071,"Iron",2024,"3","2024 Q3",852,1259
"1905",26071,"Iron",2024,"4","2024 Q4",884,1377
"1906",26071,"Iron",2025,"1","2025 Q1",847,1397
"1907",26071,"Iron",2025,"2","2025 Q2",854,1305
"1908",26071,"Iron",2025,"3","2025 Q3",883,1316
"1909",26071,"Iron",2025,"4","2025 Q4",960,1433
"1910",26071,"Iron",2026,"1","2026 Q1",818,1457
"1911",26073,"Isabella",2014,"1","2014 Q1",596,948
"1912",26073,"Isabella",2014,"2","2014 Q2",583,886
"1913",26073,"Isabella",2014,"3","2014 Q3",609,882
"1914",26073,"Isabella",2014,"4","2014 Q4",668,984
"1915",26073,"Isabella",2015,"1","2015 Q1",597,968
"1916",26073,"Isabella",2015,"2","2015 Q2",601,908
"1917",26073,"Isabella",2015,"3","2015 Q3",635,909
"1918",26073,"Isabella",2015,"4","2015 Q4",693,1044
"1919",26073,"Isabella",2016,"1","2016 Q1",603,977
"1920",26073,"Isabella",2016,"2","2016 Q2",624,933
"1921",26073,"Isabella",2016,"3","2016 Q3",672,965
"1922",26073,"Isabella",2016,"4","2016 Q4",692,1026
"1923",26073,"Isabella",2017,"1","2017 Q1",629,1048
"1924",26073,"Isabella",2017,"2","2017 Q2",643,960
"1925",26073,"Isabella",2017,"3","2017 Q3",667,954
"1926",26073,"Isabella",2017,"4","2017 Q4",718,1064
"1927",26073,"Isabella",2018,"1","2018 Q1",670,1085
"1928",26073,"Isabella",2018,"2","2018 Q2",673,984
"1929",26073,"Isabella",2018,"3","2018 Q3",692,983
"1930",26073,"Isabella",2018,"4","2018 Q4",760,1077
"1931",26073,"Isabella",2019,"1","2019 Q1",679,1082
"1932",26073,"Isabella",2019,"2","2019 Q2",698,1008
"1933",26073,"Isabella",2019,"3","2019 Q3",718,1011
"1934",26073,"Isabella",2019,"4","2019 Q4",756,1115
"1935",26073,"Isabella",2020,"1","2020 Q1",688,1107
"1936",26073,"Isabella",2020,"2","2020 Q2",781,1109
"1937",26073,"Isabella",2020,"3","2020 Q3",764,1090
"1938",26073,"Isabella",2020,"4","2020 Q4",901,1265
"1939",26073,"Isabella",2021,"1","2021 Q1",750,1162
"1940",26073,"Isabella",2021,"2","2021 Q2",797,1137
"1941",26073,"Isabella",2021,"3","2021 Q3",818,1147
"1942",26073,"Isabella",2021,"4","2021 Q4",913,1300
"1943",26073,"Isabella",2022,"1","2022 Q1",791,1236
"1944",26073,"Isabella",2022,"2","2022 Q2",838,1178
"1945",26073,"Isabella",2022,"3","2022 Q3",897,1228
"1946",26073,"Isabella",2022,"4","2022 Q4",934,1280
"1947",26073,"Isabella",2023,"1","2023 Q1",874,1317
"1948",26073,"Isabella",2023,"2","2023 Q2",880,1218
"1949",26073,"Isabella",2023,"3","2023 Q3",890,1221
"1950",26073,"Isabella",2023,"4","2023 Q4",984,1323
"1951",26073,"Isabella",2024,"1","2024 Q1",903,1362
"1952",26073,"Isabella",2024,"2","2024 Q2",895,1265
"1953",26073,"Isabella",2024,"3","2024 Q3",930,1259
"1954",26073,"Isabella",2024,"4","2024 Q4",997,1377
"1955",26073,"Isabella",2025,"1","2025 Q1",945,1397
"1956",26073,"Isabella",2025,"2","2025 Q2",948,1305
"1957",26073,"Isabella",2025,"3","2025 Q3",973,1316
"1958",26073,"Isabella",2025,"4","2025 Q4",1061,1433
"1959",26073,"Isabella",2026,"1","2026 Q1",952,1457
"1960",26075,"Jackson",2014,"1","2014 Q1",834,948
"1961",26075,"Jackson",2014,"2","2014 Q2",774,886
"1962",26075,"Jackson",2014,"3","2014 Q3",792,882
"1963",26075,"Jackson",2014,"4","2014 Q4",856,984
"1964",26075,"Jackson",2015,"1","2015 Q1",817,968
"1965",26075,"Jackson",2015,"2","2015 Q2",812,908
"1966",26075,"Jackson",2015,"3","2015 Q3",812,909
"1967",26075,"Jackson",2015,"4","2015 Q4",925,1044
"1968",26075,"Jackson",2016,"1","2016 Q1",852,977
"1969",26075,"Jackson",2016,"2","2016 Q2",825,933
"1970",26075,"Jackson",2016,"3","2016 Q3",877,965
"1971",26075,"Jackson",2016,"4","2016 Q4",922,1026
"1972",26075,"Jackson",2017,"1","2017 Q1",907,1048
"1973",26075,"Jackson",2017,"2","2017 Q2",878,960
"1974",26075,"Jackson",2017,"3","2017 Q3",861,954
"1975",26075,"Jackson",2017,"4","2017 Q4",952,1064
"1976",26075,"Jackson",2018,"1","2018 Q1",923,1085
"1977",26075,"Jackson",2018,"2","2018 Q2",909,984
"1978",26075,"Jackson",2018,"3","2018 Q3",891,983
"1979",26075,"Jackson",2018,"4","2018 Q4",981,1077
"1980",26075,"Jackson",2019,"1","2019 Q1",944,1082
"1981",26075,"Jackson",2019,"2","2019 Q2",933,1008
"1982",26075,"Jackson",2019,"3","2019 Q3",920,1011
"1983",26075,"Jackson",2019,"4","2019 Q4",1013,1115
"1984",26075,"Jackson",2020,"1","2020 Q1",980,1107
"1985",26075,"Jackson",2020,"2","2020 Q2",1022,1109
"1986",26075,"Jackson",2020,"3","2020 Q3",987,1090
"1987",26075,"Jackson",2020,"4","2020 Q4",1134,1265
"1988",26075,"Jackson",2021,"1","2021 Q1",1009,1162
"1989",26075,"Jackson",2021,"2","2021 Q2",1048,1137
"1990",26075,"Jackson",2021,"3","2021 Q3",1036,1147
"1991",26075,"Jackson",2021,"4","2021 Q4",1170,1300
"1992",26075,"Jackson",2022,"1","2022 Q1",1059,1236
"1993",26075,"Jackson",2022,"2","2022 Q2",1068,1178
"1994",26075,"Jackson",2022,"3","2022 Q3",1134,1228
"1995",26075,"Jackson",2022,"4","2022 Q4",1150,1280
"1996",26075,"Jackson",2023,"1","2023 Q1",1189,1317
"1997",26075,"Jackson",2023,"2","2023 Q2",1079,1218
"1998",26075,"Jackson",2023,"3","2023 Q3",1142,1221
"1999",26075,"Jackson",2023,"4","2023 Q4",1172,1323
"2000",26075,"Jackson",2024,"1","2024 Q1",1227,1362
"2001",26075,"Jackson",2024,"2","2024 Q2",1146,1265
"2002",26075,"Jackson",2024,"3","2024 Q3",1182,1259
"2003",26075,"Jackson",2024,"4","2024 Q4",1226,1377
"2004",26075,"Jackson",2025,"1","2025 Q1",1269,1397
"2005",26075,"Jackson",2025,"2","2025 Q2",1174,1305
"2006",26075,"Jackson",2025,"3","2025 Q3",1221,1316
"2007",26075,"Jackson",2025,"4","2025 Q4",1314,1433
"2008",26075,"Jackson",2026,"1","2026 Q1",1327,1457
"2009",26079,"Kalkaska",2014,"1","2014 Q1",869,948
"2010",26079,"Kalkaska",2014,"2","2014 Q2",868,886
"2011",26079,"Kalkaska",2014,"3","2014 Q3",915,882
"2012",26079,"Kalkaska",2014,"4","2014 Q4",1056,984
"2013",26079,"Kalkaska",2015,"1","2015 Q1",864,968
"2014",26079,"Kalkaska",2015,"2","2015 Q2",851,908
"2015",26079,"Kalkaska",2015,"3","2015 Q3",896,909
"2016",26079,"Kalkaska",2015,"4","2015 Q4",1042,1044
"2017",26079,"Kalkaska",2016,"1","2016 Q1",811,977
"2018",26079,"Kalkaska",2016,"2","2016 Q2",847,933
"2019",26079,"Kalkaska",2016,"3","2016 Q3",946,965
"2020",26079,"Kalkaska",2016,"4","2016 Q4",1028,1026
"2021",26079,"Kalkaska",2017,"1","2017 Q1",950,1048
"2022",26079,"Kalkaska",2017,"2","2017 Q2",892,960
"2023",26079,"Kalkaska",2017,"3","2017 Q3",973,954
"2024",26079,"Kalkaska",2017,"4","2017 Q4",1086,1064
"2025",26079,"Kalkaska",2018,"1","2018 Q1",996,1085
"2026",26079,"Kalkaska",2018,"2","2018 Q2",912,984
"2027",26079,"Kalkaska",2018,"3","2018 Q3",1159,983
"2028",26079,"Kalkaska",2018,"4","2018 Q4",1099,1077
"2029",26079,"Kalkaska",2019,"1","2019 Q1",980,1082
"2030",26079,"Kalkaska",2019,"2","2019 Q2",964,1008
"2031",26079,"Kalkaska",2019,"3","2019 Q3",1003,1011
"2032",26079,"Kalkaska",2019,"4","2019 Q4",1122,1115
"2033",26079,"Kalkaska",2020,"1","2020 Q1",1012,1107
"2034",26079,"Kalkaska",2020,"2","2020 Q2",973,1109
"2035",26079,"Kalkaska",2020,"3","2020 Q3",1101,1090
"2036",26079,"Kalkaska",2020,"4","2020 Q4",1203,1265
"2037",26079,"Kalkaska",2021,"1","2021 Q1",918,1162
"2038",26079,"Kalkaska",2021,"2","2021 Q2",1010,1137
"2039",26079,"Kalkaska",2021,"3","2021 Q3",1132,1147
"2040",26079,"Kalkaska",2021,"4","2021 Q4",1240,1300
"2041",26079,"Kalkaska",2022,"1","2022 Q1",940,1236
"2042",26079,"Kalkaska",2022,"2","2022 Q2",1083,1178
"2043",26079,"Kalkaska",2022,"3","2022 Q3",1166,1228
"2044",26079,"Kalkaska",2022,"4","2022 Q4",1247,1280
"2045",26079,"Kalkaska",2023,"1","2023 Q1",1087,1317
"2046",26079,"Kalkaska",2023,"2","2023 Q2",1086,1218
"2047",26079,"Kalkaska",2023,"3","2023 Q3",1170,1221
"2048",26079,"Kalkaska",2023,"4","2023 Q4",1234,1323
"2049",26079,"Kalkaska",2024,"1","2024 Q1",1084,1362
"2050",26079,"Kalkaska",2024,"2","2024 Q2",1114,1265
"2051",26079,"Kalkaska",2024,"3","2024 Q3",1221,1259
"2052",26079,"Kalkaska",2024,"4","2024 Q4",1287,1377
"2053",26079,"Kalkaska",2025,"1","2025 Q1",1143,1397
"2054",26079,"Kalkaska",2025,"2","2025 Q2",1221,1305
"2055",26079,"Kalkaska",2025,"3","2025 Q3",1316,1316
"2056",26079,"Kalkaska",2025,"4","2025 Q4",1411,1433
"2057",26079,"Kalkaska",2026,"1","2026 Q1",1186,1457
"2058",26081,"Kent",2014,"1","2014 Q1",863,948
"2059",26081,"Kent",2014,"2","2014 Q2",823,886
"2060",26081,"Kent",2014,"3","2014 Q3",836,882
"2061",26081,"Kent",2014,"4","2014 Q4",917,984
"2062",26081,"Kent",2015,"1","2015 Q1",873,968
"2063",26081,"Kent",2015,"2","2015 Q2",839,908
"2064",26081,"Kent",2015,"3","2015 Q3",868,909
"2065",26081,"Kent",2015,"4","2015 Q4",961,1044
"2066",26081,"Kent",2016,"1","2016 Q1",868,977
"2067",26081,"Kent",2016,"2","2016 Q2",843,933
"2068",26081,"Kent",2016,"3","2016 Q3",901,965
"2069",26081,"Kent",2016,"4","2016 Q4",934,1026
"2070",26081,"Kent",2017,"1","2017 Q1",928,1048
"2071",26081,"Kent",2017,"2","2017 Q2",878,960
"2072",26081,"Kent",2017,"3","2017 Q3",888,954
"2073",26081,"Kent",2017,"4","2017 Q4",955,1064
"2074",26081,"Kent",2018,"1","2018 Q1",951,1085
"2075",26081,"Kent",2018,"2","2018 Q2",892,984
"2076",26081,"Kent",2018,"3","2018 Q3",921,983
"2077",26081,"Kent",2018,"4","2018 Q4",983,1077
"2078",26081,"Kent",2019,"1","2019 Q1",976,1082
"2079",26081,"Kent",2019,"2","2019 Q2",923,1008
"2080",26081,"Kent",2019,"3","2019 Q3",957,1011
"2081",26081,"Kent",2019,"4","2019 Q4",1022,1115
"2082",26081,"Kent",2020,"1","2020 Q1",998,1107
"2083",26081,"Kent",2020,"2","2020 Q2",1051,1109
"2084",26081,"Kent",2020,"3","2020 Q3",1032,1090
"2085",26081,"Kent",2020,"4","2020 Q4",1196,1265
"2086",26081,"Kent",2021,"1","2021 Q1",1054,1162
"2087",26081,"Kent",2021,"2","2021 Q2",1065,1137
"2088",26081,"Kent",2021,"3","2021 Q3",1086,1147
"2089",26081,"Kent",2021,"4","2021 Q4",1204,1300
"2090",26081,"Kent",2022,"1","2022 Q1",1132,1236
"2091",26081,"Kent",2022,"2","2022 Q2",1088,1178
"2092",26081,"Kent",2022,"3","2022 Q3",1174,1228
"2093",26081,"Kent",2022,"4","2022 Q4",1196,1280
"2094",26081,"Kent",2023,"1","2023 Q1",1170,1317
"2095",26081,"Kent",2023,"2","2023 Q2",1110,1218
"2096",26081,"Kent",2023,"3","2023 Q3",1132,1221
"2097",26081,"Kent",2023,"4","2023 Q4",1195,1323
"2098",26081,"Kent",2024,"1","2024 Q1",1225,1362
"2099",26081,"Kent",2024,"2","2024 Q2",1147,1265
"2100",26081,"Kent",2024,"3","2024 Q3",1175,1259
"2101",26081,"Kent",2024,"4","2024 Q4",1231,1377
"2102",26081,"Kent",2025,"1","2025 Q1",1254,1397
"2103",26081,"Kent",2025,"2","2025 Q2",1184,1305
"2104",26081,"Kent",2025,"3","2025 Q3",1230,1316
"2105",26081,"Kent",2025,"4","2025 Q4",1301,1433
"2106",26081,"Kent",2026,"1","2026 Q1",1298,1457
"2107",26083,"Keweenaw",2014,"1","2014 Q1",379,948
"2108",26083,"Keweenaw",2014,"2","2014 Q2",313,886
"2109",26083,"Keweenaw",2014,"3","2014 Q3",383,882
"2110",26083,"Keweenaw",2014,"4","2014 Q4",469,984
"2111",26083,"Keweenaw",2015,"1","2015 Q1",425,968
"2112",26083,"Keweenaw",2015,"2","2015 Q2",355,908
"2113",26083,"Keweenaw",2015,"3","2015 Q3",369,909
"2114",26083,"Keweenaw",2015,"4","2015 Q4",489,1044
"2115",26083,"Keweenaw",2016,"1","2016 Q1",431,977
"2116",26083,"Keweenaw",2016,"2","2016 Q2",348,933
"2117",26083,"Keweenaw",2016,"3","2016 Q3",440,965
"2118",26083,"Keweenaw",2016,"4","2016 Q4",459,1026
"2119",26083,"Keweenaw",2017,"1","2017 Q1",398,1048
"2120",26083,"Keweenaw",2017,"2","2017 Q2",376,960
"2121",26083,"Keweenaw",2017,"3","2017 Q3",451,954
"2122",26083,"Keweenaw",2017,"4","2017 Q4",482,1064
"2123",26083,"Keweenaw",2018,"1","2018 Q1",411,1085
"2124",26083,"Keweenaw",2018,"2","2018 Q2",379,984
"2125",26083,"Keweenaw",2018,"3","2018 Q3",477,983
"2126",26083,"Keweenaw",2018,"4","2018 Q4",537,1077
"2127",26083,"Keweenaw",2019,"1","2019 Q1",401,1082
"2128",26083,"Keweenaw",2019,"2","2019 Q2",450,1008
"2129",26083,"Keweenaw",2019,"3","2019 Q3",520,1011
"2130",26083,"Keweenaw",2019,"4","2019 Q4",563,1115
"2131",26083,"Keweenaw",2020,"1","2020 Q1",452,1107
"2132",26083,"Keweenaw",2020,"2","2020 Q2",533,1109
"2133",26083,"Keweenaw",2020,"3","2020 Q3",573,1090
"2134",26083,"Keweenaw",2020,"4","2020 Q4",695,1265
"2135",26083,"Keweenaw",2021,"1","2021 Q1",507,1162
"2136",26083,"Keweenaw",2021,"2","2021 Q2",459,1137
"2137",26083,"Keweenaw",2021,"3","2021 Q3",522,1147
"2138",26083,"Keweenaw",2021,"4","2021 Q4",610,1300
"2139",26083,"Keweenaw",2022,"1","2022 Q1",463,1236
"2140",26083,"Keweenaw",2022,"2","2022 Q2",418,1178
"2141",26083,"Keweenaw",2022,"3","2022 Q3",552,1228
"2142",26083,"Keweenaw",2022,"4","2022 Q4",558,1280
"2143",26083,"Keweenaw",2023,"1","2023 Q1",559,1317
"2144",26083,"Keweenaw",2023,"2","2023 Q2",591,1218
"2145",26083,"Keweenaw",2023,"3","2023 Q3",630,1221
"2146",26083,"Keweenaw",2023,"4","2023 Q4",658,1323
"2147",26083,"Keweenaw",2024,"1","2024 Q1",679,1362
"2148",26083,"Keweenaw",2024,"2","2024 Q2",650,1265
"2149",26083,"Keweenaw",2024,"3","2024 Q3",675,1259
"2150",26083,"Keweenaw",2024,"4","2024 Q4",697,1377
"2151",26083,"Keweenaw",2025,"1","2025 Q1",682,1397
"2152",26083,"Keweenaw",2025,"2","2025 Q2",659,1305
"2153",26083,"Keweenaw",2025,"3","2025 Q3",767,1316
"2154",26083,"Keweenaw",2025,"4","2025 Q4",741,1433
"2155",26083,"Keweenaw",2026,"1","2026 Q1",673,1457
"2156",26085,"Lake",2014,"1","2014 Q1",521,948
"2157",26085,"Lake",2014,"2","2014 Q2",532,886
"2158",26085,"Lake",2014,"3","2014 Q3",502,882
"2159",26085,"Lake",2014,"4","2014 Q4",587,984
"2160",26085,"Lake",2015,"1","2015 Q1",530,968
"2161",26085,"Lake",2015,"2","2015 Q2",527,908
"2162",26085,"Lake",2015,"3","2015 Q3",552,909
"2163",26085,"Lake",2015,"4","2015 Q4",673,1044
"2164",26085,"Lake",2016,"1","2016 Q1",588,977
"2165",26085,"Lake",2016,"2","2016 Q2",554,933
"2166",26085,"Lake",2016,"3","2016 Q3",588,965
"2167",26085,"Lake",2016,"4","2016 Q4",588,1026
"2168",26085,"Lake",2017,"1","2017 Q1",615,1048
"2169",26085,"Lake",2017,"2","2017 Q2",580,960
"2170",26085,"Lake",2017,"3","2017 Q3",610,954
"2171",26085,"Lake",2017,"4","2017 Q4",629,1064
"2172",26085,"Lake",2018,"1","2018 Q1",586,1085
"2173",26085,"Lake",2018,"2","2018 Q2",567,984
"2174",26085,"Lake",2018,"3","2018 Q3",592,983
"2175",26085,"Lake",2018,"4","2018 Q4",637,1077
"2176",26085,"Lake",2019,"1","2019 Q1",603,1082
"2177",26085,"Lake",2019,"2","2019 Q2",583,1008
"2178",26085,"Lake",2019,"3","2019 Q3",629,1011
"2179",26085,"Lake",2019,"4","2019 Q4",686,1115
"2180",26085,"Lake",2020,"1","2020 Q1",712,1107
"2181",26085,"Lake",2020,"2","2020 Q2",711,1109
"2182",26085,"Lake",2020,"3","2020 Q3",757,1090
"2183",26085,"Lake",2020,"4","2020 Q4",856,1265
"2184",26085,"Lake",2021,"1","2021 Q1",750,1162
"2185",26085,"Lake",2021,"2","2021 Q2",726,1137
"2186",26085,"Lake",2021,"3","2021 Q3",779,1147
"2187",26085,"Lake",2021,"4","2021 Q4",845,1300
"2188",26085,"Lake",2022,"1","2022 Q1",760,1236
"2189",26085,"Lake",2022,"2","2022 Q2",779,1178
"2190",26085,"Lake",2022,"3","2022 Q3",819,1228
"2191",26085,"Lake",2022,"4","2022 Q4",814,1280
"2192",26085,"Lake",2023,"1","2023 Q1",722,1317
"2193",26085,"Lake",2023,"2","2023 Q2",703,1218
"2194",26085,"Lake",2023,"3","2023 Q3",644,1221
"2195",26085,"Lake",2023,"4","2023 Q4",723,1323
"2196",26085,"Lake",2024,"1","2024 Q1",669,1362
"2197",26085,"Lake",2024,"2","2024 Q2",663,1265
"2198",26085,"Lake",2024,"3","2024 Q3",654,1259
"2199",26085,"Lake",2024,"4","2024 Q4",743,1377
"2200",26085,"Lake",2025,"1","2025 Q1",712,1397
"2201",26085,"Lake",2025,"2","2025 Q2",717,1305
"2202",26085,"Lake",2025,"3","2025 Q3",711,1316
"2203",26085,"Lake",2025,"4","2025 Q4",804,1433
"2204",26085,"Lake",2026,"1","2026 Q1",726,1457
"2205",26087,"Lapeer",2014,"1","2014 Q1",592,948
"2206",26087,"Lapeer",2014,"2","2014 Q2",604,886
"2207",26087,"Lapeer",2014,"3","2014 Q3",598,882
"2208",26087,"Lapeer",2014,"4","2014 Q4",679,984
"2209",26087,"Lapeer",2015,"1","2015 Q1",650,968
"2210",26087,"Lapeer",2015,"2","2015 Q2",665,908
"2211",26087,"Lapeer",2015,"3","2015 Q3",688,909
"2212",26087,"Lapeer",2015,"4","2015 Q4",765,1044
"2213",26087,"Lapeer",2016,"1","2016 Q1",651,977
"2214",26087,"Lapeer",2016,"2","2016 Q2",669,933
"2215",26087,"Lapeer",2016,"3","2016 Q3",721,965
"2216",26087,"Lapeer",2016,"4","2016 Q4",756,1026
"2217",26087,"Lapeer",2017,"1","2017 Q1",710,1048
"2218",26087,"Lapeer",2017,"2","2017 Q2",712,960
"2219",26087,"Lapeer",2017,"3","2017 Q3",708,954
"2220",26087,"Lapeer",2017,"4","2017 Q4",792,1064
"2221",26087,"Lapeer",2018,"1","2018 Q1",726,1085
"2222",26087,"Lapeer",2018,"2","2018 Q2",720,984
"2223",26087,"Lapeer",2018,"3","2018 Q3",734,983
"2224",26087,"Lapeer",2018,"4","2018 Q4",795,1077
"2225",26087,"Lapeer",2019,"1","2019 Q1",741,1082
"2226",26087,"Lapeer",2019,"2","2019 Q2",726,1008
"2227",26087,"Lapeer",2019,"3","2019 Q3",752,1011
"2228",26087,"Lapeer",2019,"4","2019 Q4",807,1115
"2229",26087,"Lapeer",2020,"1","2020 Q1",731,1107
"2230",26087,"Lapeer",2020,"2","2020 Q2",788,1109
"2231",26087,"Lapeer",2020,"3","2020 Q3",802,1090
"2232",26087,"Lapeer",2020,"4","2020 Q4",903,1265
"2233",26087,"Lapeer",2021,"1","2021 Q1",765,1162
"2234",26087,"Lapeer",2021,"2","2021 Q2",809,1137
"2235",26087,"Lapeer",2021,"3","2021 Q3",835,1147
"2236",26087,"Lapeer",2021,"4","2021 Q4",972,1300
"2237",26087,"Lapeer",2022,"1","2022 Q1",867,1236
"2238",26087,"Lapeer",2022,"2","2022 Q2",858,1178
"2239",26087,"Lapeer",2022,"3","2022 Q3",911,1228
"2240",26087,"Lapeer",2022,"4","2022 Q4",950,1280
"2241",26087,"Lapeer",2023,"1","2023 Q1",897,1317
"2242",26087,"Lapeer",2023,"2","2023 Q2",905,1218
"2243",26087,"Lapeer",2023,"3","2023 Q3",913,1221
"2244",26087,"Lapeer",2023,"4","2023 Q4",992,1323
"2245",26087,"Lapeer",2024,"1","2024 Q1",949,1362
"2246",26087,"Lapeer",2024,"2","2024 Q2",937,1265
"2247",26087,"Lapeer",2024,"3","2024 Q3",972,1259
"2248",26087,"Lapeer",2024,"4","2024 Q4",1047,1377
"2249",26087,"Lapeer",2025,"1","2025 Q1",949,1397
"2250",26087,"Lapeer",2025,"2","2025 Q2",961,1305
"2251",26087,"Lapeer",2025,"3","2025 Q3",1047,1316
"2252",26087,"Lapeer",2025,"4","2025 Q4",1063,1433
"2253",26087,"Lapeer",2026,"1","2026 Q1",951,1457
"2254",26089,"Leelanau",2014,"1","2014 Q1",598,948
"2255",26089,"Leelanau",2014,"2","2014 Q2",552,886
"2256",26089,"Leelanau",2014,"3","2014 Q3",550,882
"2257",26089,"Leelanau",2014,"4","2014 Q4",713,984
"2258",26089,"Leelanau",2015,"1","2015 Q1",598,968
"2259",26089,"Leelanau",2015,"2","2015 Q2",562,908
"2260",26089,"Leelanau",2015,"3","2015 Q3",579,909
"2261",26089,"Leelanau",2015,"4","2015 Q4",761,1044
"2262",26089,"Leelanau",2016,"1","2016 Q1",619,977
"2263",26089,"Leelanau",2016,"2","2016 Q2",590,933
"2264",26089,"Leelanau",2016,"3","2016 Q3",624,965
"2265",26089,"Leelanau",2016,"4","2016 Q4",729,1026
"2266",26089,"Leelanau",2017,"1","2017 Q1",649,1048
"2267",26089,"Leelanau",2017,"2","2017 Q2",616,960
"2268",26089,"Leelanau",2017,"3","2017 Q3",618,954
"2269",26089,"Leelanau",2017,"4","2017 Q4",736,1064
"2270",26089,"Leelanau",2018,"1","2018 Q1",676,1085
"2271",26089,"Leelanau",2018,"2","2018 Q2",636,984
"2272",26089,"Leelanau",2018,"3","2018 Q3",647,983
"2273",26089,"Leelanau",2018,"4","2018 Q4",757,1077
"2274",26089,"Leelanau",2019,"1","2019 Q1",685,1082
"2275",26089,"Leelanau",2019,"2","2019 Q2",635,1008
"2276",26089,"Leelanau",2019,"3","2019 Q3",664,1011
"2277",26089,"Leelanau",2019,"4","2019 Q4",762,1115
"2278",26089,"Leelanau",2020,"1","2020 Q1",677,1107
"2279",26089,"Leelanau",2020,"2","2020 Q2",698,1109
"2280",26089,"Leelanau",2020,"3","2020 Q3",716,1090
"2281",26089,"Leelanau",2020,"4","2020 Q4",880,1265
"2282",26089,"Leelanau",2021,"1","2021 Q1",788,1162
"2283",26089,"Leelanau",2021,"2","2021 Q2",761,1137
"2284",26089,"Leelanau",2021,"3","2021 Q3",818,1147
"2285",26089,"Leelanau",2021,"4","2021 Q4",951,1300
"2286",26089,"Leelanau",2022,"1","2022 Q1",830,1236
"2287",26089,"Leelanau",2022,"2","2022 Q2",789,1178
"2288",26089,"Leelanau",2022,"3","2022 Q3",850,1228
"2289",26089,"Leelanau",2022,"4","2022 Q4",927,1280
"2290",26089,"Leelanau",2023,"1","2023 Q1",862,1317
"2291",26089,"Leelanau",2023,"2","2023 Q2",821,1218
"2292",26089,"Leelanau",2023,"3","2023 Q3",835,1221
"2293",26089,"Leelanau",2023,"4","2023 Q4",962,1323
"2294",26089,"Leelanau",2024,"1","2024 Q1",877,1362
"2295",26089,"Leelanau",2024,"2","2024 Q2",816,1265
"2296",26089,"Leelanau",2024,"3","2024 Q3",889,1259
"2297",26089,"Leelanau",2024,"4","2024 Q4",998,1377
"2298",26089,"Leelanau",2025,"1","2025 Q1",925,1397
"2299",26089,"Leelanau",2025,"2","2025 Q2",865,1305
"2300",26089,"Leelanau",2025,"3","2025 Q3",948,1316
"2301",26089,"Leelanau",2025,"4","2025 Q4",1084,1433
"2302",26089,"Leelanau",2026,"1","2026 Q1",989,1457
"2303",26091,"Lenawee",2014,"1","2014 Q1",717,948
"2304",26091,"Lenawee",2014,"2","2014 Q2",723,886
"2305",26091,"Lenawee",2014,"3","2014 Q3",705,882
"2306",26091,"Lenawee",2014,"4","2014 Q4",754,984
"2307",26091,"Lenawee",2015,"1","2015 Q1",739,968
"2308",26091,"Lenawee",2015,"2","2015 Q2",745,908
"2309",26091,"Lenawee",2015,"3","2015 Q3",746,909
"2310",26091,"Lenawee",2015,"4","2015 Q4",812,1044
"2311",26091,"Lenawee",2016,"1","2016 Q1",766,977
"2312",26091,"Lenawee",2016,"2","2016 Q2",753,933
"2313",26091,"Lenawee",2016,"3","2016 Q3",789,965
"2314",26091,"Lenawee",2016,"4","2016 Q4",800,1026
"2315",26091,"Lenawee",2017,"1","2017 Q1",817,1048
"2316",26091,"Lenawee",2017,"2","2017 Q2",761,960
"2317",26091,"Lenawee",2017,"3","2017 Q3",791,954
"2318",26091,"Lenawee",2017,"4","2017 Q4",810,1064
"2319",26091,"Lenawee",2018,"1","2018 Q1",841,1085
"2320",26091,"Lenawee",2018,"2","2018 Q2",802,984
"2321",26091,"Lenawee",2018,"3","2018 Q3",809,983
"2322",26091,"Lenawee",2018,"4","2018 Q4",900,1077
"2323",26091,"Lenawee",2019,"1","2019 Q1",814,1082
"2324",26091,"Lenawee",2019,"2","2019 Q2",782,1008
"2325",26091,"Lenawee",2019,"3","2019 Q3",796,1011
"2326",26091,"Lenawee",2019,"4","2019 Q4",838,1115
"2327",26091,"Lenawee",2020,"1","2020 Q1",883,1107
"2328",26091,"Lenawee",2020,"2","2020 Q2",868,1109
"2329",26091,"Lenawee",2020,"3","2020 Q3",851,1090
"2330",26091,"Lenawee",2020,"4","2020 Q4",979,1265
"2331",26091,"Lenawee",2021,"1","2021 Q1",874,1162
"2332",26091,"Lenawee",2021,"2","2021 Q2",945,1137
"2333",26091,"Lenawee",2021,"3","2021 Q3",905,1147
"2334",26091,"Lenawee",2021,"4","2021 Q4",992,1300
"2335",26091,"Lenawee",2022,"1","2022 Q1",912,1236
"2336",26091,"Lenawee",2022,"2","2022 Q2",906,1178
"2337",26091,"Lenawee",2022,"3","2022 Q3",958,1228
"2338",26091,"Lenawee",2022,"4","2022 Q4",977,1280
"2339",26091,"Lenawee",2023,"1","2023 Q1",977,1317
"2340",26091,"Lenawee",2023,"2","2023 Q2",939,1218
"2341",26091,"Lenawee",2023,"3","2023 Q3",941,1221
"2342",26091,"Lenawee",2023,"4","2023 Q4",1002,1323
"2343",26091,"Lenawee",2024,"1","2024 Q1",1047,1362
"2344",26091,"Lenawee",2024,"2","2024 Q2",992,1265
"2345",26091,"Lenawee",2024,"3","2024 Q3",1004,1259
"2346",26091,"Lenawee",2024,"4","2024 Q4",1047,1377
"2347",26091,"Lenawee",2025,"1","2025 Q1",1096,1397
"2348",26091,"Lenawee",2025,"2","2025 Q2",1019,1305
"2349",26091,"Lenawee",2025,"3","2025 Q3",1038,1316
"2350",26091,"Lenawee",2025,"4","2025 Q4",1102,1433
"2351",26091,"Lenawee",2026,"1","2026 Q1",1111,1457
"2352",26093,"Livingston",2014,"1","2014 Q1",752,948
"2353",26093,"Livingston",2014,"2","2014 Q2",734,886
"2354",26093,"Livingston",2014,"3","2014 Q3",745,882
"2355",26093,"Livingston",2014,"4","2014 Q4",813,984
"2356",26093,"Livingston",2015,"1","2015 Q1",761,968
"2357",26093,"Livingston",2015,"2","2015 Q2",764,908
"2358",26093,"Livingston",2015,"3","2015 Q3",769,909
"2359",26093,"Livingston",2015,"4","2015 Q4",857,1044
"2360",26093,"Livingston",2016,"1","2016 Q1",759,977
"2361",26093,"Livingston",2016,"2","2016 Q2",774,933
"2362",26093,"Livingston",2016,"3","2016 Q3",814,965
"2363",26093,"Livingston",2016,"4","2016 Q4",866,1026
"2364",26093,"Livingston",2017,"1","2017 Q1",807,1048
"2365",26093,"Livingston",2017,"2","2017 Q2",794,960
"2366",26093,"Livingston",2017,"3","2017 Q3",805,954
"2367",26093,"Livingston",2017,"4","2017 Q4",1034,1064
"2368",26093,"Livingston",2018,"1","2018 Q1",841,1085
"2369",26093,"Livingston",2018,"2","2018 Q2",827,984
"2370",26093,"Livingston",2018,"3","2018 Q3",825,983
"2371",26093,"Livingston",2018,"4","2018 Q4",925,1077
"2372",26093,"Livingston",2019,"1","2019 Q1",850,1082
"2373",26093,"Livingston",2019,"2","2019 Q2",860,1008
"2374",26093,"Livingston",2019,"3","2019 Q3",846,1011
"2375",26093,"Livingston",2019,"4","2019 Q4",955,1115
"2376",26093,"Livingston",2020,"1","2020 Q1",887,1107
"2377",26093,"Livingston",2020,"2","2020 Q2",918,1109
"2378",26093,"Livingston",2020,"3","2020 Q3",922,1090
"2379",26093,"Livingston",2020,"4","2020 Q4",1072,1265
"2380",26093,"Livingston",2021,"1","2021 Q1",919,1162
"2381",26093,"Livingston",2021,"2","2021 Q2",962,1137
"2382",26093,"Livingston",2021,"3","2021 Q3",959,1147
"2383",26093,"Livingston",2021,"4","2021 Q4",1130,1300
"2384",26093,"Livingston",2022,"1","2022 Q1",973,1236
"2385",26093,"Livingston",2022,"2","2022 Q2",984,1178
"2386",26093,"Livingston",2022,"3","2022 Q3",1038,1228
"2387",26093,"Livingston",2022,"4","2022 Q4",1107,1280
"2388",26093,"Livingston",2023,"1","2023 Q1",1048,1317
"2389",26093,"Livingston",2023,"2","2023 Q2",1018,1218
"2390",26093,"Livingston",2023,"3","2023 Q3",1013,1221
"2391",26093,"Livingston",2023,"4","2023 Q4",1128,1323
"2392",26093,"Livingston",2024,"1","2024 Q1",1065,1362
"2393",26093,"Livingston",2024,"2","2024 Q2",1043,1265
"2394",26093,"Livingston",2024,"3","2024 Q3",1062,1259
"2395",26093,"Livingston",2024,"4","2024 Q4",1214,1377
"2396",26093,"Livingston",2025,"1","2025 Q1",1125,1397
"2397",26093,"Livingston",2025,"2","2025 Q2",1095,1305
"2398",26093,"Livingston",2025,"3","2025 Q3",1104,1316
"2399",26093,"Livingston",2025,"4","2025 Q4",1250,1433
"2400",26093,"Livingston",2026,"1","2026 Q1",1126,1457
"2401",26095,"Luce",2014,"1","2014 Q1",482,948
"2402",26095,"Luce",2014,"2","2014 Q2",452,886
"2403",26095,"Luce",2014,"3","2014 Q3",456,882
"2404",26095,"Luce",2014,"4","2014 Q4",505,984
"2405",26095,"Luce",2015,"1","2015 Q1",466,968
"2406",26095,"Luce",2015,"2","2015 Q2",458,908
"2407",26095,"Luce",2015,"3","2015 Q3",491,909
"2408",26095,"Luce",2015,"4","2015 Q4",551,1044
"2409",26095,"Luce",2016,"1","2016 Q1",479,977
"2410",26095,"Luce",2016,"2","2016 Q2",488,933
"2411",26095,"Luce",2016,"3","2016 Q3",515,965
"2412",26095,"Luce",2016,"4","2016 Q4",519,1026
"2413",26095,"Luce",2017,"1","2017 Q1",508,1048
"2414",26095,"Luce",2017,"2","2017 Q2",508,960
"2415",26095,"Luce",2017,"3","2017 Q3",526,954
"2416",26095,"Luce",2017,"4","2017 Q4",542,1064
"2417",26095,"Luce",2018,"1","2018 Q1",509,1085
"2418",26095,"Luce",2018,"2","2018 Q2",515,984
"2419",26095,"Luce",2018,"3","2018 Q3",519,983
"2420",26095,"Luce",2018,"4","2018 Q4",558,1077
"2421",26095,"Luce",2019,"1","2019 Q1",518,1082
"2422",26095,"Luce",2019,"2","2019 Q2",538,1008
"2423",26095,"Luce",2019,"3","2019 Q3",537,1011
"2424",26095,"Luce",2019,"4","2019 Q4",613,1115
"2425",26095,"Luce",2020,"1","2020 Q1",539,1107
"2426",26095,"Luce",2020,"2","2020 Q2",590,1109
"2427",26095,"Luce",2020,"3","2020 Q3",597,1090
"2428",26095,"Luce",2020,"4","2020 Q4",693,1265
"2429",26095,"Luce",2021,"1","2021 Q1",595,1162
"2430",26095,"Luce",2021,"2","2021 Q2",592,1137
"2431",26095,"Luce",2021,"3","2021 Q3",614,1147
"2432",26095,"Luce",2021,"4","2021 Q4",666,1300
"2433",26095,"Luce",2022,"1","2022 Q1",579,1236
"2434",26095,"Luce",2022,"2","2022 Q2",654,1178
"2435",26095,"Luce",2022,"3","2022 Q3",651,1228
"2436",26095,"Luce",2022,"4","2022 Q4",661,1280
"2437",26095,"Luce",2023,"1","2023 Q1",676,1317
"2438",26095,"Luce",2023,"2","2023 Q2",655,1218
"2439",26095,"Luce",2023,"3","2023 Q3",672,1221
"2440",26095,"Luce",2023,"4","2023 Q4",748,1323
"2441",26095,"Luce",2024,"1","2024 Q1",721,1362
"2442",26095,"Luce",2024,"2","2024 Q2",711,1265
"2443",26095,"Luce",2024,"3","2024 Q3",718,1259
"2444",26095,"Luce",2024,"4","2024 Q4",773,1377
"2445",26095,"Luce",2025,"1","2025 Q1",701,1397
"2446",26095,"Luce",2025,"2","2025 Q2",673,1305
"2447",26095,"Luce",2025,"3","2025 Q3",706,1316
"2448",26095,"Luce",2025,"4","2025 Q4",730,1433
"2449",26095,"Luce",2026,"1","2026 Q1",683,1457
"2450",26097,"Mackinac",2014,"1","2014 Q1",579,948
"2451",26097,"Mackinac",2014,"2","2014 Q2",474,886
"2452",26097,"Mackinac",2014,"3","2014 Q3",494,882
"2453",26097,"Mackinac",2014,"4","2014 Q4",618,984
"2454",26097,"Mackinac",2015,"1","2015 Q1",589,968
"2455",26097,"Mackinac",2015,"2","2015 Q2",486,908
"2456",26097,"Mackinac",2015,"3","2015 Q3",524,909
"2457",26097,"Mackinac",2015,"4","2015 Q4",699,1044
"2458",26097,"Mackinac",2016,"1","2016 Q1",607,977
"2459",26097,"Mackinac",2016,"2","2016 Q2",494,933
"2460",26097,"Mackinac",2016,"3","2016 Q3",537,965
"2461",26097,"Mackinac",2016,"4","2016 Q4",709,1026
"2462",26097,"Mackinac",2017,"1","2017 Q1",610,1048
"2463",26097,"Mackinac",2017,"2","2017 Q2",508,960
"2464",26097,"Mackinac",2017,"3","2017 Q3",543,954
"2465",26097,"Mackinac",2017,"4","2017 Q4",752,1064
"2466",26097,"Mackinac",2018,"1","2018 Q1",645,1085
"2467",26097,"Mackinac",2018,"2","2018 Q2",551,984
"2468",26097,"Mackinac",2018,"3","2018 Q3",553,983
"2469",26097,"Mackinac",2018,"4","2018 Q4",753,1077
"2470",26097,"Mackinac",2019,"1","2019 Q1",686,1082
"2471",26097,"Mackinac",2019,"2","2019 Q2",563,1008
"2472",26097,"Mackinac",2019,"3","2019 Q3",599,1011
"2473",26097,"Mackinac",2019,"4","2019 Q4",776,1115
"2474",26097,"Mackinac",2020,"1","2020 Q1",719,1107
"2475",26097,"Mackinac",2020,"2","2020 Q2",667,1109
"2476",26097,"Mackinac",2020,"3","2020 Q3",702,1090
"2477",26097,"Mackinac",2020,"4","2020 Q4",876,1265
"2478",26097,"Mackinac",2021,"1","2021 Q1",724,1162
"2479",26097,"Mackinac",2021,"2","2021 Q2",722,1137
"2480",26097,"Mackinac",2021,"3","2021 Q3",795,1147
"2481",26097,"Mackinac",2021,"4","2021 Q4",985,1300
"2482",26097,"Mackinac",2022,"1","2022 Q1",814,1236
"2483",26097,"Mackinac",2022,"2","2022 Q2",731,1178
"2484",26097,"Mackinac",2022,"3","2022 Q3",837,1228
"2485",26097,"Mackinac",2022,"4","2022 Q4",930,1280
"2486",26097,"Mackinac",2023,"1","2023 Q1",886,1317
"2487",26097,"Mackinac",2023,"2","2023 Q2",763,1218
"2488",26097,"Mackinac",2023,"3","2023 Q3",881,1221
"2489",26097,"Mackinac",2023,"4","2023 Q4",1014,1323
"2490",26097,"Mackinac",2024,"1","2024 Q1",924,1362
"2491",26097,"Mackinac",2024,"2","2024 Q2",822,1265
"2492",26097,"Mackinac",2024,"3","2024 Q3",958,1259
"2493",26097,"Mackinac",2024,"4","2024 Q4",1098,1377
"2494",26097,"Mackinac",2025,"1","2025 Q1",1043,1397
"2495",26097,"Mackinac",2025,"2","2025 Q2",873,1305
"2496",26097,"Mackinac",2025,"3","2025 Q3",1010,1316
"2497",26097,"Mackinac",2025,"4","2025 Q4",1194,1433
"2498",26097,"Mackinac",2026,"1","2026 Q1",1077,1457
"2499",26099,"Macomb",2014,"1","2014 Q1",977,948
"2500",26099,"Macomb",2014,"2","2014 Q2",922,886
"2501",26099,"Macomb",2014,"3","2014 Q3",917,882
"2502",26099,"Macomb",2014,"4","2014 Q4",1014,984
"2503",26099,"Macomb",2015,"1","2015 Q1",985,968
"2504",26099,"Macomb",2015,"2","2015 Q2",937,908
"2505",26099,"Macomb",2015,"3","2015 Q3",929,909
"2506",26099,"Macomb",2015,"4","2015 Q4",1090,1044
"2507",26099,"Macomb",2016,"1","2016 Q1",1012,977
"2508",26099,"Macomb",2016,"2","2016 Q2",966,933
"2509",26099,"Macomb",2016,"3","2016 Q3",999,965
"2510",26099,"Macomb",2016,"4","2016 Q4",1061,1026
"2511",26099,"Macomb",2017,"1","2017 Q1",1106,1048
"2512",26099,"Macomb",2017,"2","2017 Q2",994,960
"2513",26099,"Macomb",2017,"3","2017 Q3",994,954
"2514",26099,"Macomb",2017,"4","2017 Q4",1084,1064
"2515",26099,"Macomb",2018,"1","2018 Q1",1131,1085
"2516",26099,"Macomb",2018,"2","2018 Q2",1014,984
"2517",26099,"Macomb",2018,"3","2018 Q3",1012,983
"2518",26099,"Macomb",2018,"4","2018 Q4",1105,1077
"2519",26099,"Macomb",2019,"1","2019 Q1",1105,1082
"2520",26099,"Macomb",2019,"2","2019 Q2",1033,1008
"2521",26099,"Macomb",2019,"3","2019 Q3",1023,1011
"2522",26099,"Macomb",2019,"4","2019 Q4",1140,1115
"2523",26099,"Macomb",2020,"1","2020 Q1",1102,1107
"2524",26099,"Macomb",2020,"2","2020 Q2",1106,1109
"2525",26099,"Macomb",2020,"3","2020 Q3",1077,1090
"2526",26099,"Macomb",2020,"4","2020 Q4",1297,1265
"2527",26099,"Macomb",2021,"1","2021 Q1",1173,1162
"2528",26099,"Macomb",2021,"2","2021 Q2",1182,1137
"2529",26099,"Macomb",2021,"3","2021 Q3",1160,1147
"2530",26099,"Macomb",2021,"4","2021 Q4",1313,1300
"2531",26099,"Macomb",2022,"1","2022 Q1",1266,1236
"2532",26099,"Macomb",2022,"2","2022 Q2",1189,1178
"2533",26099,"Macomb",2022,"3","2022 Q3",1229,1228
"2534",26099,"Macomb",2022,"4","2022 Q4",1294,1280
"2535",26099,"Macomb",2023,"1","2023 Q1",1350,1317
"2536",26099,"Macomb",2023,"2","2023 Q2",1256,1218
"2537",26099,"Macomb",2023,"3","2023 Q3",1292,1221
"2538",26099,"Macomb",2023,"4","2023 Q4",1359,1323
"2539",26099,"Macomb",2024,"1","2024 Q1",1389,1362
"2540",26099,"Macomb",2024,"2","2024 Q2",1297,1265
"2541",26099,"Macomb",2024,"3","2024 Q3",1286,1259
"2542",26099,"Macomb",2024,"4","2024 Q4",1453,1377
"2543",26099,"Macomb",2025,"1","2025 Q1",1421,1397
"2544",26099,"Macomb",2025,"2","2025 Q2",1305,1305
"2545",26099,"Macomb",2025,"3","2025 Q3",1316,1316
"2546",26099,"Macomb",2025,"4","2025 Q4",1454,1433
"2547",26099,"Macomb",2026,"1","2026 Q1",1510,1457
"2548",26101,"Manistee",2014,"1","2014 Q1",644,948
"2549",26101,"Manistee",2014,"2","2014 Q2",583,886
"2550",26101,"Manistee",2014,"3","2014 Q3",590,882
"2551",26101,"Manistee",2014,"4","2014 Q4",672,984
"2552",26101,"Manistee",2015,"1","2015 Q1",667,968
"2553",26101,"Manistee",2015,"2","2015 Q2",615,908
"2554",26101,"Manistee",2015,"3","2015 Q3",616,909
"2555",26101,"Manistee",2015,"4","2015 Q4",694,1044
"2556",26101,"Manistee",2016,"1","2016 Q1",673,977
"2557",26101,"Manistee",2016,"2","2016 Q2",626,933
"2558",26101,"Manistee",2016,"3","2016 Q3",644,965
"2559",26101,"Manistee",2016,"4","2016 Q4",733,1026
"2560",26101,"Manistee",2017,"1","2017 Q1",741,1048
"2561",26101,"Manistee",2017,"2","2017 Q2",655,960
"2562",26101,"Manistee",2017,"3","2017 Q3",673,954
"2563",26101,"Manistee",2017,"4","2017 Q4",733,1064
"2564",26101,"Manistee",2018,"1","2018 Q1",765,1085
"2565",26101,"Manistee",2018,"2","2018 Q2",685,984
"2566",26101,"Manistee",2018,"3","2018 Q3",707,983
"2567",26101,"Manistee",2018,"4","2018 Q4",768,1077
"2568",26101,"Manistee",2019,"1","2019 Q1",809,1082
"2569",26101,"Manistee",2019,"2","2019 Q2",713,1008
"2570",26101,"Manistee",2019,"3","2019 Q3",708,1011
"2571",26101,"Manistee",2019,"4","2019 Q4",779,1115
"2572",26101,"Manistee",2020,"1","2020 Q1",826,1107
"2573",26101,"Manistee",2020,"2","2020 Q2",787,1109
"2574",26101,"Manistee",2020,"3","2020 Q3",773,1090
"2575",26101,"Manistee",2020,"4","2020 Q4",899,1265
"2576",26101,"Manistee",2021,"1","2021 Q1",869,1162
"2577",26101,"Manistee",2021,"2","2021 Q2",827,1137
"2578",26101,"Manistee",2021,"3","2021 Q3",833,1147
"2579",26101,"Manistee",2021,"4","2021 Q4",930,1300
"2580",26101,"Manistee",2022,"1","2022 Q1",896,1236
"2581",26101,"Manistee",2022,"2","2022 Q2",841,1178
"2582",26101,"Manistee",2022,"3","2022 Q3",898,1228
"2583",26101,"Manistee",2022,"4","2022 Q4",959,1280
"2584",26101,"Manistee",2023,"1","2023 Q1",978,1317
"2585",26101,"Manistee",2023,"2","2023 Q2",882,1218
"2586",26101,"Manistee",2023,"3","2023 Q3",874,1221
"2587",26101,"Manistee",2023,"4","2023 Q4",962,1323
"2588",26101,"Manistee",2024,"1","2024 Q1",1033,1362
"2589",26101,"Manistee",2024,"2","2024 Q2",880,1265
"2590",26101,"Manistee",2024,"3","2024 Q3",886,1259
"2591",26101,"Manistee",2024,"4","2024 Q4",985,1377
"2592",26101,"Manistee",2025,"1","2025 Q1",1024,1397
"2593",26101,"Manistee",2025,"2","2025 Q2",941,1305
"2594",26101,"Manistee",2025,"3","2025 Q3",953,1316
"2595",26101,"Manistee",2025,"4","2025 Q4",1079,1433
"2596",26101,"Manistee",2026,"1","2026 Q1",1046,1457
"2597",26103,"Marquette",2014,"1","2014 Q1",722,948
"2598",26103,"Marquette",2014,"2","2014 Q2",732,886
"2599",26103,"Marquette",2014,"3","2014 Q3",729,882
"2600",26103,"Marquette",2014,"4","2014 Q4",801,984
"2601",26103,"Marquette",2015,"1","2015 Q1",730,968
"2602",26103,"Marquette",2015,"2","2015 Q2",737,908
"2603",26103,"Marquette",2015,"3","2015 Q3",697,909
"2604",26103,"Marquette",2015,"4","2015 Q4",790,1044
"2605",26103,"Marquette",2016,"1","2016 Q1",730,977
"2606",26103,"Marquette",2016,"2","2016 Q2",739,933
"2607",26103,"Marquette",2016,"3","2016 Q3",769,965
"2608",26103,"Marquette",2016,"4","2016 Q4",766,1026
"2609",26103,"Marquette",2017,"1","2017 Q1",770,1048
"2610",26103,"Marquette",2017,"2","2017 Q2",716,960
"2611",26103,"Marquette",2017,"3","2017 Q3",765,954
"2612",26103,"Marquette",2017,"4","2017 Q4",783,1064
"2613",26103,"Marquette",2018,"1","2018 Q1",793,1085
"2614",26103,"Marquette",2018,"2","2018 Q2",746,984
"2615",26103,"Marquette",2018,"3","2018 Q3",784,983
"2616",26103,"Marquette",2018,"4","2018 Q4",827,1077
"2617",26103,"Marquette",2019,"1","2019 Q1",817,1082
"2618",26103,"Marquette",2019,"2","2019 Q2",778,1008
"2619",26103,"Marquette",2019,"3","2019 Q3",805,1011
"2620",26103,"Marquette",2019,"4","2019 Q4",843,1115
"2621",26103,"Marquette",2020,"1","2020 Q1",825,1107
"2622",26103,"Marquette",2020,"2","2020 Q2",825,1109
"2623",26103,"Marquette",2020,"3","2020 Q3",878,1090
"2624",26103,"Marquette",2020,"4","2020 Q4",975,1265
"2625",26103,"Marquette",2021,"1","2021 Q1",905,1162
"2626",26103,"Marquette",2021,"2","2021 Q2",880,1137
"2627",26103,"Marquette",2021,"3","2021 Q3",941,1147
"2628",26103,"Marquette",2021,"4","2021 Q4",1000,1300
"2629",26103,"Marquette",2022,"1","2022 Q1",922,1236
"2630",26103,"Marquette",2022,"2","2022 Q2",905,1178
"2631",26103,"Marquette",2022,"3","2022 Q3",971,1228
"2632",26103,"Marquette",2022,"4","2022 Q4",1005,1280
"2633",26103,"Marquette",2023,"1","2023 Q1",963,1317
"2634",26103,"Marquette",2023,"2","2023 Q2",961,1218
"2635",26103,"Marquette",2023,"3","2023 Q3",963,1221
"2636",26103,"Marquette",2023,"4","2023 Q4",1040,1323
"2637",26103,"Marquette",2024,"1","2024 Q1",1004,1362
"2638",26103,"Marquette",2024,"2","2024 Q2",1002,1265
"2639",26103,"Marquette",2024,"3","2024 Q3",991,1259
"2640",26103,"Marquette",2024,"4","2024 Q4",1089,1377
"2641",26103,"Marquette",2025,"1","2025 Q1",1027,1397
"2642",26103,"Marquette",2025,"2","2025 Q2",1052,1305
"2643",26103,"Marquette",2025,"3","2025 Q3",1051,1316
"2644",26103,"Marquette",2025,"4","2025 Q4",1164,1433
"2645",26103,"Marquette",2026,"1","2026 Q1",1075,1457
"2646",26105,"Mason",2014,"1","2014 Q1",679,948
"2647",26105,"Mason",2014,"2","2014 Q2",629,886
"2648",26105,"Mason",2014,"3","2014 Q3",646,882
"2649",26105,"Mason",2014,"4","2014 Q4",812,984
"2650",26105,"Mason",2015,"1","2015 Q1",698,968
"2651",26105,"Mason",2015,"2","2015 Q2",652,908
"2652",26105,"Mason",2015,"3","2015 Q3",664,909
"2653",26105,"Mason",2015,"4","2015 Q4",750,1044
"2654",26105,"Mason",2016,"1","2016 Q1",692,977
"2655",26105,"Mason",2016,"2","2016 Q2",664,933
"2656",26105,"Mason",2016,"3","2016 Q3",697,965
"2657",26105,"Mason",2016,"4","2016 Q4",742,1026
"2658",26105,"Mason",2017,"1","2017 Q1",734,1048
"2659",26105,"Mason",2017,"2","2017 Q2",702,960
"2660",26105,"Mason",2017,"3","2017 Q3",694,954
"2661",26105,"Mason",2017,"4","2017 Q4",772,1064
"2662",26105,"Mason",2018,"1","2018 Q1",774,1085
"2663",26105,"Mason",2018,"2","2018 Q2",716,984
"2664",26105,"Mason",2018,"3","2018 Q3",823,983
"2665",26105,"Mason",2018,"4","2018 Q4",811,1077
"2666",26105,"Mason",2019,"1","2019 Q1",793,1082
"2667",26105,"Mason",2019,"2","2019 Q2",750,1008
"2668",26105,"Mason",2019,"3","2019 Q3",746,1011
"2669",26105,"Mason",2019,"4","2019 Q4",849,1115
"2670",26105,"Mason",2020,"1","2020 Q1",817,1107
"2671",26105,"Mason",2020,"2","2020 Q2",820,1109
"2672",26105,"Mason",2020,"3","2020 Q3",797,1090
"2673",26105,"Mason",2020,"4","2020 Q4",964,1265
"2674",26105,"Mason",2021,"1","2021 Q1",832,1162
"2675",26105,"Mason",2021,"2","2021 Q2",836,1137
"2676",26105,"Mason",2021,"3","2021 Q3",839,1147
"2677",26105,"Mason",2021,"4","2021 Q4",1008,1300
"2678",26105,"Mason",2022,"1","2022 Q1",874,1236
"2679",26105,"Mason",2022,"2","2022 Q2",848,1178
"2680",26105,"Mason",2022,"3","2022 Q3",891,1228
"2681",26105,"Mason",2022,"4","2022 Q4",953,1280
"2682",26105,"Mason",2023,"1","2023 Q1",910,1317
"2683",26105,"Mason",2023,"2","2023 Q2",877,1218
"2684",26105,"Mason",2023,"3","2023 Q3",868,1221
"2685",26105,"Mason",2023,"4","2023 Q4",952,1323
"2686",26105,"Mason",2024,"1","2024 Q1",940,1362
"2687",26105,"Mason",2024,"2","2024 Q2",873,1265
"2688",26105,"Mason",2024,"3","2024 Q3",885,1259
"2689",26105,"Mason",2024,"4","2024 Q4",948,1377
"2690",26105,"Mason",2025,"1","2025 Q1",931,1397
"2691",26105,"Mason",2025,"2","2025 Q2",891,1305
"2692",26105,"Mason",2025,"3","2025 Q3",906,1316
"2693",26105,"Mason",2025,"4","2025 Q4",1022,1433
"2694",26105,"Mason",2026,"1","2026 Q1",939,1457
"2695",26107,"Mecosta",2014,"1","2014 Q1",602,948
"2696",26107,"Mecosta",2014,"2","2014 Q2",617,886
"2697",26107,"Mecosta",2014,"3","2014 Q3",633,882
"2698",26107,"Mecosta",2014,"4","2014 Q4",815,984
"2699",26107,"Mecosta",2015,"1","2015 Q1",632,968
"2700",26107,"Mecosta",2015,"2","2015 Q2",601,908
"2701",26107,"Mecosta",2015,"3","2015 Q3",641,909
"2702",26107,"Mecosta",2015,"4","2015 Q4",844,1044
"2703",26107,"Mecosta",2016,"1","2016 Q1",632,977
"2704",26107,"Mecosta",2016,"2","2016 Q2",672,933
"2705",26107,"Mecosta",2016,"3","2016 Q3",733,965
"2706",26107,"Mecosta",2016,"4","2016 Q4",892,1026
"2707",26107,"Mecosta",2017,"1","2017 Q1",673,1048
"2708",26107,"Mecosta",2017,"2","2017 Q2",713,960
"2709",26107,"Mecosta",2017,"3","2017 Q3",692,954
"2710",26107,"Mecosta",2017,"4","2017 Q4",892,1064
"2711",26107,"Mecosta",2018,"1","2018 Q1",681,1085
"2712",26107,"Mecosta",2018,"2","2018 Q2",729,984
"2713",26107,"Mecosta",2018,"3","2018 Q3",719,983
"2714",26107,"Mecosta",2018,"4","2018 Q4",894,1077
"2715",26107,"Mecosta",2019,"1","2019 Q1",697,1082
"2716",26107,"Mecosta",2019,"2","2019 Q2",766,1008
"2717",26107,"Mecosta",2019,"3","2019 Q3",702,1011
"2718",26107,"Mecosta",2019,"4","2019 Q4",837,1115
"2719",26107,"Mecosta",2020,"1","2020 Q1",721,1107
"2720",26107,"Mecosta",2020,"2","2020 Q2",840,1109
"2721",26107,"Mecosta",2020,"3","2020 Q3",800,1090
"2722",26107,"Mecosta",2020,"4","2020 Q4",960,1265
"2723",26107,"Mecosta",2021,"1","2021 Q1",742,1162
"2724",26107,"Mecosta",2021,"2","2021 Q2",852,1137
"2725",26107,"Mecosta",2021,"3","2021 Q3",836,1147
"2726",26107,"Mecosta",2021,"4","2021 Q4",947,1300
"2727",26107,"Mecosta",2022,"1","2022 Q1",751,1236
"2728",26107,"Mecosta",2022,"2","2022 Q2",761,1178
"2729",26107,"Mecosta",2022,"3","2022 Q3",808,1228
"2730",26107,"Mecosta",2022,"4","2022 Q4",975,1280
"2731",26107,"Mecosta",2023,"1","2023 Q1",786,1317
"2732",26107,"Mecosta",2023,"2","2023 Q2",768,1218
"2733",26107,"Mecosta",2023,"3","2023 Q3",781,1221
"2734",26107,"Mecosta",2023,"4","2023 Q4",873,1323
"2735",26107,"Mecosta",2024,"1","2024 Q1",834,1362
"2736",26107,"Mecosta",2024,"2","2024 Q2",780,1265
"2737",26107,"Mecosta",2024,"3","2024 Q3",790,1259
"2738",26107,"Mecosta",2024,"4","2024 Q4",888,1377
"2739",26107,"Mecosta",2025,"1","2025 Q1",840,1397
"2740",26107,"Mecosta",2025,"2","2025 Q2",782,1305
"2741",26107,"Mecosta",2025,"3","2025 Q3",800,1316
"2742",26107,"Mecosta",2025,"4","2025 Q4",867,1433
"2743",26107,"Mecosta",2026,"1","2026 Q1",820,1457
"2744",26109,"Menominee",2014,"1","2014 Q1",648,948
"2745",26109,"Menominee",2014,"2","2014 Q2",621,886
"2746",26109,"Menominee",2014,"3","2014 Q3",649,882
"2747",26109,"Menominee",2014,"4","2014 Q4",684,984
"2748",26109,"Menominee",2015,"1","2015 Q1",676,968
"2749",26109,"Menominee",2015,"2","2015 Q2",631,908
"2750",26109,"Menominee",2015,"3","2015 Q3",641,909
"2751",26109,"Menominee",2015,"4","2015 Q4",718,1044
"2752",26109,"Menominee",2016,"1","2016 Q1",673,977
"2753",26109,"Menominee",2016,"2","2016 Q2",655,933
"2754",26109,"Menominee",2016,"3","2016 Q3",698,965
"2755",26109,"Menominee",2016,"4","2016 Q4",728,1026
"2756",26109,"Menominee",2017,"1","2017 Q1",708,1048
"2757",26109,"Menominee",2017,"2","2017 Q2",697,960
"2758",26109,"Menominee",2017,"3","2017 Q3",709,954
"2759",26109,"Menominee",2017,"4","2017 Q4",754,1064
"2760",26109,"Menominee",2018,"1","2018 Q1",737,1085
"2761",26109,"Menominee",2018,"2","2018 Q2",719,984
"2762",26109,"Menominee",2018,"3","2018 Q3",722,983
"2763",26109,"Menominee",2018,"4","2018 Q4",774,1077
"2764",26109,"Menominee",2019,"1","2019 Q1",743,1082
"2765",26109,"Menominee",2019,"2","2019 Q2",720,1008
"2766",26109,"Menominee",2019,"3","2019 Q3",720,1011
"2767",26109,"Menominee",2019,"4","2019 Q4",749,1115
"2768",26109,"Menominee",2020,"1","2020 Q1",738,1107
"2769",26109,"Menominee",2020,"2","2020 Q2",730,1109
"2770",26109,"Menominee",2020,"3","2020 Q3",751,1090
"2771",26109,"Menominee",2020,"4","2020 Q4",863,1265
"2772",26109,"Menominee",2021,"1","2021 Q1",753,1162
"2773",26109,"Menominee",2021,"2","2021 Q2",768,1137
"2774",26109,"Menominee",2021,"3","2021 Q3",803,1147
"2775",26109,"Menominee",2021,"4","2021 Q4",878,1300
"2776",26109,"Menominee",2022,"1","2022 Q1",786,1236
"2777",26109,"Menominee",2022,"2","2022 Q2",808,1178
"2778",26109,"Menominee",2022,"3","2022 Q3",852,1228
"2779",26109,"Menominee",2022,"4","2022 Q4",902,1280
"2780",26109,"Menominee",2023,"1","2023 Q1",927,1317
"2781",26109,"Menominee",2023,"2","2023 Q2",853,1218
"2782",26109,"Menominee",2023,"3","2023 Q3",882,1221
"2783",26109,"Menominee",2023,"4","2023 Q4",944,1323
"2784",26109,"Menominee",2024,"1","2024 Q1",974,1362
"2785",26109,"Menominee",2024,"2","2024 Q2",903,1265
"2786",26109,"Menominee",2024,"3","2024 Q3",929,1259
"2787",26109,"Menominee",2024,"4","2024 Q4",999,1377
"2788",26109,"Menominee",2025,"1","2025 Q1",1000,1397
"2789",26109,"Menominee",2025,"2","2025 Q2",952,1305
"2790",26109,"Menominee",2025,"3","2025 Q3",955,1316
"2791",26109,"Menominee",2025,"4","2025 Q4",1040,1433
"2792",26109,"Menominee",2026,"1","2026 Q1",1048,1457
"2793",26111,"Midland",2014,"1","2014 Q1",1355,948
"2794",26111,"Midland",2014,"2","2014 Q2",1041,886
"2795",26111,"Midland",2014,"3","2014 Q3",957,882
"2796",26111,"Midland",2014,"4","2014 Q4",1036,984
"2797",26111,"Midland",2015,"1","2015 Q1",1278,968
"2798",26111,"Midland",2015,"2","2015 Q2",1028,908
"2799",26111,"Midland",2015,"3","2015 Q3",938,909
"2800",26111,"Midland",2015,"4","2015 Q4",1091,1044
"2801",26111,"Midland",2016,"1","2016 Q1",1381,977
"2802",26111,"Midland",2016,"2","2016 Q2",1006,933
"2803",26111,"Midland",2016,"3","2016 Q3",1029,965
"2804",26111,"Midland",2016,"4","2016 Q4",1065,1026
"2805",26111,"Midland",2017,"1","2017 Q1",1506,1048
"2806",26111,"Midland",2017,"2","2017 Q2",1002,960
"2807",26111,"Midland",2017,"3","2017 Q3",1065,954
"2808",26111,"Midland",2017,"4","2017 Q4",1878,1064
"2809",26111,"Midland",2018,"1","2018 Q1",1683,1085
"2810",26111,"Midland",2018,"2","2018 Q2",1119,984
"2811",26111,"Midland",2018,"3","2018 Q3",1111,983
"2812",26111,"Midland",2018,"4","2018 Q4",1120,1077
"2813",26111,"Midland",2019,"1","2019 Q1",1453,1082
"2814",26111,"Midland",2019,"2","2019 Q2",1069,1008
"2815",26111,"Midland",2019,"3","2019 Q3",1222,1011
"2816",26111,"Midland",2019,"4","2019 Q4",1189,1115
"2817",26111,"Midland",2020,"1","2020 Q1",1431,1107
"2818",26111,"Midland",2020,"2","2020 Q2",1200,1109
"2819",26111,"Midland",2020,"3","2020 Q3",1241,1090
"2820",26111,"Midland",2020,"4","2020 Q4",1355,1265
"2821",26111,"Midland",2021,"1","2021 Q1",1445,1162
"2822",26111,"Midland",2021,"2","2021 Q2",1176,1137
"2823",26111,"Midland",2021,"3","2021 Q3",1223,1147
"2824",26111,"Midland",2021,"4","2021 Q4",1377,1300
"2825",26111,"Midland",2022,"1","2022 Q1",1623,1236
"2826",26111,"Midland",2022,"2","2022 Q2",1188,1178
"2827",26111,"Midland",2022,"3","2022 Q3",1241,1228
"2828",26111,"Midland",2022,"4","2022 Q4",1376,1280
"2829",26111,"Midland",2023,"1","2023 Q1",1589,1317
"2830",26111,"Midland",2023,"2","2023 Q2",1282,1218
"2831",26111,"Midland",2023,"3","2023 Q3",1239,1221
"2832",26111,"Midland",2023,"4","2023 Q4",1397,1323
"2833",26111,"Midland",2024,"1","2024 Q1",1638,1362
"2834",26111,"Midland",2024,"2","2024 Q2",1324,1265
"2835",26111,"Midland",2024,"3","2024 Q3",1244,1259
"2836",26111,"Midland",2024,"4","2024 Q4",1463,1377
"2837",26111,"Midland",2025,"1","2025 Q1",1433,1397
"2838",26111,"Midland",2025,"2","2025 Q2",1368,1305
"2839",26111,"Midland",2025,"3","2025 Q3",1296,1316
"2840",26111,"Midland",2025,"4","2025 Q4",1458,1433
"2841",26111,"Midland",2026,"1","2026 Q1",1455,1457
"2842",26113,"Missaukee",2014,"1","2014 Q1",540,948
"2843",26113,"Missaukee",2014,"2","2014 Q2",554,886
"2844",26113,"Missaukee",2014,"3","2014 Q3",552,882
"2845",26113,"Missaukee",2014,"4","2014 Q4",643,984
"2846",26113,"Missaukee",2015,"1","2015 Q1",565,968
"2847",26113,"Missaukee",2015,"2","2015 Q2",587,908
"2848",26113,"Missaukee",2015,"3","2015 Q3",633,909
"2849",26113,"Missaukee",2015,"4","2015 Q4",639,1044
"2850",26113,"Missaukee",2016,"1","2016 Q1",574,977
"2851",26113,"Missaukee",2016,"2","2016 Q2",583,933
"2852",26113,"Missaukee",2016,"3","2016 Q3",613,965
"2853",26113,"Missaukee",2016,"4","2016 Q4",651,1026
"2854",26113,"Missaukee",2017,"1","2017 Q1",624,1048
"2855",26113,"Missaukee",2017,"2","2017 Q2",615,960
"2856",26113,"Missaukee",2017,"3","2017 Q3",635,954
"2857",26113,"Missaukee",2017,"4","2017 Q4",696,1064
"2858",26113,"Missaukee",2018,"1","2018 Q1",653,1085
"2859",26113,"Missaukee",2018,"2","2018 Q2",660,984
"2860",26113,"Missaukee",2018,"3","2018 Q3",670,983
"2861",26113,"Missaukee",2018,"4","2018 Q4",726,1077
"2862",26113,"Missaukee",2019,"1","2019 Q1",687,1082
"2863",26113,"Missaukee",2019,"2","2019 Q2",701,1008
"2864",26113,"Missaukee",2019,"3","2019 Q3",706,1011
"2865",26113,"Missaukee",2019,"4","2019 Q4",778,1115
"2866",26113,"Missaukee",2020,"1","2020 Q1",731,1107
"2867",26113,"Missaukee",2020,"2","2020 Q2",740,1109
"2868",26113,"Missaukee",2020,"3","2020 Q3",771,1090
"2869",26113,"Missaukee",2020,"4","2020 Q4",862,1265
"2870",26113,"Missaukee",2021,"1","2021 Q1",759,1162
"2871",26113,"Missaukee",2021,"2","2021 Q2",777,1137
"2872",26113,"Missaukee",2021,"3","2021 Q3",816,1147
"2873",26113,"Missaukee",2021,"4","2021 Q4",880,1300
"2874",26113,"Missaukee",2022,"1","2022 Q1",760,1236
"2875",26113,"Missaukee",2022,"2","2022 Q2",832,1178
"2876",26113,"Missaukee",2022,"3","2022 Q3",839,1228
"2877",26113,"Missaukee",2022,"4","2022 Q4",888,1280
"2878",26113,"Missaukee",2023,"1","2023 Q1",839,1317
"2879",26113,"Missaukee",2023,"2","2023 Q2",872,1218
"2880",26113,"Missaukee",2023,"3","2023 Q3",848,1221
"2881",26113,"Missaukee",2023,"4","2023 Q4",948,1323
"2882",26113,"Missaukee",2024,"1","2024 Q1",845,1362
"2883",26113,"Missaukee",2024,"2","2024 Q2",861,1265
"2884",26113,"Missaukee",2024,"3","2024 Q3",846,1259
"2885",26113,"Missaukee",2024,"4","2024 Q4",978,1377
"2886",26113,"Missaukee",2025,"1","2025 Q1",839,1397
"2887",26113,"Missaukee",2025,"2","2025 Q2",882,1305
"2888",26113,"Missaukee",2025,"3","2025 Q3",931,1316
"2889",26113,"Missaukee",2025,"4","2025 Q4",1072,1433
"2890",26113,"Missaukee",2026,"1","2026 Q1",832,1457
"2891",26115,"Monroe",2014,"1","2014 Q1",937,948
"2892",26115,"Monroe",2014,"2","2014 Q2",876,886
"2893",26115,"Monroe",2014,"3","2014 Q3",821,882
"2894",26115,"Monroe",2014,"4","2014 Q4",871,984
"2895",26115,"Monroe",2015,"1","2015 Q1",929,968
"2896",26115,"Monroe",2015,"2","2015 Q2",848,908
"2897",26115,"Monroe",2015,"3","2015 Q3",848,909
"2898",26115,"Monroe",2015,"4","2015 Q4",966,1044
"2899",26115,"Monroe",2016,"1","2016 Q1",920,977
"2900",26115,"Monroe",2016,"2","2016 Q2",885,933
"2901",26115,"Monroe",2016,"3","2016 Q3",888,965
"2902",26115,"Monroe",2016,"4","2016 Q4",922,1026
"2903",26115,"Monroe",2017,"1","2017 Q1",1015,1048
"2904",26115,"Monroe",2017,"2","2017 Q2",890,960
"2905",26115,"Monroe",2017,"3","2017 Q3",874,954
"2906",26115,"Monroe",2017,"4","2017 Q4",946,1064
"2907",26115,"Monroe",2018,"1","2018 Q1",1018,1085
"2908",26115,"Monroe",2018,"2","2018 Q2",906,984
"2909",26115,"Monroe",2018,"3","2018 Q3",916,983
"2910",26115,"Monroe",2018,"4","2018 Q4",997,1077
"2911",26115,"Monroe",2019,"1","2019 Q1",1062,1082
"2912",26115,"Monroe",2019,"2","2019 Q2",950,1008
"2913",26115,"Monroe",2019,"3","2019 Q3",950,1011
"2914",26115,"Monroe",2019,"4","2019 Q4",1007,1115
"2915",26115,"Monroe",2020,"1","2020 Q1",1030,1107
"2916",26115,"Monroe",2020,"2","2020 Q2",1030,1109
"2917",26115,"Monroe",2020,"3","2020 Q3",1005,1090
"2918",26115,"Monroe",2020,"4","2020 Q4",1170,1265
"2919",26115,"Monroe",2021,"1","2021 Q1",1088,1162
"2920",26115,"Monroe",2021,"2","2021 Q2",1068,1137
"2921",26115,"Monroe",2021,"3","2021 Q3",1074,1147
"2922",26115,"Monroe",2021,"4","2021 Q4",1144,1300
"2923",26115,"Monroe",2022,"1","2022 Q1",1186,1236
"2924",26115,"Monroe",2022,"2","2022 Q2",1132,1178
"2925",26115,"Monroe",2022,"3","2022 Q3",1129,1228
"2926",26115,"Monroe",2022,"4","2022 Q4",1133,1280
"2927",26115,"Monroe",2023,"1","2023 Q1",1247,1317
"2928",26115,"Monroe",2023,"2","2023 Q2",1112,1218
"2929",26115,"Monroe",2023,"3","2023 Q3",1102,1221
"2930",26115,"Monroe",2023,"4","2023 Q4",1158,1323
"2931",26115,"Monroe",2024,"1","2024 Q1",1241,1362
"2932",26115,"Monroe",2024,"2","2024 Q2",1154,1265
"2933",26115,"Monroe",2024,"3","2024 Q3",1156,1259
"2934",26115,"Monroe",2024,"4","2024 Q4",1172,1377
"2935",26115,"Monroe",2025,"1","2025 Q1",1243,1397
"2936",26115,"Monroe",2025,"2","2025 Q2",1164,1305
"2937",26115,"Monroe",2025,"3","2025 Q3",1203,1316
"2938",26115,"Monroe",2025,"4","2025 Q4",1257,1433
"2939",26115,"Monroe",2026,"1","2026 Q1",1345,1457
"2940",26117,"Montcalm",2014,"1","2014 Q1",684,948
"2941",26117,"Montcalm",2014,"2","2014 Q2",653,886
"2942",26117,"Montcalm",2014,"3","2014 Q3",670,882
"2943",26117,"Montcalm",2014,"4","2014 Q4",765,984
"2944",26117,"Montcalm",2015,"1","2015 Q1",656,968
"2945",26117,"Montcalm",2015,"2","2015 Q2",663,908
"2946",26117,"Montcalm",2015,"3","2015 Q3",678,909
"2947",26117,"Montcalm",2015,"4","2015 Q4",776,1044
"2948",26117,"Montcalm",2016,"1","2016 Q1",671,977
"2949",26117,"Montcalm",2016,"2","2016 Q2",704,933
"2950",26117,"Montcalm",2016,"3","2016 Q3",699,965
"2951",26117,"Montcalm",2016,"4","2016 Q4",793,1026
"2952",26117,"Montcalm",2017,"1","2017 Q1",737,1048
"2953",26117,"Montcalm",2017,"2","2017 Q2",719,960
"2954",26117,"Montcalm",2017,"3","2017 Q3",696,954
"2955",26117,"Montcalm",2017,"4","2017 Q4",794,1064
"2956",26117,"Montcalm",2018,"1","2018 Q1",725,1085
"2957",26117,"Montcalm",2018,"2","2018 Q2",725,984
"2958",26117,"Montcalm",2018,"3","2018 Q3",698,983
"2959",26117,"Montcalm",2018,"4","2018 Q4",798,1077
"2960",26117,"Montcalm",2019,"1","2019 Q1",730,1082
"2961",26117,"Montcalm",2019,"2","2019 Q2",734,1008
"2962",26117,"Montcalm",2019,"3","2019 Q3",721,1011
"2963",26117,"Montcalm",2019,"4","2019 Q4",796,1115
"2964",26117,"Montcalm",2020,"1","2020 Q1",733,1107
"2965",26117,"Montcalm",2020,"2","2020 Q2",751,1109
"2966",26117,"Montcalm",2020,"3","2020 Q3",736,1090
"2967",26117,"Montcalm",2020,"4","2020 Q4",878,1265
"2968",26117,"Montcalm",2021,"1","2021 Q1",745,1162
"2969",26117,"Montcalm",2021,"2","2021 Q2",789,1137
"2970",26117,"Montcalm",2021,"3","2021 Q3",790,1147
"2971",26117,"Montcalm",2021,"4","2021 Q4",876,1300
"2972",26117,"Montcalm",2022,"1","2022 Q1",765,1236
"2973",26117,"Montcalm",2022,"2","2022 Q2",798,1178
"2974",26117,"Montcalm",2022,"3","2022 Q3",838,1228
"2975",26117,"Montcalm",2022,"4","2022 Q4",883,1280
"2976",26117,"Montcalm",2023,"1","2023 Q1",796,1317
"2977",26117,"Montcalm",2023,"2","2023 Q2",796,1218
"2978",26117,"Montcalm",2023,"3","2023 Q3",823,1221
"2979",26117,"Montcalm",2023,"4","2023 Q4",906,1323
"2980",26117,"Montcalm",2024,"1","2024 Q1",849,1362
"2981",26117,"Montcalm",2024,"2","2024 Q2",842,1265
"2982",26117,"Montcalm",2024,"3","2024 Q3",856,1259
"2983",26117,"Montcalm",2024,"4","2024 Q4",935,1377
"2984",26117,"Montcalm",2025,"1","2025 Q1",884,1397
"2985",26117,"Montcalm",2025,"2","2025 Q2",884,1305
"2986",26117,"Montcalm",2025,"3","2025 Q3",921,1316
"2987",26117,"Montcalm",2025,"4","2025 Q4",1011,1433
"2988",26117,"Montcalm",2026,"1","2026 Q1",942,1457
"2989",26119,"Montmorency",2014,"1","2014 Q1",591,948
"2990",26119,"Montmorency",2014,"2","2014 Q2",639,886
"2991",26119,"Montmorency",2014,"3","2014 Q3",599,882
"2992",26119,"Montmorency",2014,"4","2014 Q4",670,984
"2993",26119,"Montmorency",2015,"1","2015 Q1",607,968
"2994",26119,"Montmorency",2015,"2","2015 Q2",665,908
"2995",26119,"Montmorency",2015,"3","2015 Q3",611,909
"2996",26119,"Montmorency",2015,"4","2015 Q4",684,1044
"2997",26119,"Montmorency",2016,"1","2016 Q1",626,977
"2998",26119,"Montmorency",2016,"2","2016 Q2",663,933
"2999",26119,"Montmorency",2016,"3","2016 Q3",664,965
"3000",26119,"Montmorency",2016,"4","2016 Q4",629,1026
"3001",26119,"Montmorency",2017,"1","2017 Q1",696,1048
"3002",26119,"Montmorency",2017,"2","2017 Q2",664,960
"3003",26119,"Montmorency",2017,"3","2017 Q3",682,954
"3004",26119,"Montmorency",2017,"4","2017 Q4",679,1064
"3005",26119,"Montmorency",2018,"1","2018 Q1",801,1085
"3006",26119,"Montmorency",2018,"2","2018 Q2",685,984
"3007",26119,"Montmorency",2018,"3","2018 Q3",729,983
"3008",26119,"Montmorency",2018,"4","2018 Q4",706,1077
"3009",26119,"Montmorency",2019,"1","2019 Q1",790,1082
"3010",26119,"Montmorency",2019,"2","2019 Q2",679,1008
"3011",26119,"Montmorency",2019,"3","2019 Q3",743,1011
"3012",26119,"Montmorency",2019,"4","2019 Q4",717,1115
"3013",26119,"Montmorency",2020,"1","2020 Q1",745,1107
"3014",26119,"Montmorency",2020,"2","2020 Q2",696,1109
"3015",26119,"Montmorency",2020,"3","2020 Q3",758,1090
"3016",26119,"Montmorency",2020,"4","2020 Q4",829,1265
"3017",26119,"Montmorency",2021,"1","2021 Q1",687,1162
"3018",26119,"Montmorency",2021,"2","2021 Q2",696,1137
"3019",26119,"Montmorency",2021,"3","2021 Q3",738,1147
"3020",26119,"Montmorency",2021,"4","2021 Q4",816,1300
"3021",26119,"Montmorency",2022,"1","2022 Q1",719,1236
"3022",26119,"Montmorency",2022,"2","2022 Q2",750,1178
"3023",26119,"Montmorency",2022,"3","2022 Q3",793,1228
"3024",26119,"Montmorency",2022,"4","2022 Q4",814,1280
"3025",26119,"Montmorency",2023,"1","2023 Q1",760,1317
"3026",26119,"Montmorency",2023,"2","2023 Q2",773,1218
"3027",26119,"Montmorency",2023,"3","2023 Q3",757,1221
"3028",26119,"Montmorency",2023,"4","2023 Q4",848,1323
"3029",26119,"Montmorency",2024,"1","2024 Q1",763,1362
"3030",26119,"Montmorency",2024,"2","2024 Q2",807,1265
"3031",26119,"Montmorency",2024,"3","2024 Q3",761,1259
"3032",26119,"Montmorency",2024,"4","2024 Q4",847,1377
"3033",26119,"Montmorency",2025,"1","2025 Q1",798,1397
"3034",26119,"Montmorency",2025,"2","2025 Q2",819,1305
"3035",26119,"Montmorency",2025,"3","2025 Q3",777,1316
"3036",26119,"Montmorency",2025,"4","2025 Q4",882,1433
"3037",26119,"Montmorency",2026,"1","2026 Q1",800,1457
"3038",26121,"Muskegon",2014,"1","2014 Q1",768,948
"3039",26121,"Muskegon",2014,"2","2014 Q2",703,886
"3040",26121,"Muskegon",2014,"3","2014 Q3",707,882
"3041",26121,"Muskegon",2014,"4","2014 Q4",804,984
"3042",26121,"Muskegon",2015,"1","2015 Q1",765,968
"3043",26121,"Muskegon",2015,"2","2015 Q2",711,908
"3044",26121,"Muskegon",2015,"3","2015 Q3",732,909
"3045",26121,"Muskegon",2015,"4","2015 Q4",842,1044
"3046",26121,"Muskegon",2016,"1","2016 Q1",761,977
"3047",26121,"Muskegon",2016,"2","2016 Q2",727,933
"3048",26121,"Muskegon",2016,"3","2016 Q3",765,965
"3049",26121,"Muskegon",2016,"4","2016 Q4",842,1026
"3050",26121,"Muskegon",2017,"1","2017 Q1",807,1048
"3051",26121,"Muskegon",2017,"2","2017 Q2",757,960
"3052",26121,"Muskegon",2017,"3","2017 Q3",759,954
"3053",26121,"Muskegon",2017,"4","2017 Q4",846,1064
"3054",26121,"Muskegon",2018,"1","2018 Q1",837,1085
"3055",26121,"Muskegon",2018,"2","2018 Q2",789,984
"3056",26121,"Muskegon",2018,"3","2018 Q3",774,983
"3057",26121,"Muskegon",2018,"4","2018 Q4",866,1077
"3058",26121,"Muskegon",2019,"1","2019 Q1",846,1082
"3059",26121,"Muskegon",2019,"2","2019 Q2",789,1008
"3060",26121,"Muskegon",2019,"3","2019 Q3",781,1011
"3061",26121,"Muskegon",2019,"4","2019 Q4",885,1115
"3062",26121,"Muskegon",2020,"1","2020 Q1",849,1107
"3063",26121,"Muskegon",2020,"2","2020 Q2",848,1109
"3064",26121,"Muskegon",2020,"3","2020 Q3",826,1090
"3065",26121,"Muskegon",2020,"4","2020 Q4",974,1265
"3066",26121,"Muskegon",2021,"1","2021 Q1",858,1162
"3067",26121,"Muskegon",2021,"2","2021 Q2",876,1137
"3068",26121,"Muskegon",2021,"3","2021 Q3",880,1147
"3069",26121,"Muskegon",2021,"4","2021 Q4",1008,1300
"3070",26121,"Muskegon",2022,"1","2022 Q1",921,1236
"3071",26121,"Muskegon",2022,"2","2022 Q2",906,1178
"3072",26121,"Muskegon",2022,"3","2022 Q3",938,1228
"3073",26121,"Muskegon",2022,"4","2022 Q4",990,1280
"3074",26121,"Muskegon",2023,"1","2023 Q1",974,1317
"3075",26121,"Muskegon",2023,"2","2023 Q2",946,1218
"3076",26121,"Muskegon",2023,"3","2023 Q3",924,1221
"3077",26121,"Muskegon",2023,"4","2023 Q4",1023,1323
"3078",26121,"Muskegon",2024,"1","2024 Q1",1012,1362
"3079",26121,"Muskegon",2024,"2","2024 Q2",980,1265
"3080",26121,"Muskegon",2024,"3","2024 Q3",961,1259
"3081",26121,"Muskegon",2024,"4","2024 Q4",1090,1377
"3082",26121,"Muskegon",2025,"1","2025 Q1",1094,1397
"3083",26121,"Muskegon",2025,"2","2025 Q2",1071,1305
"3084",26121,"Muskegon",2025,"3","2025 Q3",1072,1316
"3085",26121,"Muskegon",2025,"4","2025 Q4",1221,1433
"3086",26121,"Muskegon",2026,"1","2026 Q1",1136,1457
"3087",26123,"Newaygo",2014,"1","2014 Q1",714,948
"3088",26123,"Newaygo",2014,"2","2014 Q2",642,886
"3089",26123,"Newaygo",2014,"3","2014 Q3",661,882
"3090",26123,"Newaygo",2014,"4","2014 Q4",713,984
"3091",26123,"Newaygo",2015,"1","2015 Q1",725,968
"3092",26123,"Newaygo",2015,"2","2015 Q2",666,908
"3093",26123,"Newaygo",2015,"3","2015 Q3",674,909
"3094",26123,"Newaygo",2015,"4","2015 Q4",776,1044
"3095",26123,"Newaygo",2016,"1","2016 Q1",701,977
"3096",26123,"Newaygo",2016,"2","2016 Q2",682,933
"3097",26123,"Newaygo",2016,"3","2016 Q3",708,965
"3098",26123,"Newaygo",2016,"4","2016 Q4",757,1026
"3099",26123,"Newaygo",2017,"1","2017 Q1",740,1048
"3100",26123,"Newaygo",2017,"2","2017 Q2",722,960
"3101",26123,"Newaygo",2017,"3","2017 Q3",696,954
"3102",26123,"Newaygo",2017,"4","2017 Q4",820,1064
"3103",26123,"Newaygo",2018,"1","2018 Q1",780,1085
"3104",26123,"Newaygo",2018,"2","2018 Q2",757,984
"3105",26123,"Newaygo",2018,"3","2018 Q3",741,983
"3106",26123,"Newaygo",2018,"4","2018 Q4",820,1077
"3107",26123,"Newaygo",2019,"1","2019 Q1",804,1082
"3108",26123,"Newaygo",2019,"2","2019 Q2",742,1008
"3109",26123,"Newaygo",2019,"3","2019 Q3",745,1011
"3110",26123,"Newaygo",2019,"4","2019 Q4",815,1115
"3111",26123,"Newaygo",2020,"1","2020 Q1",820,1107
"3112",26123,"Newaygo",2020,"2","2020 Q2",812,1109
"3113",26123,"Newaygo",2020,"3","2020 Q3",780,1090
"3114",26123,"Newaygo",2020,"4","2020 Q4",892,1265
"3115",26123,"Newaygo",2021,"1","2021 Q1",818,1162
"3116",26123,"Newaygo",2021,"2","2021 Q2",807,1137
"3117",26123,"Newaygo",2021,"3","2021 Q3",824,1147
"3118",26123,"Newaygo",2021,"4","2021 Q4",932,1300
"3119",26123,"Newaygo",2022,"1","2022 Q1",869,1236
"3120",26123,"Newaygo",2022,"2","2022 Q2",850,1178
"3121",26123,"Newaygo",2022,"3","2022 Q3",890,1228
"3122",26123,"Newaygo",2022,"4","2022 Q4",944,1280
"3123",26123,"Newaygo",2023,"1","2023 Q1",930,1317
"3124",26123,"Newaygo",2023,"2","2023 Q2",880,1218
"3125",26123,"Newaygo",2023,"3","2023 Q3",886,1221
"3126",26123,"Newaygo",2023,"4","2023 Q4",925,1323
"3127",26123,"Newaygo",2024,"1","2024 Q1",941,1362
"3128",26123,"Newaygo",2024,"2","2024 Q2",895,1265
"3129",26123,"Newaygo",2024,"3","2024 Q3",931,1259
"3130",26123,"Newaygo",2024,"4","2024 Q4",969,1377
"3131",26123,"Newaygo",2025,"1","2025 Q1",1006,1397
"3132",26123,"Newaygo",2025,"2","2025 Q2",908,1305
"3133",26123,"Newaygo",2025,"3","2025 Q3",938,1316
"3134",26123,"Newaygo",2025,"4","2025 Q4",1007,1433
"3135",26123,"Newaygo",2026,"1","2026 Q1",955,1457
"3136",26125,"Oakland",2014,"1","2014 Q1",1116,948
"3137",26125,"Oakland",2014,"2","2014 Q2",1051,886
"3138",26125,"Oakland",2014,"3","2014 Q3",1028,882
"3139",26125,"Oakland",2014,"4","2014 Q4",1177,984
"3140",26125,"Oakland",2015,"1","2015 Q1",1155,968
"3141",26125,"Oakland",2015,"2","2015 Q2",1073,908
"3142",26125,"Oakland",2015,"3","2015 Q3",1062,909
"3143",26125,"Oakland",2015,"4","2015 Q4",1232,1044
"3144",26125,"Oakland",2016,"1","2016 Q1",1159,977
"3145",26125,"Oakland",2016,"2","2016 Q2",1098,933
"3146",26125,"Oakland",2016,"3","2016 Q3",1126,965
"3147",26125,"Oakland",2016,"4","2016 Q4",1213,1026
"3148",26125,"Oakland",2017,"1","2017 Q1",1252,1048
"3149",26125,"Oakland",2017,"2","2017 Q2",1135,960
"3150",26125,"Oakland",2017,"3","2017 Q3",1123,954
"3151",26125,"Oakland",2017,"4","2017 Q4",1266,1064
"3152",26125,"Oakland",2018,"1","2018 Q1",1292,1085
"3153",26125,"Oakland",2018,"2","2018 Q2",1167,984
"3154",26125,"Oakland",2018,"3","2018 Q3",1148,983
"3155",26125,"Oakland",2018,"4","2018 Q4",1277,1077
"3156",26125,"Oakland",2019,"1","2019 Q1",1263,1082
"3157",26125,"Oakland",2019,"2","2019 Q2",1186,1008
"3158",26125,"Oakland",2019,"3","2019 Q3",1169,1011
"3159",26125,"Oakland",2019,"4","2019 Q4",1322,1115
"3160",26125,"Oakland",2020,"1","2020 Q1",1289,1107
"3161",26125,"Oakland",2020,"2","2020 Q2",1278,1109
"3162",26125,"Oakland",2020,"3","2020 Q3",1264,1090
"3163",26125,"Oakland",2020,"4","2020 Q4",1490,1265
"3164",26125,"Oakland",2021,"1","2021 Q1",1349,1162
"3165",26125,"Oakland",2021,"2","2021 Q2",1321,1137
"3166",26125,"Oakland",2021,"3","2021 Q3",1318,1147
"3167",26125,"Oakland",2021,"4","2021 Q4",1534,1300
"3168",26125,"Oakland",2022,"1","2022 Q1",1408,1236
"3169",26125,"Oakland",2022,"2","2022 Q2",1364,1178
"3170",26125,"Oakland",2022,"3","2022 Q3",1391,1228
"3171",26125,"Oakland",2022,"4","2022 Q4",1509,1280
"3172",26125,"Oakland",2023,"1","2023 Q1",1511,1317
"3173",26125,"Oakland",2023,"2","2023 Q2",1413,1218
"3174",26125,"Oakland",2023,"3","2023 Q3",1393,1221
"3175",26125,"Oakland",2023,"4","2023 Q4",1544,1323
"3176",26125,"Oakland",2024,"1","2024 Q1",1573,1362
"3177",26125,"Oakland",2024,"2","2024 Q2",1463,1265
"3178",26125,"Oakland",2024,"3","2024 Q3",1425,1259
"3179",26125,"Oakland",2024,"4","2024 Q4",1601,1377
"3180",26125,"Oakland",2025,"1","2025 Q1",1593,1397
"3181",26125,"Oakland",2025,"2","2025 Q2",1510,1305
"3182",26125,"Oakland",2025,"3","2025 Q3",1484,1316
"3183",26125,"Oakland",2025,"4","2025 Q4",1647,1433
"3184",26125,"Oakland",2026,"1","2026 Q1",1661,1457
"3185",26127,"Oceana",2014,"1","2014 Q1",624,948
"3186",26127,"Oceana",2014,"2","2014 Q2",542,886
"3187",26127,"Oceana",2014,"3","2014 Q3",567,882
"3188",26127,"Oceana",2014,"4","2014 Q4",615,984
"3189",26127,"Oceana",2015,"1","2015 Q1",621,968
"3190",26127,"Oceana",2015,"2","2015 Q2",621,908
"3191",26127,"Oceana",2015,"3","2015 Q3",590,909
"3192",26127,"Oceana",2015,"4","2015 Q4",670,1044
"3193",26127,"Oceana",2016,"1","2016 Q1",652,977
"3194",26127,"Oceana",2016,"2","2016 Q2",624,933
"3195",26127,"Oceana",2016,"3","2016 Q3",608,965
"3196",26127,"Oceana",2016,"4","2016 Q4",690,1026
"3197",26127,"Oceana",2017,"1","2017 Q1",686,1048
"3198",26127,"Oceana",2017,"2","2017 Q2",632,960
"3199",26127,"Oceana",2017,"3","2017 Q3",612,954
"3200",26127,"Oceana",2017,"4","2017 Q4",682,1064
"3201",26127,"Oceana",2018,"1","2018 Q1",702,1085
"3202",26127,"Oceana",2018,"2","2018 Q2",671,984
"3203",26127,"Oceana",2018,"3","2018 Q3",648,983
"3204",26127,"Oceana",2018,"4","2018 Q4",735,1077
"3205",26127,"Oceana",2019,"1","2019 Q1",729,1082
"3206",26127,"Oceana",2019,"2","2019 Q2",662,1008
"3207",26127,"Oceana",2019,"3","2019 Q3",644,1011
"3208",26127,"Oceana",2019,"4","2019 Q4",735,1115
"3209",26127,"Oceana",2020,"1","2020 Q1",681,1107
"3210",26127,"Oceana",2020,"2","2020 Q2",682,1109
"3211",26127,"Oceana",2020,"3","2020 Q3",690,1090
"3212",26127,"Oceana",2020,"4","2020 Q4",824,1265
"3213",26127,"Oceana",2021,"1","2021 Q1",689,1162
"3214",26127,"Oceana",2021,"2","2021 Q2",713,1137
"3215",26127,"Oceana",2021,"3","2021 Q3",730,1147
"3216",26127,"Oceana",2021,"4","2021 Q4",840,1300
"3217",26127,"Oceana",2022,"1","2022 Q1",744,1236
"3218",26127,"Oceana",2022,"2","2022 Q2",739,1178
"3219",26127,"Oceana",2022,"3","2022 Q3",784,1228
"3220",26127,"Oceana",2022,"4","2022 Q4",900,1280
"3221",26127,"Oceana",2023,"1","2023 Q1",789,1317
"3222",26127,"Oceana",2023,"2","2023 Q2",765,1218
"3223",26127,"Oceana",2023,"3","2023 Q3",769,1221
"3224",26127,"Oceana",2023,"4","2023 Q4",889,1323
"3225",26127,"Oceana",2024,"1","2024 Q1",823,1362
"3226",26127,"Oceana",2024,"2","2024 Q2",789,1265
"3227",26127,"Oceana",2024,"3","2024 Q3",796,1259
"3228",26127,"Oceana",2024,"4","2024 Q4",949,1377
"3229",26127,"Oceana",2025,"1","2025 Q1",860,1397
"3230",26127,"Oceana",2025,"2","2025 Q2",811,1305
"3231",26127,"Oceana",2025,"3","2025 Q3",824,1316
"3232",26127,"Oceana",2025,"4","2025 Q4",1036,1433
"3233",26127,"Oceana",2026,"1","2026 Q1",876,1457
"3234",26129,"Ogemaw",2014,"1","2014 Q1",478,948
"3235",26129,"Ogemaw",2014,"2","2014 Q2",495,886
"3236",26129,"Ogemaw",2014,"3","2014 Q3",502,882
"3237",26129,"Ogemaw",2014,"4","2014 Q4",572,984
"3238",26129,"Ogemaw",2015,"1","2015 Q1",507,968
"3239",26129,"Ogemaw",2015,"2","2015 Q2",520,908
"3240",26129,"Ogemaw",2015,"3","2015 Q3",531,909
"3241",26129,"Ogemaw",2015,"4","2015 Q4",617,1044
"3242",26129,"Ogemaw",2016,"1","2016 Q1",548,977
"3243",26129,"Ogemaw",2016,"2","2016 Q2",553,933
"3244",26129,"Ogemaw",2016,"3","2016 Q3",578,965
"3245",26129,"Ogemaw",2016,"4","2016 Q4",641,1026
"3246",26129,"Ogemaw",2017,"1","2017 Q1",582,1048
"3247",26129,"Ogemaw",2017,"2","2017 Q2",592,960
"3248",26129,"Ogemaw",2017,"3","2017 Q3",607,954
"3249",26129,"Ogemaw",2017,"4","2017 Q4",748,1064
"3250",26129,"Ogemaw",2018,"1","2018 Q1",723,1085
"3251",26129,"Ogemaw",2018,"2","2018 Q2",688,984
"3252",26129,"Ogemaw",2018,"3","2018 Q3",748,983
"3253",26129,"Ogemaw",2018,"4","2018 Q4",709,1077
"3254",26129,"Ogemaw",2019,"1","2019 Q1",611,1082
"3255",26129,"Ogemaw",2019,"2","2019 Q2",620,1008
"3256",26129,"Ogemaw",2019,"3","2019 Q3",687,1011
"3257",26129,"Ogemaw",2019,"4","2019 Q4",659,1115
"3258",26129,"Ogemaw",2020,"1","2020 Q1",606,1107
"3259",26129,"Ogemaw",2020,"2","2020 Q2",666,1109
"3260",26129,"Ogemaw",2020,"3","2020 Q3",681,1090
"3261",26129,"Ogemaw",2020,"4","2020 Q4",786,1265
"3262",26129,"Ogemaw",2021,"1","2021 Q1",647,1162
"3263",26129,"Ogemaw",2021,"2","2021 Q2",709,1137
"3264",26129,"Ogemaw",2021,"3","2021 Q3",748,1147
"3265",26129,"Ogemaw",2021,"4","2021 Q4",859,1300
"3266",26129,"Ogemaw",2022,"1","2022 Q1",700,1236
"3267",26129,"Ogemaw",2022,"2","2022 Q2",713,1178
"3268",26129,"Ogemaw",2022,"3","2022 Q3",779,1228
"3269",26129,"Ogemaw",2022,"4","2022 Q4",805,1280
"3270",26129,"Ogemaw",2023,"1","2023 Q1",758,1317
"3271",26129,"Ogemaw",2023,"2","2023 Q2",748,1218
"3272",26129,"Ogemaw",2023,"3","2023 Q3",777,1221
"3273",26129,"Ogemaw",2023,"4","2023 Q4",809,1323
"3274",26129,"Ogemaw",2024,"1","2024 Q1",772,1362
"3275",26129,"Ogemaw",2024,"2","2024 Q2",772,1265
"3276",26129,"Ogemaw",2024,"3","2024 Q3",817,1259
"3277",26129,"Ogemaw",2024,"4","2024 Q4",858,1377
"3278",26129,"Ogemaw",2025,"1","2025 Q1",812,1397
"3279",26129,"Ogemaw",2025,"2","2025 Q2",942,1305
"3280",26129,"Ogemaw",2025,"3","2025 Q3",836,1316
"3281",26129,"Ogemaw",2025,"4","2025 Q4",957,1433
"3282",26129,"Ogemaw",2026,"1","2026 Q1",866,1457
"3283",26131,"Ontonagon",2014,"1","2014 Q1",491,948
"3284",26131,"Ontonagon",2014,"2","2014 Q2",491,886
"3285",26131,"Ontonagon",2014,"3","2014 Q3",513,882
"3286",26131,"Ontonagon",2014,"4","2014 Q4",577,984
"3287",26131,"Ontonagon",2015,"1","2015 Q1",525,968
"3288",26131,"Ontonagon",2015,"2","2015 Q2",506,908
"3289",26131,"Ontonagon",2015,"3","2015 Q3",509,909
"3290",26131,"Ontonagon",2015,"4","2015 Q4",571,1044
"3291",26131,"Ontonagon",2016,"1","2016 Q1",535,977
"3292",26131,"Ontonagon",2016,"2","2016 Q2",530,933
"3293",26131,"Ontonagon",2016,"3","2016 Q3",571,965
"3294",26131,"Ontonagon",2016,"4","2016 Q4",557,1026
"3295",26131,"Ontonagon",2017,"1","2017 Q1",569,1048
"3296",26131,"Ontonagon",2017,"2","2017 Q2",527,960
"3297",26131,"Ontonagon",2017,"3","2017 Q3",551,954
"3298",26131,"Ontonagon",2017,"4","2017 Q4",547,1064
"3299",26131,"Ontonagon",2018,"1","2018 Q1",547,1085
"3300",26131,"Ontonagon",2018,"2","2018 Q2",522,984
"3301",26131,"Ontonagon",2018,"3","2018 Q3",559,983
"3302",26131,"Ontonagon",2018,"4","2018 Q4",575,1077
"3303",26131,"Ontonagon",2019,"1","2019 Q1",560,1082
"3304",26131,"Ontonagon",2019,"2","2019 Q2",548,1008
"3305",26131,"Ontonagon",2019,"3","2019 Q3",590,1011
"3306",26131,"Ontonagon",2019,"4","2019 Q4",546,1115
"3307",26131,"Ontonagon",2020,"1","2020 Q1",541,1107
"3308",26131,"Ontonagon",2020,"2","2020 Q2",558,1109
"3309",26131,"Ontonagon",2020,"3","2020 Q3",629,1090
"3310",26131,"Ontonagon",2020,"4","2020 Q4",649,1265
"3311",26131,"Ontonagon",2021,"1","2021 Q1",574,1162
"3312",26131,"Ontonagon",2021,"2","2021 Q2",590,1137
"3313",26131,"Ontonagon",2021,"3","2021 Q3",635,1147
"3314",26131,"Ontonagon",2021,"4","2021 Q4",661,1300
"3315",26131,"Ontonagon",2022,"1","2022 Q1",615,1236
"3316",26131,"Ontonagon",2022,"2","2022 Q2",646,1178
"3317",26131,"Ontonagon",2022,"3","2022 Q3",632,1228
"3318",26131,"Ontonagon",2022,"4","2022 Q4",700,1280
"3319",26131,"Ontonagon",2023,"1","2023 Q1",590,1317
"3320",26131,"Ontonagon",2023,"2","2023 Q2",657,1218
"3321",26131,"Ontonagon",2023,"3","2023 Q3",632,1221
"3322",26131,"Ontonagon",2023,"4","2023 Q4",652,1323
"3323",26131,"Ontonagon",2024,"1","2024 Q1",639,1362
"3324",26131,"Ontonagon",2024,"2","2024 Q2",601,1265
"3325",26131,"Ontonagon",2024,"3","2024 Q3",614,1259
"3326",26131,"Ontonagon",2024,"4","2024 Q4",647,1377
"3327",26131,"Ontonagon",2025,"1","2025 Q1",616,1397
"3328",26131,"Ontonagon",2025,"2","2025 Q2",639,1305
"3329",26131,"Ontonagon",2025,"3","2025 Q3",658,1316
"3330",26131,"Ontonagon",2025,"4","2025 Q4",687,1433
"3331",26131,"Ontonagon",2026,"1","2026 Q1",620,1457
"3332",26133,"Osceola",2014,"1","2014 Q1",831,948
"3333",26133,"Osceola",2014,"2","2014 Q2",801,886
"3334",26133,"Osceola",2014,"3","2014 Q3",868,882
"3335",26133,"Osceola",2014,"4","2014 Q4",878,984
"3336",26133,"Osceola",2015,"1","2015 Q1",815,968
"3337",26133,"Osceola",2015,"2","2015 Q2",844,908
"3338",26133,"Osceola",2015,"3","2015 Q3",849,909
"3339",26133,"Osceola",2015,"4","2015 Q4",894,1044
"3340",26133,"Osceola",2016,"1","2016 Q1",791,977
"3341",26133,"Osceola",2016,"2","2016 Q2",841,933
"3342",26133,"Osceola",2016,"3","2016 Q3",863,965
"3343",26133,"Osceola",2016,"4","2016 Q4",874,1026
"3344",26133,"Osceola",2017,"1","2017 Q1",837,1048
"3345",26133,"Osceola",2017,"2","2017 Q2",870,960
"3346",26133,"Osceola",2017,"3","2017 Q3",875,954
"3347",26133,"Osceola",2017,"4","2017 Q4",910,1064
"3348",26133,"Osceola",2018,"1","2018 Q1",860,1085
"3349",26133,"Osceola",2018,"2","2018 Q2",918,984
"3350",26133,"Osceola",2018,"3","2018 Q3",869,983
"3351",26133,"Osceola",2018,"4","2018 Q4",924,1077
"3352",26133,"Osceola",2019,"1","2019 Q1",869,1082
"3353",26133,"Osceola",2019,"2","2019 Q2",921,1008
"3354",26133,"Osceola",2019,"3","2019 Q3",895,1011
"3355",26133,"Osceola",2019,"4","2019 Q4",934,1115
"3356",26133,"Osceola",2020,"1","2020 Q1",867,1107
"3357",26133,"Osceola",2020,"2","2020 Q2",936,1109
"3358",26133,"Osceola",2020,"3","2020 Q3",951,1090
"3359",26133,"Osceola",2020,"4","2020 Q4",1028,1265
"3360",26133,"Osceola",2021,"1","2021 Q1",877,1162
"3361",26133,"Osceola",2021,"2","2021 Q2",942,1137
"3362",26133,"Osceola",2021,"3","2021 Q3",1008,1147
"3363",26133,"Osceola",2021,"4","2021 Q4",1082,1300
"3364",26133,"Osceola",2022,"1","2022 Q1",914,1236
"3365",26133,"Osceola",2022,"2","2022 Q2",1008,1178
"3366",26133,"Osceola",2022,"3","2022 Q3",1066,1228
"3367",26133,"Osceola",2022,"4","2022 Q4",1071,1280
"3368",26133,"Osceola",2023,"1","2023 Q1",999,1317
"3369",26133,"Osceola",2023,"2","2023 Q2",1041,1218
"3370",26133,"Osceola",2023,"3","2023 Q3",1019,1221
"3371",26133,"Osceola",2023,"4","2023 Q4",1020,1323
"3372",26133,"Osceola",2024,"1","2024 Q1",1055,1362
"3373",26133,"Osceola",2024,"2","2024 Q2",1104,1265
"3374",26133,"Osceola",2024,"3","2024 Q3",1146,1259
"3375",26133,"Osceola",2024,"4","2024 Q4",1105,1377
"3376",26133,"Osceola",2025,"1","2025 Q1",1097,1397
"3377",26133,"Osceola",2025,"2","2025 Q2",1187,1305
"3378",26133,"Osceola",2025,"3","2025 Q3",1158,1316
"3379",26133,"Osceola",2025,"4","2025 Q4",1192,1433
"3380",26133,"Osceola",2026,"1","2026 Q1",1124,1457
"3381",26135,"Oscoda",2014,"1","2014 Q1",466,948
"3382",26135,"Oscoda",2014,"2","2014 Q2",472,886
"3383",26135,"Oscoda",2014,"3","2014 Q3",475,882
"3384",26135,"Oscoda",2014,"4","2014 Q4",565,984
"3385",26135,"Oscoda",2015,"1","2015 Q1",497,968
"3386",26135,"Oscoda",2015,"2","2015 Q2",500,908
"3387",26135,"Oscoda",2015,"3","2015 Q3",500,909
"3388",26135,"Oscoda",2015,"4","2015 Q4",609,1044
"3389",26135,"Oscoda",2016,"1","2016 Q1",503,977
"3390",26135,"Oscoda",2016,"2","2016 Q2",487,933
"3391",26135,"Oscoda",2016,"3","2016 Q3",517,965
"3392",26135,"Oscoda",2016,"4","2016 Q4",600,1026
"3393",26135,"Oscoda",2017,"1","2017 Q1",561,1048
"3394",26135,"Oscoda",2017,"2","2017 Q2",531,960
"3395",26135,"Oscoda",2017,"3","2017 Q3",531,954
"3396",26135,"Oscoda",2017,"4","2017 Q4",622,1064
"3397",26135,"Oscoda",2018,"1","2018 Q1",555,1085
"3398",26135,"Oscoda",2018,"2","2018 Q2",557,984
"3399",26135,"Oscoda",2018,"3","2018 Q3",517,983
"3400",26135,"Oscoda",2018,"4","2018 Q4",651,1077
"3401",26135,"Oscoda",2019,"1","2019 Q1",588,1082
"3402",26135,"Oscoda",2019,"2","2019 Q2",593,1008
"3403",26135,"Oscoda",2019,"3","2019 Q3",592,1011
"3404",26135,"Oscoda",2019,"4","2019 Q4",682,1115
"3405",26135,"Oscoda",2020,"1","2020 Q1",534,1107
"3406",26135,"Oscoda",2020,"2","2020 Q2",539,1109
"3407",26135,"Oscoda",2020,"3","2020 Q3",560,1090
"3408",26135,"Oscoda",2020,"4","2020 Q4",701,1265
"3409",26135,"Oscoda",2021,"1","2021 Q1",614,1162
"3410",26135,"Oscoda",2021,"2","2021 Q2",587,1137
"3411",26135,"Oscoda",2021,"3","2021 Q3",616,1147
"3412",26135,"Oscoda",2021,"4","2021 Q4",762,1300
"3413",26135,"Oscoda",2022,"1","2022 Q1",616,1236
"3414",26135,"Oscoda",2022,"2","2022 Q2",608,1178
"3415",26135,"Oscoda",2022,"3","2022 Q3",694,1228
"3416",26135,"Oscoda",2022,"4","2022 Q4",805,1280
"3417",26135,"Oscoda",2023,"1","2023 Q1",717,1317
"3418",26135,"Oscoda",2023,"2","2023 Q2",715,1218
"3419",26135,"Oscoda",2023,"3","2023 Q3",671,1221
"3420",26135,"Oscoda",2023,"4","2023 Q4",857,1323
"3421",26135,"Oscoda",2024,"1","2024 Q1",726,1362
"3422",26135,"Oscoda",2024,"2","2024 Q2",683,1265
"3423",26135,"Oscoda",2024,"3","2024 Q3",697,1259
"3424",26135,"Oscoda",2024,"4","2024 Q4",848,1377
"3425",26135,"Oscoda",2025,"1","2025 Q1",717,1397
"3426",26135,"Oscoda",2025,"2","2025 Q2",675,1305
"3427",26135,"Oscoda",2025,"3","2025 Q3",730,1316
"3428",26135,"Oscoda",2025,"4","2025 Q4",864,1433
"3429",26135,"Oscoda",2026,"1","2026 Q1",715,1457
"3430",26137,"Otsego",2014,"1","2014 Q1",651,948
"3431",26137,"Otsego",2014,"2","2014 Q2",646,886
"3432",26137,"Otsego",2014,"3","2014 Q3",639,882
"3433",26137,"Otsego",2014,"4","2014 Q4",718,984
"3434",26137,"Otsego",2015,"1","2015 Q1",678,968
"3435",26137,"Otsego",2015,"2","2015 Q2",660,908
"3436",26137,"Otsego",2015,"3","2015 Q3",661,909
"3437",26137,"Otsego",2015,"4","2015 Q4",758,1044
"3438",26137,"Otsego",2016,"1","2016 Q1",718,977
"3439",26137,"Otsego",2016,"2","2016 Q2",659,933
"3440",26137,"Otsego",2016,"3","2016 Q3",708,965
"3441",26137,"Otsego",2016,"4","2016 Q4",715,1026
"3442",26137,"Otsego",2017,"1","2017 Q1",777,1048
"3443",26137,"Otsego",2017,"2","2017 Q2",680,960
"3444",26137,"Otsego",2017,"3","2017 Q3",706,954
"3445",26137,"Otsego",2017,"4","2017 Q4",740,1064
"3446",26137,"Otsego",2018,"1","2018 Q1",808,1085
"3447",26137,"Otsego",2018,"2","2018 Q2",708,984
"3448",26137,"Otsego",2018,"3","2018 Q3",749,983
"3449",26137,"Otsego",2018,"4","2018 Q4",765,1077
"3450",26137,"Otsego",2019,"1","2019 Q1",803,1082
"3451",26137,"Otsego",2019,"2","2019 Q2",756,1008
"3452",26137,"Otsego",2019,"3","2019 Q3",782,1011
"3453",26137,"Otsego",2019,"4","2019 Q4",809,1115
"3454",26137,"Otsego",2020,"1","2020 Q1",810,1107
"3455",26137,"Otsego",2020,"2","2020 Q2",822,1109
"3456",26137,"Otsego",2020,"3","2020 Q3",843,1090
"3457",26137,"Otsego",2020,"4","2020 Q4",942,1265
"3458",26137,"Otsego",2021,"1","2021 Q1",852,1162
"3459",26137,"Otsego",2021,"2","2021 Q2",848,1137
"3460",26137,"Otsego",2021,"3","2021 Q3",911,1147
"3461",26137,"Otsego",2021,"4","2021 Q4",1003,1300
"3462",26137,"Otsego",2022,"1","2022 Q1",875,1236
"3463",26137,"Otsego",2022,"2","2022 Q2",873,1178
"3464",26137,"Otsego",2022,"3","2022 Q3",962,1228
"3465",26137,"Otsego",2022,"4","2022 Q4",994,1280
"3466",26137,"Otsego",2023,"1","2023 Q1",928,1317
"3467",26137,"Otsego",2023,"2","2023 Q2",983,1218
"3468",26137,"Otsego",2023,"3","2023 Q3",948,1221
"3469",26137,"Otsego",2023,"4","2023 Q4",1007,1323
"3470",26137,"Otsego",2024,"1","2024 Q1",1017,1362
"3471",26137,"Otsego",2024,"2","2024 Q2",960,1265
"3472",26137,"Otsego",2024,"3","2024 Q3",928,1259
"3473",26137,"Otsego",2024,"4","2024 Q4",1033,1377
"3474",26137,"Otsego",2025,"1","2025 Q1",1069,1397
"3475",26137,"Otsego",2025,"2","2025 Q2",975,1305
"3476",26137,"Otsego",2025,"3","2025 Q3",993,1316
"3477",26137,"Otsego",2025,"4","2025 Q4",1086,1433
"3478",26137,"Otsego",2026,"1","2026 Q1",1138,1457
"3479",26139,"Ottawa",2014,"1","2014 Q1",762,948
"3480",26139,"Ottawa",2014,"2","2014 Q2",768,886
"3481",26139,"Ottawa",2014,"3","2014 Q3",787,882
"3482",26139,"Ottawa",2014,"4","2014 Q4",910,984
"3483",26139,"Ottawa",2015,"1","2015 Q1",823,968
"3484",26139,"Ottawa",2015,"2","2015 Q2",789,908
"3485",26139,"Ottawa",2015,"3","2015 Q3",806,909
"3486",26139,"Ottawa",2015,"4","2015 Q4",940,1044
"3487",26139,"Ottawa",2016,"1","2016 Q1",798,977
"3488",26139,"Ottawa",2016,"2","2016 Q2",825,933
"3489",26139,"Ottawa",2016,"3","2016 Q3",861,965
"3490",26139,"Ottawa",2016,"4","2016 Q4",949,1026
"3491",26139,"Ottawa",2017,"1","2017 Q1",878,1048
"3492",26139,"Ottawa",2017,"2","2017 Q2",839,960
"3493",26139,"Ottawa",2017,"3","2017 Q3",849,954
"3494",26139,"Ottawa",2017,"4","2017 Q4",972,1064
"3495",26139,"Ottawa",2018,"1","2018 Q1",924,1085
"3496",26139,"Ottawa",2018,"2","2018 Q2",869,984
"3497",26139,"Ottawa",2018,"3","2018 Q3",888,983
"3498",26139,"Ottawa",2018,"4","2018 Q4",977,1077
"3499",26139,"Ottawa",2019,"1","2019 Q1",912,1082
"3500",26139,"Ottawa",2019,"2","2019 Q2",888,1008
"3501",26139,"Ottawa",2019,"3","2019 Q3",910,1011
"3502",26139,"Ottawa",2019,"4","2019 Q4",994,1115
"3503",26139,"Ottawa",2020,"1","2020 Q1",942,1107
"3504",26139,"Ottawa",2020,"2","2020 Q2",937,1109
"3505",26139,"Ottawa",2020,"3","2020 Q3",938,1090
"3506",26139,"Ottawa",2020,"4","2020 Q4",1131,1265
"3507",26139,"Ottawa",2021,"1","2021 Q1",959,1162
"3508",26139,"Ottawa",2021,"2","2021 Q2",968,1137
"3509",26139,"Ottawa",2021,"3","2021 Q3",1005,1147
"3510",26139,"Ottawa",2021,"4","2021 Q4",1154,1300
"3511",26139,"Ottawa",2022,"1","2022 Q1",1014,1236
"3512",26139,"Ottawa",2022,"2","2022 Q2",1026,1178
"3513",26139,"Ottawa",2022,"3","2022 Q3",1079,1228
"3514",26139,"Ottawa",2022,"4","2022 Q4",1159,1280
"3515",26139,"Ottawa",2023,"1","2023 Q1",1098,1317
"3516",26139,"Ottawa",2023,"2","2023 Q2",1063,1218
"3517",26139,"Ottawa",2023,"3","2023 Q3",1064,1221
"3518",26139,"Ottawa",2023,"4","2023 Q4",1199,1323
"3519",26139,"Ottawa",2024,"1","2024 Q1",1125,1362
"3520",26139,"Ottawa",2024,"2","2024 Q2",1107,1265
"3521",26139,"Ottawa",2024,"3","2024 Q3",1117,1259
"3522",26139,"Ottawa",2024,"4","2024 Q4",1233,1377
"3523",26139,"Ottawa",2025,"1","2025 Q1",1143,1397
"3524",26139,"Ottawa",2025,"2","2025 Q2",1124,1305
"3525",26139,"Ottawa",2025,"3","2025 Q3",1138,1316
"3526",26139,"Ottawa",2025,"4","2025 Q4",1284,1433
"3527",26139,"Ottawa",2026,"1","2026 Q1",1171,1457
"3528",26141,"Presque Isle",2014,"1","2014 Q1",599,948
"3529",26141,"Presque Isle",2014,"2","2014 Q2",645,886
"3530",26141,"Presque Isle",2014,"3","2014 Q3",653,882
"3531",26141,"Presque Isle",2014,"4","2014 Q4",717,984
"3532",26141,"Presque Isle",2015,"1","2015 Q1",631,968
"3533",26141,"Presque Isle",2015,"2","2015 Q2",698,908
"3534",26141,"Presque Isle",2015,"3","2015 Q3",713,909
"3535",26141,"Presque Isle",2015,"4","2015 Q4",784,1044
"3536",26141,"Presque Isle",2016,"1","2016 Q1",635,977
"3537",26141,"Presque Isle",2016,"2","2016 Q2",703,933
"3538",26141,"Presque Isle",2016,"3","2016 Q3",746,965
"3539",26141,"Presque Isle",2016,"4","2016 Q4",740,1026
"3540",26141,"Presque Isle",2017,"1","2017 Q1",678,1048
"3541",26141,"Presque Isle",2017,"2","2017 Q2",710,960
"3542",26141,"Presque Isle",2017,"3","2017 Q3",744,954
"3543",26141,"Presque Isle",2017,"4","2017 Q4",783,1064
"3544",26141,"Presque Isle",2018,"1","2018 Q1",644,1085
"3545",26141,"Presque Isle",2018,"2","2018 Q2",744,984
"3546",26141,"Presque Isle",2018,"3","2018 Q3",739,983
"3547",26141,"Presque Isle",2018,"4","2018 Q4",776,1077
"3548",26141,"Presque Isle",2019,"1","2019 Q1",689,1082
"3549",26141,"Presque Isle",2019,"2","2019 Q2",770,1008
"3550",26141,"Presque Isle",2019,"3","2019 Q3",784,1011
"3551",26141,"Presque Isle",2019,"4","2019 Q4",785,1115
"3552",26141,"Presque Isle",2020,"1","2020 Q1",708,1107
"3553",26141,"Presque Isle",2020,"2","2020 Q2",827,1109
"3554",26141,"Presque Isle",2020,"3","2020 Q3",819,1090
"3555",26141,"Presque Isle",2020,"4","2020 Q4",973,1265
"3556",26141,"Presque Isle",2021,"1","2021 Q1",734,1162
"3557",26141,"Presque Isle",2021,"2","2021 Q2",834,1137
"3558",26141,"Presque Isle",2021,"3","2021 Q3",828,1147
"3559",26141,"Presque Isle",2021,"4","2021 Q4",877,1300
"3560",26141,"Presque Isle",2022,"1","2022 Q1",738,1236
"3561",26141,"Presque Isle",2022,"2","2022 Q2",858,1178
"3562",26141,"Presque Isle",2022,"3","2022 Q3",856,1228
"3563",26141,"Presque Isle",2022,"4","2022 Q4",921,1280
"3564",26141,"Presque Isle",2023,"1","2023 Q1",809,1317
"3565",26141,"Presque Isle",2023,"2","2023 Q2",910,1218
"3566",26141,"Presque Isle",2023,"3","2023 Q3",880,1221
"3567",26141,"Presque Isle",2023,"4","2023 Q4",924,1323
"3568",26141,"Presque Isle",2024,"1","2024 Q1",846,1362
"3569",26141,"Presque Isle",2024,"2","2024 Q2",961,1265
"3570",26141,"Presque Isle",2024,"3","2024 Q3",907,1259
"3571",26141,"Presque Isle",2024,"4","2024 Q4",983,1377
"3572",26141,"Presque Isle",2025,"1","2025 Q1",887,1397
"3573",26141,"Presque Isle",2025,"2","2025 Q2",1112,1305
"3574",26141,"Presque Isle",2025,"3","2025 Q3",980,1316
"3575",26141,"Presque Isle",2025,"4","2025 Q4",1081,1433
"3576",26141,"Presque Isle",2026,"1","2026 Q1",941,1457
"3577",26143,"Roscommon",2014,"1","2014 Q1",494,948
"3578",26143,"Roscommon",2014,"2","2014 Q2",477,886
"3579",26143,"Roscommon",2014,"3","2014 Q3",521,882
"3580",26143,"Roscommon",2014,"4","2014 Q4",535,984
"3581",26143,"Roscommon",2015,"1","2015 Q1",505,968
"3582",26143,"Roscommon",2015,"2","2015 Q2",514,908
"3583",26143,"Roscommon",2015,"3","2015 Q3",563,909
"3584",26143,"Roscommon",2015,"4","2015 Q4",573,1044
"3585",26143,"Roscommon",2016,"1","2016 Q1",520,977
"3586",26143,"Roscommon",2016,"2","2016 Q2",457,933
"3587",26143,"Roscommon",2016,"3","2016 Q3",570,965
"3588",26143,"Roscommon",2016,"4","2016 Q4",568,1026
"3589",26143,"Roscommon",2017,"1","2017 Q1",557,1048
"3590",26143,"Roscommon",2017,"2","2017 Q2",484,960
"3591",26143,"Roscommon",2017,"3","2017 Q3",604,954
"3592",26143,"Roscommon",2017,"4","2017 Q4",634,1064
"3593",26143,"Roscommon",2018,"1","2018 Q1",606,1085
"3594",26143,"Roscommon",2018,"2","2018 Q2",524,984
"3595",26143,"Roscommon",2018,"3","2018 Q3",630,983
"3596",26143,"Roscommon",2018,"4","2018 Q4",644,1077
"3597",26143,"Roscommon",2019,"1","2019 Q1",606,1082
"3598",26143,"Roscommon",2019,"2","2019 Q2",606,1008
"3599",26143,"Roscommon",2019,"3","2019 Q3",655,1011
"3600",26143,"Roscommon",2019,"4","2019 Q4",681,1115
"3601",26143,"Roscommon",2020,"1","2020 Q1",622,1107
"3602",26143,"Roscommon",2020,"2","2020 Q2",679,1109
"3603",26143,"Roscommon",2020,"3","2020 Q3",742,1090
"3604",26143,"Roscommon",2020,"4","2020 Q4",827,1265
"3605",26143,"Roscommon",2021,"1","2021 Q1",738,1162
"3606",26143,"Roscommon",2021,"2","2021 Q2",709,1137
"3607",26143,"Roscommon",2021,"3","2021 Q3",794,1147
"3608",26143,"Roscommon",2021,"4","2021 Q4",771,1300
"3609",26143,"Roscommon",2022,"1","2022 Q1",826,1236
"3610",26143,"Roscommon",2022,"2","2022 Q2",685,1178
"3611",26143,"Roscommon",2022,"3","2022 Q3",757,1228
"3612",26143,"Roscommon",2022,"4","2022 Q4",748,1280
"3613",26143,"Roscommon",2023,"1","2023 Q1",742,1317
"3614",26143,"Roscommon",2023,"2","2023 Q2",653,1218
"3615",26143,"Roscommon",2023,"3","2023 Q3",719,1221
"3616",26143,"Roscommon",2023,"4","2023 Q4",716,1323
"3617",26143,"Roscommon",2024,"1","2024 Q1",772,1362
"3618",26143,"Roscommon",2024,"2","2024 Q2",678,1265
"3619",26143,"Roscommon",2024,"3","2024 Q3",750,1259
"3620",26143,"Roscommon",2024,"4","2024 Q4",768,1377
"3621",26143,"Roscommon",2025,"1","2025 Q1",772,1397
"3622",26143,"Roscommon",2025,"2","2025 Q2",735,1305
"3623",26143,"Roscommon",2025,"3","2025 Q3",802,1316
"3624",26143,"Roscommon",2025,"4","2025 Q4",840,1433
"3625",26143,"Roscommon",2026,"1","2026 Q1",743,1457
"3626",26145,"Saginaw",2014,"1","2014 Q1",803,948
"3627",26145,"Saginaw",2014,"2","2014 Q2",727,886
"3628",26145,"Saginaw",2014,"3","2014 Q3",742,882
"3629",26145,"Saginaw",2014,"4","2014 Q4",809,984
"3630",26145,"Saginaw",2015,"1","2015 Q1",772,968
"3631",26145,"Saginaw",2015,"2","2015 Q2",735,908
"3632",26145,"Saginaw",2015,"3","2015 Q3",759,909
"3633",26145,"Saginaw",2015,"4","2015 Q4",869,1044
"3634",26145,"Saginaw",2016,"1","2016 Q1",793,977
"3635",26145,"Saginaw",2016,"2","2016 Q2",772,933
"3636",26145,"Saginaw",2016,"3","2016 Q3",814,965
"3637",26145,"Saginaw",2016,"4","2016 Q4",855,1026
"3638",26145,"Saginaw",2017,"1","2017 Q1",853,1048
"3639",26145,"Saginaw",2017,"2","2017 Q2",796,960
"3640",26145,"Saginaw",2017,"3","2017 Q3",796,954
"3641",26145,"Saginaw",2017,"4","2017 Q4",889,1064
"3642",26145,"Saginaw",2018,"1","2018 Q1",896,1085
"3643",26145,"Saginaw",2018,"2","2018 Q2",820,984
"3644",26145,"Saginaw",2018,"3","2018 Q3",823,983
"3645",26145,"Saginaw",2018,"4","2018 Q4",917,1077
"3646",26145,"Saginaw",2019,"1","2019 Q1",896,1082
"3647",26145,"Saginaw",2019,"2","2019 Q2",850,1008
"3648",26145,"Saginaw",2019,"3","2019 Q3",847,1011
"3649",26145,"Saginaw",2019,"4","2019 Q4",935,1115
"3650",26145,"Saginaw",2020,"1","2020 Q1",908,1107
"3651",26145,"Saginaw",2020,"2","2020 Q2",932,1109
"3652",26145,"Saginaw",2020,"3","2020 Q3",926,1090
"3653",26145,"Saginaw",2020,"4","2020 Q4",1069,1265
"3654",26145,"Saginaw",2021,"1","2021 Q1",947,1162
"3655",26145,"Saginaw",2021,"2","2021 Q2",977,1137
"3656",26145,"Saginaw",2021,"3","2021 Q3",993,1147
"3657",26145,"Saginaw",2021,"4","2021 Q4",1131,1300
"3658",26145,"Saginaw",2022,"1","2022 Q1",1029,1236
"3659",26145,"Saginaw",2022,"2","2022 Q2",997,1178
"3660",26145,"Saginaw",2022,"3","2022 Q3",1051,1228
"3661",26145,"Saginaw",2022,"4","2022 Q4",1106,1280
"3662",26145,"Saginaw",2023,"1","2023 Q1",1170,1317
"3663",26145,"Saginaw",2023,"2","2023 Q2",1030,1218
"3664",26145,"Saginaw",2023,"3","2023 Q3",1056,1221
"3665",26145,"Saginaw",2023,"4","2023 Q4",1122,1323
"3666",26145,"Saginaw",2024,"1","2024 Q1",1115,1362
"3667",26145,"Saginaw",2024,"2","2024 Q2",1054,1265
"3668",26145,"Saginaw",2024,"3","2024 Q3",1088,1259
"3669",26145,"Saginaw",2024,"4","2024 Q4",1167,1377
"3670",26145,"Saginaw",2025,"1","2025 Q1",1161,1397
"3671",26145,"Saginaw",2025,"2","2025 Q2",1105,1305
"3672",26145,"Saginaw",2025,"3","2025 Q3",1130,1316
"3673",26145,"Saginaw",2025,"4","2025 Q4",1250,1433
"3674",26145,"Saginaw",2026,"1","2026 Q1",1194,1457
"3675",26151,"Sanilac",2014,"1","2014 Q1",565,948
"3676",26151,"Sanilac",2014,"2","2014 Q2",579,886
"3677",26151,"Sanilac",2014,"3","2014 Q3",590,882
"3678",26151,"Sanilac",2014,"4","2014 Q4",684,984
"3679",26151,"Sanilac",2015,"1","2015 Q1",582,968
"3680",26151,"Sanilac",2015,"2","2015 Q2",603,908
"3681",26151,"Sanilac",2015,"3","2015 Q3",631,909
"3682",26151,"Sanilac",2015,"4","2015 Q4",703,1044
"3683",26151,"Sanilac",2016,"1","2016 Q1",586,977
"3684",26151,"Sanilac",2016,"2","2016 Q2",628,933
"3685",26151,"Sanilac",2016,"3","2016 Q3",660,965
"3686",26151,"Sanilac",2016,"4","2016 Q4",694,1026
"3687",26151,"Sanilac",2017,"1","2017 Q1",625,1048
"3688",26151,"Sanilac",2017,"2","2017 Q2",636,960
"3689",26151,"Sanilac",2017,"3","2017 Q3",658,954
"3690",26151,"Sanilac",2017,"4","2017 Q4",727,1064
"3691",26151,"Sanilac",2018,"1","2018 Q1",662,1085
"3692",26151,"Sanilac",2018,"2","2018 Q2",664,984
"3693",26151,"Sanilac",2018,"3","2018 Q3",677,983
"3694",26151,"Sanilac",2018,"4","2018 Q4",727,1077
"3695",26151,"Sanilac",2019,"1","2019 Q1",702,1082
"3696",26151,"Sanilac",2019,"2","2019 Q2",676,1008
"3697",26151,"Sanilac",2019,"3","2019 Q3",712,1011
"3698",26151,"Sanilac",2019,"4","2019 Q4",753,1115
"3699",26151,"Sanilac",2020,"1","2020 Q1",724,1107
"3700",26151,"Sanilac",2020,"2","2020 Q2",733,1109
"3701",26151,"Sanilac",2020,"3","2020 Q3",765,1090
"3702",26151,"Sanilac",2020,"4","2020 Q4",877,1265
"3703",26151,"Sanilac",2021,"1","2021 Q1",741,1162
"3704",26151,"Sanilac",2021,"2","2021 Q2",763,1137
"3705",26151,"Sanilac",2021,"3","2021 Q3",790,1147
"3706",26151,"Sanilac",2021,"4","2021 Q4",909,1300
"3707",26151,"Sanilac",2022,"1","2022 Q1",813,1236
"3708",26151,"Sanilac",2022,"2","2022 Q2",800,1178
"3709",26151,"Sanilac",2022,"3","2022 Q3",894,1228
"3710",26151,"Sanilac",2022,"4","2022 Q4",927,1280
"3711",26151,"Sanilac",2023,"1","2023 Q1",890,1317
"3712",26151,"Sanilac",2023,"2","2023 Q2",869,1218
"3713",26151,"Sanilac",2023,"3","2023 Q3",893,1221
"3714",26151,"Sanilac",2023,"4","2023 Q4",972,1323
"3715",26151,"Sanilac",2024,"1","2024 Q1",942,1362
"3716",26151,"Sanilac",2024,"2","2024 Q2",873,1265
"3717",26151,"Sanilac",2024,"3","2024 Q3",891,1259
"3718",26151,"Sanilac",2024,"4","2024 Q4",1000,1377
"3719",26151,"Sanilac",2025,"1","2025 Q1",935,1397
"3720",26151,"Sanilac",2025,"2","2025 Q2",910,1305
"3721",26151,"Sanilac",2025,"3","2025 Q3",926,1316
"3722",26151,"Sanilac",2025,"4","2025 Q4",1117,1433
"3723",26151,"Sanilac",2026,"1","2026 Q1",973,1457
"3724",26153,"Schoolcraft",2014,"1","2014 Q1",672,948
"3725",26153,"Schoolcraft",2014,"2","2014 Q2",655,886
"3726",26153,"Schoolcraft",2014,"3","2014 Q3",682,882
"3727",26153,"Schoolcraft",2014,"4","2014 Q4",756,984
"3728",26153,"Schoolcraft",2015,"1","2015 Q1",713,968
"3729",26153,"Schoolcraft",2015,"2","2015 Q2",674,908
"3730",26153,"Schoolcraft",2015,"3","2015 Q3",654,909
"3731",26153,"Schoolcraft",2015,"4","2015 Q4",718,1044
"3732",26153,"Schoolcraft",2016,"1","2016 Q1",631,977
"3733",26153,"Schoolcraft",2016,"2","2016 Q2",685,933
"3734",26153,"Schoolcraft",2016,"3","2016 Q3",696,965
"3735",26153,"Schoolcraft",2016,"4","2016 Q4",770,1026
"3736",26153,"Schoolcraft",2017,"1","2017 Q1",721,1048
"3737",26153,"Schoolcraft",2017,"2","2017 Q2",709,960
"3738",26153,"Schoolcraft",2017,"3","2017 Q3",703,954
"3739",26153,"Schoolcraft",2017,"4","2017 Q4",832,1064
"3740",26153,"Schoolcraft",2018,"1","2018 Q1",760,1085
"3741",26153,"Schoolcraft",2018,"2","2018 Q2",720,984
"3742",26153,"Schoolcraft",2018,"3","2018 Q3",722,983
"3743",26153,"Schoolcraft",2018,"4","2018 Q4",836,1077
"3744",26153,"Schoolcraft",2019,"1","2019 Q1",799,1082
"3745",26153,"Schoolcraft",2019,"2","2019 Q2",765,1008
"3746",26153,"Schoolcraft",2019,"3","2019 Q3",772,1011
"3747",26153,"Schoolcraft",2019,"4","2019 Q4",857,1115
"3748",26153,"Schoolcraft",2020,"1","2020 Q1",776,1107
"3749",26153,"Schoolcraft",2020,"2","2020 Q2",801,1109
"3750",26153,"Schoolcraft",2020,"3","2020 Q3",803,1090
"3751",26153,"Schoolcraft",2020,"4","2020 Q4",961,1265
"3752",26153,"Schoolcraft",2021,"1","2021 Q1",819,1162
"3753",26153,"Schoolcraft",2021,"2","2021 Q2",829,1137
"3754",26153,"Schoolcraft",2021,"3","2021 Q3",894,1147
"3755",26153,"Schoolcraft",2021,"4","2021 Q4",944,1300
"3756",26153,"Schoolcraft",2022,"1","2022 Q1",751,1236
"3757",26153,"Schoolcraft",2022,"2","2022 Q2",811,1178
"3758",26153,"Schoolcraft",2022,"3","2022 Q3",847,1228
"3759",26153,"Schoolcraft",2022,"4","2022 Q4",894,1280
"3760",26153,"Schoolcraft",2023,"1","2023 Q1",828,1317
"3761",26153,"Schoolcraft",2023,"2","2023 Q2",801,1218
"3762",26153,"Schoolcraft",2023,"3","2023 Q3",846,1221
"3763",26153,"Schoolcraft",2023,"4","2023 Q4",923,1323
"3764",26153,"Schoolcraft",2024,"1","2024 Q1",839,1362
"3765",26153,"Schoolcraft",2024,"2","2024 Q2",843,1265
"3766",26153,"Schoolcraft",2024,"3","2024 Q3",850,1259
"3767",26153,"Schoolcraft",2024,"4","2024 Q4",920,1377
"3768",26153,"Schoolcraft",2025,"1","2025 Q1",839,1397
"3769",26153,"Schoolcraft",2025,"2","2025 Q2",876,1305
"3770",26153,"Schoolcraft",2025,"3","2025 Q3",859,1316
"3771",26153,"Schoolcraft",2025,"4","2025 Q4",975,1433
"3772",26153,"Schoolcraft",2026,"1","2026 Q1",875,1457
"3773",26155,"Shiawassee",2014,"1","2014 Q1",608,948
"3774",26155,"Shiawassee",2014,"2","2014 Q2",607,886
"3775",26155,"Shiawassee",2014,"3","2014 Q3",632,882
"3776",26155,"Shiawassee",2014,"4","2014 Q4",726,984
"3777",26155,"Shiawassee",2015,"1","2015 Q1",630,968
"3778",26155,"Shiawassee",2015,"2","2015 Q2",630,908
"3779",26155,"Shiawassee",2015,"3","2015 Q3",656,909
"3780",26155,"Shiawassee",2015,"4","2015 Q4",726,1044
"3781",26155,"Shiawassee",2016,"1","2016 Q1",643,977
"3782",26155,"Shiawassee",2016,"2","2016 Q2",661,933
"3783",26155,"Shiawassee",2016,"3","2016 Q3",689,965
"3784",26155,"Shiawassee",2016,"4","2016 Q4",739,1026
"3785",26155,"Shiawassee",2017,"1","2017 Q1",714,1048
"3786",26155,"Shiawassee",2017,"2","2017 Q2",714,960
"3787",26155,"Shiawassee",2017,"3","2017 Q3",692,954
"3788",26155,"Shiawassee",2017,"4","2017 Q4",777,1064
"3789",26155,"Shiawassee",2018,"1","2018 Q1",729,1085
"3790",26155,"Shiawassee",2018,"2","2018 Q2",755,984
"3791",26155,"Shiawassee",2018,"3","2018 Q3",740,983
"3792",26155,"Shiawassee",2018,"4","2018 Q4",831,1077
"3793",26155,"Shiawassee",2019,"1","2019 Q1",746,1082
"3794",26155,"Shiawassee",2019,"2","2019 Q2",769,1008
"3795",26155,"Shiawassee",2019,"3","2019 Q3",757,1011
"3796",26155,"Shiawassee",2019,"4","2019 Q4",841,1115
"3797",26155,"Shiawassee",2020,"1","2020 Q1",792,1107
"3798",26155,"Shiawassee",2020,"2","2020 Q2",832,1109
"3799",26155,"Shiawassee",2020,"3","2020 Q3",834,1090
"3800",26155,"Shiawassee",2020,"4","2020 Q4",961,1265
"3801",26155,"Shiawassee",2021,"1","2021 Q1",837,1162
"3802",26155,"Shiawassee",2021,"2","2021 Q2",897,1137
"3803",26155,"Shiawassee",2021,"3","2021 Q3",881,1147
"3804",26155,"Shiawassee",2021,"4","2021 Q4",1007,1300
"3805",26155,"Shiawassee",2022,"1","2022 Q1",901,1236
"3806",26155,"Shiawassee",2022,"2","2022 Q2",915,1178
"3807",26155,"Shiawassee",2022,"3","2022 Q3",965,1228
"3808",26155,"Shiawassee",2022,"4","2022 Q4",970,1280
"3809",26155,"Shiawassee",2023,"1","2023 Q1",982,1317
"3810",26155,"Shiawassee",2023,"2","2023 Q2",943,1218
"3811",26155,"Shiawassee",2023,"3","2023 Q3",973,1221
"3812",26155,"Shiawassee",2023,"4","2023 Q4",1015,1323
"3813",26155,"Shiawassee",2024,"1","2024 Q1",1023,1362
"3814",26155,"Shiawassee",2024,"2","2024 Q2",942,1265
"3815",26155,"Shiawassee",2024,"3","2024 Q3",992,1259
"3816",26155,"Shiawassee",2024,"4","2024 Q4",1037,1377
"3817",26155,"Shiawassee",2025,"1","2025 Q1",1079,1397
"3818",26155,"Shiawassee",2025,"2","2025 Q2",1009,1305
"3819",26155,"Shiawassee",2025,"3","2025 Q3",1047,1316
"3820",26155,"Shiawassee",2025,"4","2025 Q4",1116,1433
"3821",26155,"Shiawassee",2026,"1","2026 Q1",1013,1457
"3822",26147,"St. Clair",2014,"1","2014 Q1",777,948
"3823",26147,"St. Clair",2014,"2","2014 Q2",725,886
"3824",26147,"St. Clair",2014,"3","2014 Q3",732,882
"3825",26147,"St. Clair",2014,"4","2014 Q4",808,984
"3826",26147,"St. Clair",2015,"1","2015 Q1",775,968
"3827",26147,"St. Clair",2015,"2","2015 Q2",753,908
"3828",26147,"St. Clair",2015,"3","2015 Q3",759,909
"3829",26147,"St. Clair",2015,"4","2015 Q4",854,1044
"3830",26147,"St. Clair",2016,"1","2016 Q1",783,977
"3831",26147,"St. Clair",2016,"2","2016 Q2",759,933
"3832",26147,"St. Clair",2016,"3","2016 Q3",844,965
"3833",26147,"St. Clair",2016,"4","2016 Q4",828,1026
"3834",26147,"St. Clair",2017,"1","2017 Q1",839,1048
"3835",26147,"St. Clair",2017,"2","2017 Q2",793,960
"3836",26147,"St. Clair",2017,"3","2017 Q3",786,954
"3837",26147,"St. Clair",2017,"4","2017 Q4",860,1064
"3838",26147,"St. Clair",2018,"1","2018 Q1",851,1085
"3839",26147,"St. Clair",2018,"2","2018 Q2",820,984
"3840",26147,"St. Clair",2018,"3","2018 Q3",807,983
"3841",26147,"St. Clair",2018,"4","2018 Q4",900,1077
"3842",26147,"St. Clair",2019,"1","2019 Q1",863,1082
"3843",26147,"St. Clair",2019,"2","2019 Q2",831,1008
"3844",26147,"St. Clair",2019,"3","2019 Q3",832,1011
"3845",26147,"St. Clair",2019,"4","2019 Q4",926,1115
"3846",26147,"St. Clair",2020,"1","2020 Q1",893,1107
"3847",26147,"St. Clair",2020,"2","2020 Q2",949,1109
"3848",26147,"St. Clair",2020,"3","2020 Q3",954,1090
"3849",26147,"St. Clair",2020,"4","2020 Q4",1092,1265
"3850",26147,"St. Clair",2021,"1","2021 Q1",1002,1162
"3851",26147,"St. Clair",2021,"2","2021 Q2",974,1137
"3852",26147,"St. Clair",2021,"3","2021 Q3",990,1147
"3853",26147,"St. Clair",2021,"4","2021 Q4",1090,1300
"3854",26147,"St. Clair",2022,"1","2022 Q1",1004,1236
"3855",26147,"St. Clair",2022,"2","2022 Q2",977,1178
"3856",26147,"St. Clair",2022,"3","2022 Q3",998,1228
"3857",26147,"St. Clair",2022,"4","2022 Q4",1063,1280
"3858",26147,"St. Clair",2023,"1","2023 Q1",1048,1317
"3859",26147,"St. Clair",2023,"2","2023 Q2",997,1218
"3860",26147,"St. Clair",2023,"3","2023 Q3",992,1221
"3861",26147,"St. Clair",2023,"4","2023 Q4",1054,1323
"3862",26147,"St. Clair",2024,"1","2024 Q1",1056,1362
"3863",26147,"St. Clair",2024,"2","2024 Q2",1016,1265
"3864",26147,"St. Clair",2024,"3","2024 Q3",1026,1259
"3865",26147,"St. Clair",2024,"4","2024 Q4",1100,1377
"3866",26147,"St. Clair",2025,"1","2025 Q1",1079,1397
"3867",26147,"St. Clair",2025,"2","2025 Q2",1038,1305
"3868",26147,"St. Clair",2025,"3","2025 Q3",1085,1316
"3869",26147,"St. Clair",2026,"1","2026 Q1",1116,1457
"3870",26157,"Tuscola",2014,"1","2014 Q1",645,948
"3871",26157,"Tuscola",2014,"2","2014 Q2",614,886
"3872",26157,"Tuscola",2014,"3","2014 Q3",641,882
"3873",26157,"Tuscola",2014,"4","2014 Q4",734,984
"3874",26157,"Tuscola",2015,"1","2015 Q1",650,968
"3875",26157,"Tuscola",2015,"2","2015 Q2",657,908
"3876",26157,"Tuscola",2015,"3","2015 Q3",672,909
"3877",26157,"Tuscola",2015,"4","2015 Q4",799,1044
"3878",26157,"Tuscola",2016,"1","2016 Q1",661,977
"3879",26157,"Tuscola",2016,"2","2016 Q2",680,933
"3880",26157,"Tuscola",2016,"3","2016 Q3",696,965
"3881",26157,"Tuscola",2016,"4","2016 Q4",775,1026
"3882",26157,"Tuscola",2017,"1","2017 Q1",697,1048
"3883",26157,"Tuscola",2017,"2","2017 Q2",688,960
"3884",26157,"Tuscola",2017,"3","2017 Q3",682,954
"3885",26157,"Tuscola",2017,"4","2017 Q4",807,1064
"3886",26157,"Tuscola",2018,"1","2018 Q1",725,1085
"3887",26157,"Tuscola",2018,"2","2018 Q2",727,984
"3888",26157,"Tuscola",2018,"3","2018 Q3",731,983
"3889",26157,"Tuscola",2018,"4","2018 Q4",833,1077
"3890",26157,"Tuscola",2019,"1","2019 Q1",737,1082
"3891",26157,"Tuscola",2019,"2","2019 Q2",732,1008
"3892",26157,"Tuscola",2019,"3","2019 Q3",732,1011
"3893",26157,"Tuscola",2019,"4","2019 Q4",836,1115
"3894",26157,"Tuscola",2020,"1","2020 Q1",746,1107
"3895",26157,"Tuscola",2020,"2","2020 Q2",775,1109
"3896",26157,"Tuscola",2020,"3","2020 Q3",787,1090
"3897",26157,"Tuscola",2020,"4","2020 Q4",954,1265
"3898",26157,"Tuscola",2021,"1","2021 Q1",754,1162
"3899",26157,"Tuscola",2021,"2","2021 Q2",795,1137
"3900",26157,"Tuscola",2021,"3","2021 Q3",826,1147
"3901",26157,"Tuscola",2021,"4","2021 Q4",954,1300
"3902",26157,"Tuscola",2022,"1","2022 Q1",824,1236
"3903",26157,"Tuscola",2022,"2","2022 Q2",810,1178
"3904",26157,"Tuscola",2022,"3","2022 Q3",868,1228
"3905",26157,"Tuscola",2022,"4","2022 Q4",945,1280
"3906",26157,"Tuscola",2023,"1","2023 Q1",874,1317
"3907",26157,"Tuscola",2023,"2","2023 Q2",849,1218
"3908",26157,"Tuscola",2023,"3","2023 Q3",865,1221
"3909",26157,"Tuscola",2023,"4","2023 Q4",990,1323
"3910",26157,"Tuscola",2024,"1","2024 Q1",957,1362
"3911",26157,"Tuscola",2024,"2","2024 Q2",891,1265
"3912",26157,"Tuscola",2024,"3","2024 Q3",930,1259
"3913",26157,"Tuscola",2024,"4","2024 Q4",1069,1377
"3914",26157,"Tuscola",2025,"1","2025 Q1",942,1397
"3915",26157,"Tuscola",2025,"2","2025 Q2",931,1305
"3916",26157,"Tuscola",2025,"3","2025 Q3",959,1316
"3917",26157,"Tuscola",2025,"4","2025 Q4",1069,1433
"3918",26157,"Tuscola",2026,"1","2026 Q1",955,1457
"3919",26161,"Washtenaw",2014,"1","2014 Q1",984,948
"3920",26161,"Washtenaw",2014,"2","2014 Q2",935,886
"3921",26161,"Washtenaw",2014,"3","2014 Q3",954,882
"3922",26161,"Washtenaw",2014,"4","2014 Q4",1054,984
"3923",26161,"Washtenaw",2015,"1","2015 Q1",1006,968
"3924",26161,"Washtenaw",2015,"2","2015 Q2",976,908
"3925",26161,"Washtenaw",2015,"3","2015 Q3",975,909
"3926",26161,"Washtenaw",2015,"4","2015 Q4",1093,1044
"3927",26161,"Washtenaw",2016,"1","2016 Q1",1019,977
"3928",26161,"Washtenaw",2016,"2","2016 Q2",1018,933
"3929",26161,"Washtenaw",2016,"3","2016 Q3",1030,965
"3930",26161,"Washtenaw",2016,"4","2016 Q4",1086,1026
"3931",26161,"Washtenaw",2017,"1","2017 Q1",1083,1048
"3932",26161,"Washtenaw",2017,"2","2017 Q2",1053,960
"3933",26161,"Washtenaw",2017,"3","2017 Q3",1016,954
"3934",26161,"Washtenaw",2017,"4","2017 Q4",1122,1064
"3935",26161,"Washtenaw",2018,"1","2018 Q1",1122,1085
"3936",26161,"Washtenaw",2018,"2","2018 Q2",1076,984
"3937",26161,"Washtenaw",2018,"3","2018 Q3",1071,983
"3938",26161,"Washtenaw",2018,"4","2018 Q4",1157,1077
"3939",26161,"Washtenaw",2019,"1","2019 Q1",1137,1082
"3940",26161,"Washtenaw",2019,"2","2019 Q2",1111,1008
"3941",26161,"Washtenaw",2019,"3","2019 Q3",1086,1011
"3942",26161,"Washtenaw",2019,"4","2019 Q4",1188,1115
"3943",26161,"Washtenaw",2020,"1","2020 Q1",1166,1107
"3944",26161,"Washtenaw",2020,"2","2020 Q2",1223,1109
"3945",26161,"Washtenaw",2020,"3","2020 Q3",1195,1090
"3946",26161,"Washtenaw",2020,"4","2020 Q4",1399,1265
"3947",26161,"Washtenaw",2021,"1","2021 Q1",1261,1162
"3948",26161,"Washtenaw",2021,"2","2021 Q2",1242,1137
"3949",26161,"Washtenaw",2021,"3","2021 Q3",1252,1147
"3950",26161,"Washtenaw",2021,"4","2021 Q4",1396,1300
"3951",26161,"Washtenaw",2022,"1","2022 Q1",1296,1236
"3952",26161,"Washtenaw",2022,"2","2022 Q2",1279,1178
"3953",26161,"Washtenaw",2022,"3","2022 Q3",1296,1228
"3954",26161,"Washtenaw",2022,"4","2022 Q4",1311,1280
"3955",26161,"Washtenaw",2023,"1","2023 Q1",1356,1317
"3956",26161,"Washtenaw",2023,"2","2023 Q2",1288,1218
"3957",26161,"Washtenaw",2023,"3","2023 Q3",1298,1221
"3958",26161,"Washtenaw",2023,"4","2023 Q4",1368,1323
"3959",26161,"Washtenaw",2024,"1","2024 Q1",1416,1362
"3960",26161,"Washtenaw",2024,"2","2024 Q2",1351,1265
"3961",26161,"Washtenaw",2024,"3","2024 Q3",1346,1259
"3962",26161,"Washtenaw",2024,"4","2024 Q4",1454,1377
"3963",26161,"Washtenaw",2025,"1","2025 Q1",1431,1397
"3964",26161,"Washtenaw",2025,"2","2025 Q2",1386,1305
"3965",26161,"Washtenaw",2025,"3","2025 Q3",1381,1316
"3966",26161,"Washtenaw",2025,"4","2025 Q4",1500,1433
"3967",26161,"Washtenaw",2026,"1","2026 Q1",1492,1457
"3968",26163,"Wayne",2014,"1","2014 Q1",1127,948
"3969",26163,"Wayne",2014,"2","2014 Q2",1025,886
"3970",26163,"Wayne",2014,"3","2014 Q3",1016,882
"3971",26163,"Wayne",2014,"4","2014 Q4",1120,984
"3972",26163,"Wayne",2015,"1","2015 Q1",1145,968
"3973",26163,"Wayne",2015,"2","2015 Q2",1056,908
"3974",26163,"Wayne",2015,"3","2015 Q3",1053,909
"3975",26163,"Wayne",2015,"4","2015 Q4",1215,1044
"3976",26163,"Wayne",2016,"1","2016 Q1",1166,977
"3977",26163,"Wayne",2016,"2","2016 Q2",1080,933
"3978",26163,"Wayne",2016,"3","2016 Q3",1113,965
"3979",26163,"Wayne",2016,"4","2016 Q4",1186,1026
"3980",26163,"Wayne",2017,"1","2017 Q1",1238,1048
"3981",26163,"Wayne",2017,"2","2017 Q2",1105,960
"3982",26163,"Wayne",2017,"3","2017 Q3",1089,954
"3983",26163,"Wayne",2017,"4","2017 Q4",1211,1064
"3984",26163,"Wayne",2018,"1","2018 Q1",1285,1085
"3985",26163,"Wayne",2018,"2","2018 Q2",1112,984
"3986",26163,"Wayne",2018,"3","2018 Q3",1109,983
"3987",26163,"Wayne",2018,"4","2018 Q4",1213,1077
"3988",26163,"Wayne",2019,"1","2019 Q1",1270,1082
"3989",26163,"Wayne",2019,"2","2019 Q2",1139,1008
"3990",26163,"Wayne",2019,"3","2019 Q3",1147,1011
"3991",26163,"Wayne",2019,"4","2019 Q4",1266,1115
"3992",26163,"Wayne",2020,"1","2020 Q1",1295,1107
"3993",26163,"Wayne",2020,"2","2020 Q2",1288,1109
"3994",26163,"Wayne",2020,"3","2020 Q3",1241,1090
"3995",26163,"Wayne",2020,"4","2020 Q4",1400,1265
"3996",26163,"Wayne",2021,"1","2021 Q1",1311,1162
"3997",26163,"Wayne",2021,"2","2021 Q2",1254,1137
"3998",26163,"Wayne",2021,"3","2021 Q3",1279,1147
"3999",26163,"Wayne",2021,"4","2021 Q4",1434,1300
"4000",26163,"Wayne",2022,"1","2022 Q1",1405,1236
"4001",26163,"Wayne",2022,"2","2022 Q2",1317,1178
"4002",26163,"Wayne",2022,"3","2022 Q3",1387,1228
"4003",26163,"Wayne",2022,"4","2022 Q4",1397,1280
"4004",26163,"Wayne",2023,"1","2023 Q1",1527,1317
"4005",26163,"Wayne",2023,"2","2023 Q2",1353,1218
"4006",26163,"Wayne",2023,"3","2023 Q3",1362,1221
"4007",26163,"Wayne",2023,"4","2023 Q4",1462,1323
"4008",26163,"Wayne",2024,"1","2024 Q1",1565,1362
"4009",26163,"Wayne",2024,"2","2024 Q2",1421,1265
"4010",26163,"Wayne",2024,"3","2024 Q3",1398,1259
"4011",26163,"Wayne",2024,"4","2024 Q4",1507,1377
"4012",26163,"Wayne",2025,"1","2025 Q1",1606,1397
"4013",26163,"Wayne",2025,"2","2025 Q2",1458,1305
"4014",26163,"Wayne",2025,"3","2025 Q3",1482,1316
"4015",26163,"Wayne",2025,"4","2025 Q4",1569,1433
"4016",26163,"Wayne",2026,"1","2026 Q1",1704,1457
"4017",26165,"Wexford",2014,"1","2014 Q1",650,948
"4018",26165,"Wexford",2014,"2","2014 Q2",652,886
"4019",26165,"Wexford",2014,"3","2014 Q3",658,882
"4020",26165,"Wexford",2014,"4","2014 Q4",751,984
"4021",26165,"Wexford",2015,"1","2015 Q1",686,968
"4022",26165,"Wexford",2015,"2","2015 Q2",685,908
"4023",26165,"Wexford",2015,"3","2015 Q3",643,909
"4024",26165,"Wexford",2015,"4","2015 Q4",752,1044
"4025",26165,"Wexford",2016,"1","2016 Q1",673,977
"4026",26165,"Wexford",2016,"2","2016 Q2",671,933
"4027",26165,"Wexford",2016,"3","2016 Q3",698,965
"4028",26165,"Wexford",2016,"4","2016 Q4",728,1026
"4029",26165,"Wexford",2017,"1","2017 Q1",746,1048
"4030",26165,"Wexford",2017,"2","2017 Q2",701,960
"4031",26165,"Wexford",2017,"3","2017 Q3",710,954
"4032",26165,"Wexford",2017,"4","2017 Q4",784,1064
"4033",26165,"Wexford",2018,"1","2018 Q1",751,1085
"4034",26165,"Wexford",2018,"2","2018 Q2",723,984
"4035",26165,"Wexford",2018,"3","2018 Q3",759,983
"4036",26165,"Wexford",2018,"4","2018 Q4",800,1077
"4037",26165,"Wexford",2019,"1","2019 Q1",755,1082
"4038",26165,"Wexford",2019,"2","2019 Q2",739,1008
"4039",26165,"Wexford",2019,"3","2019 Q3",774,1011
"4040",26165,"Wexford",2019,"4","2019 Q4",784,1115
"4041",26165,"Wexford",2020,"1","2020 Q1",775,1107
"4042",26165,"Wexford",2020,"2","2020 Q2",779,1109
"4043",26165,"Wexford",2020,"3","2020 Q3",823,1090
"4044",26165,"Wexford",2020,"4","2020 Q4",932,1265
"4045",26165,"Wexford",2021,"1","2021 Q1",797,1162
"4046",26165,"Wexford",2021,"2","2021 Q2",801,1137
"4047",26165,"Wexford",2021,"3","2021 Q3",863,1147
"4048",26165,"Wexford",2021,"4","2021 Q4",932,1300
"4049",26165,"Wexford",2022,"1","2022 Q1",814,1236
"4050",26165,"Wexford",2022,"2","2022 Q2",833,1178
"4051",26165,"Wexford",2022,"3","2022 Q3",925,1228
"4052",26165,"Wexford",2022,"4","2022 Q4",957,1280
"4053",26165,"Wexford",2023,"1","2023 Q1",912,1317
"4054",26165,"Wexford",2023,"2","2023 Q2",906,1218
"4055",26165,"Wexford",2023,"3","2023 Q3",873,1221
"4056",26165,"Wexford",2023,"4","2023 Q4",976,1323
"4057",26165,"Wexford",2024,"1","2024 Q1",1015,1362
"4058",26165,"Wexford",2024,"2","2024 Q2",963,1265
"4059",26165,"Wexford",2024,"3","2024 Q3",935,1259
"4060",26165,"Wexford",2024,"4","2024 Q4",1005,1377
"4061",26165,"Wexford",2025,"1","2025 Q1",1052,1397
"4062",26165,"Wexford",2025,"2","2025 Q2",977,1305
"4063",26165,"Wexford",2025,"3","2025 Q3",994,1316
"4064",26165,"Wexford",2025,"4","2025 Q4",1089,1433
"4065",26165,"Wexford",2026,"1","2026 Q1",1076,1457
