"","year","period","county_fips","county","footnotes","employment","labor_force","unemployment","unemployment_rate","MI_unemployment_rate","MI_employment_population_ratio","MI_labor_force_participation_rate","AGE16PLUS_TOT","period_date","period_txt","LFPR","EPOP"
"1",2025,"Jul-25","077","Kalamazoo","",131897,139396,7499,5.4,5.7,58.3,61.9,215483,2025-07-01,"Jul-25",64.6900219506875,61.2099330341605
"2",2025,"Jul-25","021","Berrien","",73469,77906,4437,5.7,5.7,58.3,61.9,125530,2025-07-01,"Jul-25",62.0616585676731,58.5270453278101
"3",2025,"Jul-25","023","Branch","",21805,22982,1177,5.1,5.7,58.3,61.9,36500,2025-07-01,"Jul-25",62.9643835616438,59.7397260273973
"4",2025,"Jul-25","025","Calhoun","",60817,65177,4360,6.7,5.7,58.3,61.9,108159,2025-07-01,"Jul-25",60.2603574367367,56.2292550781719
"5",2025,"Jul-25","027","Cass","",22925,24380,1455,6,5.7,58.3,61.9,42709,2025-07-01,"Jul-25",57.0839869816666,53.6772108923178
"6",2025,"Jul-25","149","St. Joseph","",27181,29138,1957,6.7,5.7,58.3,61.9,48445,2025-07-01,"Jul-25",60.1465579523171,56.1069253792961
"7",2025,"Jul-25","159","Van Buren","",36017,38161,2144,5.6,5.7,58.3,61.9,61380,2025-07-01,"Jul-25",62.1717171717172,58.6787227109808
"8",2025,"Jul-25","001","Alcona","",3381,3698,317,8.6,5.7,58.3,61.9,9319,2025-07-01,"Jul-25",39.6823693529349,36.2807168151089
"9",2025,"Jul-25","003","Alger","",3529,3783,254,6.7,5.7,58.3,61.9,7540,2025-07-01,"Jul-25",50.1724137931034,46.8037135278515
"10",2025,"Jul-25","005","Allegan","",63126,66326,3200,4.8,5.7,58.3,61.9,99560,2025-07-01,"Jul-25",66.6191241462435,63.40498192045
"11",2025,"Jul-25","007","Alpena","",12823,13657,834,6.1,5.7,58.3,61.9,24206,2025-07-01,"Jul-25",56.4198958935801,52.9744691398827
"12",2025,"Jul-25","009","Antrim","",11588,12248,660,5.4,5.7,58.3,61.9,21177,2025-07-01,"Jul-25",57.836331869481,54.7197431175332
"13",2025,"Jul-25","011","Arenac","",6553,7033,480,6.8,5.7,58.3,61.9,12745,2025-07-01,"Jul-25",55.1824244801883,51.4162416633974
"14",2025,"Jul-25","013","Baraga","",3072,3322,250,7.5,5.7,58.3,61.9,6867,2025-07-01,"Jul-25",48.3762924129897,44.7356924421145
"15",2025,"Jul-25","015","Barry","",29573,31277,1704,5.4,5.7,58.3,61.9,52474,2025-07-01,"Jul-25",59.6047566413843,56.3574341578687
"16",2025,"Jul-25","017","Bay","",47595,50827,3232,6.4,5.7,58.3,61.9,85645,2025-07-01,"Jul-25",59.3461381283204,55.5724210403409
"17",2025,"Jul-25","019","Benzie","",9224,9696,472,4.9,5.7,58.3,61.9,15903,2025-07-01,"Jul-25",60.9696283720053,58.0016349116519
"18",2025,"Jul-25","029","Charlevoix","",14292,14958,666,4.5,5.7,58.3,61.9,22173,2025-07-01,"Jul-25",67.4604248410229,64.456771749425
"19",2025,"Jul-25","031","Cheboygan","",11769,12438,669,5.4,5.7,58.3,61.9,22353,2025-07-01,"Jul-25",55.6435377801637,52.6506509193397
"20",2025,"Jul-25","033","Chippewa","",16841,18013,1172,6.5,5.7,58.3,61.9,30527,2025-07-01,"Jul-25",59.0067808824975,55.1675565892489
"21",2025,"Jul-25","035","Clare","",11392,12346,954,7.7,5.7,58.3,61.9,26277,2025-07-01,"Jul-25",46.9840544963276,43.3535030635156
"22",2025,"Jul-25","037","Clinton","",39833,41943,2110,5,5.7,58.3,61.9,65958,2025-07-01,"Jul-25",63.5904666606022,60.3914612329058
"23",2025,"Jul-25","039","Crawford","",5554,5970,416,7,5.7,58.3,61.9,11609,2025-07-01,"Jul-25",51.4256180549574,47.8421914032216
"24",2025,"Jul-25","041","Delta","",16315,17498,1183,6.8,5.7,58.3,61.9,30779,2025-07-01,"Jul-25",56.8504499821307,53.0069203028039
"25",2025,"Jul-25","043","Dickinson","",12066,12793,727,5.7,5.7,58.3,61.9,21523,2025-07-01,"Jul-25",59.4387399526088,56.0609580448822
"26",2025,"Jul-25","045","Eaton","",53528,56917,3389,6,5.7,58.3,61.9,90126,2025-07-01,"Jul-25",63.1526973348423,59.3924061868939
"27",2025,"Jul-25","047","Emmet","",18623,19629,1006,5.1,5.7,58.3,61.9,28879,2025-07-01,"Jul-25",67.9698050486513,64.4863049274559
"28",2025,"Jul-25","049","Genesee","",178932,192758,13826,7.2,5.7,58.3,61.9,327211,2025-07-01,"Jul-25",58.9093887430435,54.6839806730214
"29",2025,"Jul-25","051","Gladwin","",9928,10681,753,7,5.7,58.3,61.9,21734,2025-07-01,"Jul-25",49.1441980307353,45.6795803809699
"30",2025,"Jul-25","053","Gogebic","",5436,5833,397,6.8,5.7,58.3,61.9,12303,2025-07-01,"Jul-25",47.4112005201983,44.1843452816386
"31",2025,"Jul-25","055","Grand Traverse","",55215,57543,2328,4,5.7,58.3,61.9,81129,2025-07-01,"Jul-25",70.9277816810265,68.0582775579632
"32",2025,"Jul-25","057","Gratiot","",16646,17761,1115,6.3,5.7,58.3,61.9,36741,2025-07-01,"Jul-25",48.341090335048,45.3063335238562
"33",2025,"Jul-25","059","Hillsdale","",20725,22049,1324,6,5.7,58.3,61.9,37096,2025-07-01,"Jul-25",59.4376752210481,55.8685572568471
"34",2025,"Jul-25","061","Houghton","",16168,17239,1071,6.2,5.7,58.3,61.9,31496,2025-07-01,"Jul-25",54.7339344678689,51.3335026670053
"35",2025,"Jul-25","063","Huron","",13947,14963,1016,6.8,5.7,58.3,61.9,25621,2025-07-01,"Jul-25",58.4013114242223,54.4358143710238
"36",2025,"Jul-25","065","Ingham","",142449,151764,9315,6.1,5.7,58.3,61.9,241307,2025-07-01,"Jul-25",62.8924979383109,59.0322700957701
"37",2025,"Jul-25","067","Ionia","",30780,32573,1793,5.5,5.7,58.3,61.9,54744,2025-07-01,"Jul-25",59.5005845389449,56.2253397632617
"38",2025,"Jul-25","069","Iosco","",9424,10213,789,7.7,5.7,58.3,61.9,21454,2025-07-01,"Jul-25",47.6041763773655,43.9265405052671
"39",2025,"Jul-25","071","Iron","",4244,4577,333,7.3,5.7,58.3,61.9,10110,2025-07-01,"Jul-25",45.2720079129575,41.9782393669634
"40",2025,"Jul-25","073","Isabella","",29677,31594,1917,6.1,5.7,58.3,61.9,54067,2025-07-01,"Jul-25",58.4349048402907,54.8893040116892
"41",2025,"Jul-25","075","Jackson","",69834,74245,4411,5.9,5.7,58.3,61.9,131438,2025-07-01,"Jul-25",56.4867085622118,53.1307536633241
"42",2025,"Jul-25","079","Kalkaska","",8994,9535,541,5.7,5.7,58.3,61.9,15621,2025-07-01,"Jul-25",61.0396261442929,57.576339542923
"43",2025,"Jul-25","081","Kent","",347131,365508,18377,5,5.7,58.3,61.9,541138,2025-07-01,"Jul-25",67.5443232595013,64.1483318488075
"44",2025,"Jul-25","083","Keweenaw","",917,976,59,6,5.7,58.3,61.9,1890,2025-07-01,"Jul-25",51.6402116402116,48.5185185185185
"45",2025,"Jul-25","085","Lake","",4459,4830,371,7.7,5.7,58.3,61.9,11463,2025-07-01,"Jul-25",42.1355666056006,38.899066561982
"46",2025,"Jul-25","087","Lapeer","",40843,43111,2268,5.3,5.7,58.3,61.9,74376,2025-07-01,"Jul-25",57.9635904055071,54.9142196407443
"47",2025,"Jul-25","089","Leelanau","",11321,11857,536,4.5,5.7,58.3,61.9,19994,2025-07-01,"Jul-25",59.3027908372512,56.6219865959788
"48",2025,"Jul-25","091","Lenawee","",46432,49303,2871,5.8,5.7,58.3,61.9,80928,2025-07-01,"Jul-25",60.9220541716093,57.3744563068406
"49",2025,"Jul-25","093","Livingston","",97769,101930,4161,4.1,5.7,58.3,61.9,163617,2025-07-01,"Jul-25",62.2979274769737,59.7547932060849
"50",2025,"Jul-25","095","Luce","",2205,2373,168,7.1,5.7,58.3,61.9,5497,2025-07-01,"Jul-25",43.1690012734219,40.1127887938876
"51",2025,"Jul-25","097","Mackinac","",6099,6356,257,4,5.7,58.3,61.9,9749,2025-07-01,"Jul-25",65.1964304031183,62.560262591035
"52",2025,"Jul-25","099","Macomb","",427436,452799,25363,5.6,5.7,58.3,61.9,732245,2025-07-01,"Jul-25",61.8370900449986,58.3733586436234
"53",2025,"Jul-25","101","Manistee","",10991,11704,713,6.1,5.7,58.3,61.9,22090,2025-07-01,"Jul-25",52.9832503395201,49.7555454956994
"54",2025,"Jul-25","103","Marquette","",31717,33672,1955,5.8,5.7,58.3,61.9,58013,2025-07-01,"Jul-25",58.0421629634737,54.6722286384086
"55",2025,"Jul-25","105","Mason","",12835,13653,818,6,5.7,58.3,61.9,24539,2025-07-01,"Jul-25",55.6379640572151,52.3044948856922
"56",2025,"Jul-25","107","Mecosta","",15794,17060,1266,7.4,5.7,58.3,61.9,35271,2025-07-01,"Jul-25",48.3683479345638,44.7789969096425
"57",2025,"Jul-25","109","Menominee","",10791,11376,585,5.1,5.7,58.3,61.9,19574,2025-07-01,"Jul-25",58.1179115152754,55.1292530908348
"58",2025,"Jul-25","111","Midland","",40728,42987,2259,5.3,5.7,58.3,61.9,68628,2025-07-01,"Jul-25",62.6376988984088,59.3460395173981
"59",2025,"Jul-25","113","Missaukee","",6995,7413,418,5.6,5.7,58.3,61.9,12407,2025-07-01,"Jul-25",59.748529056178,56.3794632062545
"60",2025,"Jul-25","115","Monroe","",73035,77714,4679,6,5.7,58.3,61.9,128630,2025-07-01,"Jul-25",60.4166990593174,56.7791339500894
"61",2025,"Jul-25","117","Montcalm","",30343,32210,1867,5.8,5.7,58.3,61.9,57326,2025-07-01,"Jul-25",56.187419321076,52.9306074032725
"62",2025,"Jul-25","119","Montmorency","",3725,4004,279,7,5.7,58.3,61.9,8583,2025-07-01,"Jul-25",46.650355353606,43.3997436793662
"63",2025,"Jul-25","121","Muskegon","",82005,87499,5494,6.3,5.7,58.3,61.9,144549,2025-07-01,"Jul-25",60.5324146137296,56.7316273374427
"64",2025,"Jul-25","123","Newaygo","",22029,23440,1411,6,5.7,58.3,61.9,41980,2025-07-01,"Jul-25",55.8361124344926,52.4749880895665
"65",2025,"Jul-25","125","Oakland","",659544,690400,30856,4.5,5.7,58.3,61.9,1068897,2025-07-01,"Jul-25",64.5899464588262,61.7032323975088
"66",2025,"Jul-25","127","Oceana","",12446,13341,895,6.7,5.7,58.3,61.9,22335,2025-07-01,"Jul-25",59.7313633310947,55.7241996865905
"67",2025,"Jul-25","129","Ogemaw","",7457,8148,691,8.5,5.7,58.3,61.9,17839,2025-07-01,"Jul-25",45.6752060093055,41.8016704972252
"68",2025,"Jul-25","131","Ontonagon","",2257,2446,189,7.7,5.7,58.3,61.9,5218,2025-07-01,"Jul-25",46.876197776926,43.2541203526255
"69",2025,"Jul-25","133","Osceola","",9420,10159,739,7.3,5.7,58.3,61.9,18954,2025-07-01,"Jul-25",53.5981850796666,49.6992719214941
"70",2025,"Jul-25","135","Oscoda","",2421,2701,280,10.4,5.7,58.3,61.9,7227,2025-07-01,"Jul-25",37.3737373737374,33.4993773349938
"71",2025,"Jul-25","137","Otsego","",12214,12962,748,5.8,5.7,58.3,61.9,21586,2025-07-01,"Jul-25",60.0481793755212,56.5829704438062
"72",2025,"Jul-25","139","Ottawa","",157410,165265,7855,4.8,5.7,58.3,61.9,249773,2025-07-01,"Jul-25",66.16607879955,63.0212232707298
"73",2025,"Jul-25","141","Presque Isle","",4623,5026,403,8,5.7,58.3,61.9,11433,2025-07-01,"Jul-25",43.9604653196886,40.4355812122802
"74",2025,"Jul-25","143","Roscommon","",8782,9607,825,8.6,5.7,58.3,61.9,21048,2025-07-01,"Jul-25",45.6432915241353,41.7236792094261
"75",2025,"Jul-25","145","Saginaw","",80457,86415,5958,6.9,5.7,58.3,61.9,156196,2025-07-01,"Jul-25",55.3247202233092,51.5102819534431
"76",2025,"Jul-25","151","Sanilac","",18128,19533,1405,7.2,5.7,58.3,61.9,33009,2025-07-01,"Jul-25",59.1747705171317,54.9183555999879
"77",2025,"Jul-25","153","Schoolcraft","",3423,3691,268,7.3,5.7,58.3,61.9,7002,2025-07-01,"Jul-25",52.7135104255927,48.8860325621251
"78",2025,"Jul-25","155","Shiawassee","",32382,34463,2081,6,5.7,58.3,61.9,55733,2025-07-01,"Jul-25",61.8358961477042,58.1020221412807
"79",2025,"Jul-25","147","St. Clair","",73429,77758,4329,5.6,5.7,58.3,61.9,133593,2025-07-01,"Jul-25",58.2051454791793,54.9647062346081
"80",2025,"Jul-25","157","Tuscola","",23469,25173,1704,6.8,5.7,58.3,61.9,43640,2025-07-01,"Jul-25",57.6833180568286,53.7786434463795
"81",2025,"Jul-25","161","Washtenaw","",198048,208272,10224,4.9,5.7,58.3,61.9,314697,2025-07-01,"Jul-25",66.1817557841352,62.9329164243701
"82",2025,"Jul-25","163","Wayne","",770456,826864,56408,6.8,5.7,58.3,61.9,1416060,2025-07-01,"Jul-25",58.3918760504498,54.4084290213692
"83",2025,"Jul-25","165","Wexford","",14862,15883,1021,6.4,5.7,58.3,61.9,27841,2025-07-01,"Jul-25",57.0489565748357,53.381703243418
"84",2025,"Aug-25","077","Kalamazoo","",132405,139048,6643,4.8,4.9,58.2,61.2,215483,2025-08-01,"Aug-25",64.5285242919395,61.445682490034
"85",2025,"Aug-25","021","Berrien","",73450,77378,3928,5.1,4.9,58.2,61.2,125530,2025-08-01,"Aug-25",61.6410419819963,58.5119095037043
"86",2025,"Aug-25","023","Branch","",21948,22953,1005,4.4,4.9,58.2,61.2,36500,2025-08-01,"Aug-25",62.8849315068493,60.1315068493151
"87",2025,"Aug-25","025","Calhoun","",60935,64672,3737,5.8,4.9,58.2,61.2,108159,2025-08-01,"Aug-25",59.7934522323616,56.3383537199863
"88",2025,"Aug-25","027","Cass","",23119,24317,1198,4.9,4.9,58.2,61.2,42709,2025-08-01,"Aug-25",56.9364770891381,54.131447704231
"89",2025,"Aug-25","149","St. Joseph","",27749,29214,1465,5,4.9,58.2,61.2,48445,2025-08-01,"Aug-25",60.3034368871917,57.2793889978326
"90",2025,"Aug-25","159","Van Buren","",35935,37831,1896,5,4.9,58.2,61.2,61380,2025-08-01,"Aug-25",61.634082763115,58.545128706419
"91",2025,"Aug-25","001","Alcona","",3375,3649,274,7.5,4.9,58.2,61.2,9319,2025-08-01,"Aug-25",39.1565618628608,36.2163322244876
"92",2025,"Aug-25","003","Alger","",3503,3722,219,5.9,4.9,58.2,61.2,7540,2025-08-01,"Aug-25",49.3633952254642,46.4588859416446
"93",2025,"Aug-25","005","Allegan","",63481,66243,2762,4.2,4.9,58.2,61.2,99560,2025-08-01,"Aug-25",66.535757332262,63.7615508236239
"94",2025,"Aug-25","007","Alpena","",13011,13742,731,5.3,4.9,58.2,61.2,24206,2025-08-01,"Aug-25",56.7710485003718,53.7511360819631
"95",2025,"Aug-25","009","Antrim","",11144,11710,566,4.8,4.9,58.2,61.2,21177,2025-08-01,"Aug-25",55.2958398262266,52.6231288662228
"96",2025,"Aug-25","011","Arenac","",6444,6885,441,6.4,4.9,58.2,61.2,12745,2025-08-01,"Aug-25",54.0211847783444,50.5610043154178
"97",2025,"Aug-25","013","Baraga","",3068,3287,219,6.7,4.9,58.2,61.2,6867,2025-08-01,"Aug-25",47.8666084170671,44.6774428425805
"98",2025,"Aug-25","015","Barry","",29555,31025,1470,4.7,4.9,58.2,61.2,52474,2025-08-01,"Aug-25",59.1245188093151,56.323131455578
"99",2025,"Aug-25","017","Bay","",47449,50336,2887,5.7,4.9,58.2,61.2,85645,2025-08-01,"Aug-25",58.7728413801156,55.4019499095102
"100",2025,"Aug-25","019","Benzie","",9032,9451,419,4.4,4.9,58.2,61.2,15903,2025-08-01,"Aug-25",59.4290385461863,56.7943155379488
"101",2025,"Aug-25","029","Charlevoix","",13971,14543,572,3.9,4.9,58.2,61.2,22173,2025-08-01,"Aug-25",65.588779145808,63.0090650791503
"102",2025,"Aug-25","031","Cheboygan","",11599,12177,578,4.7,4.9,58.2,61.2,22353,2025-08-01,"Aug-25",54.475909273923,51.89012660493
"103",2025,"Aug-25","033","Chippewa","",16835,17952,1117,6.2,4.9,58.2,61.2,30527,2025-08-01,"Aug-25",58.8069577750844,55.1479018573722
"104",2025,"Aug-25","035","Clare","",11474,12317,843,6.8,4.9,58.2,61.2,26277,2025-08-01,"Aug-25",46.8736918217452,43.6655630399208
"105",2025,"Aug-25","037","Clinton","",39998,41714,1716,4.1,4.9,58.2,61.2,65958,2025-08-01,"Aug-25",63.2432760241366,60.641620425119
"106",2025,"Aug-25","039","Crawford","",5545,5885,340,5.8,4.9,58.2,61.2,11609,2025-08-01,"Aug-25",50.6934275131364,47.7646653458524
"107",2025,"Aug-25","041","Delta","",16132,17110,978,5.7,4.9,58.2,61.2,30779,2025-08-01,"Aug-25",55.5898502225543,52.4123590759934
"108",2025,"Aug-25","043","Dickinson","",12035,12615,580,4.6,4.9,58.2,61.2,21523,2025-08-01,"Aug-25",58.611717697347,55.9169260790782
"109",2025,"Aug-25","045","Eaton","",53824,56485,2661,4.7,4.9,58.2,61.2,90126,2025-08-01,"Aug-25",62.6733683953576,59.7208352750594
"110",2025,"Aug-25","047","Emmet","",18225,19085,860,4.5,4.9,58.2,61.2,28879,2025-08-01,"Aug-25",66.0860833131341,63.1081408636033
"111",2025,"Aug-25","049","Genesee","",178858,190893,12035,6.3,4.9,58.2,61.2,327211,2025-08-01,"Aug-25",58.3394201295189,54.661365296399
"112",2025,"Aug-25","051","Gladwin","",9972,10657,685,6.4,4.9,58.2,61.2,21734,2025-08-01,"Aug-25",49.033771970185,45.8820281586454
"113",2025,"Aug-25","053","Gogebic","",5491,5853,362,6.2,4.9,58.2,61.2,12303,2025-08-01,"Aug-25",47.573762496952,44.6313907177111
"114",2025,"Aug-25","055","Grand Traverse","",54030,56070,2040,3.6,4.9,58.2,61.2,81129,2025-08-01,"Aug-25",69.1121547165625,66.5976407942906
"115",2025,"Aug-25","057","Gratiot","",16834,17762,928,5.2,4.9,58.2,61.2,36741,2025-08-01,"Aug-25",48.3438120900357,45.818023461528
"116",2025,"Aug-25","059","Hillsdale","",20566,21677,1111,5.1,4.9,58.2,61.2,37096,2025-08-01,"Aug-25",58.4348716842786,55.4399396161311
"117",2025,"Aug-25","061","Houghton","",16324,17302,978,5.7,4.9,58.2,61.2,31496,2025-08-01,"Aug-25",54.9339598679197,51.8288036576073
"118",2025,"Aug-25","063","Huron","",13762,14572,810,5.6,4.9,58.2,61.2,25621,2025-08-01,"Aug-25",56.8752195464658,53.7137504390929
"119",2025,"Aug-25","065","Ingham","",143243,151099,7856,5.2,4.9,58.2,61.2,241307,2025-08-01,"Aug-25",62.6169153816508,59.3613115243238
"120",2025,"Aug-25","067","Ionia","",30759,32235,1476,4.6,4.9,58.2,61.2,54744,2025-08-01,"Aug-25",58.8831652783867,56.1869793950022
"121",2025,"Aug-25","069","Iosco","",9407,10083,676,6.7,4.9,58.2,61.2,21454,2025-08-01,"Aug-25",46.998228768528,43.847301202573
"122",2025,"Aug-25","071","Iron","",4201,4491,290,6.5,4.9,58.2,61.2,10110,2025-08-01,"Aug-25",44.4213649851632,41.5529179030663
"123",2025,"Aug-25","073","Isabella","",29757,31531,1774,5.6,4.9,58.2,61.2,54067,2025-08-01,"Aug-25",58.318382747332,55.0372685741765
"124",2025,"Aug-25","075","Jackson","",69563,73508,3945,5.4,4.9,58.2,61.2,131438,2025-08-01,"Aug-25",55.925987918258,52.9245728023859
"125",2025,"Aug-25","079","Kalkaska","",8810,9278,468,5,4.9,58.2,61.2,15621,2025-08-01,"Aug-25",59.3944049676717,56.398438000128
"126",2025,"Aug-25","081","Kent","",347195,363417,16222,4.5,4.9,58.2,61.2,541138,2025-08-01,"Aug-25",67.1579153561568,64.1601587765043
"127",2025,"Aug-25","083","Keweenaw","",914,968,54,5.6,4.9,58.2,61.2,1890,2025-08-01,"Aug-25",51.2169312169312,48.3597883597884
"128",2025,"Aug-25","085","Lake","",4430,4747,317,6.7,4.9,58.2,61.2,11463,2025-08-01,"Aug-25",41.4114978626886,38.6460786879525
"129",2025,"Aug-25","087","Lapeer","",40702,42485,1783,4.2,4.9,58.2,61.2,74376,2025-08-01,"Aug-25",57.121921049801,54.7246423577498
"130",2025,"Aug-25","089","Leelanau","",11061,11520,459,4,4.9,58.2,61.2,19994,2025-08-01,"Aug-25",57.6172851855557,55.3215964789437
"131",2025,"Aug-25","091","Lenawee","",46478,49020,2542,5.2,4.9,58.2,61.2,80928,2025-08-01,"Aug-25",60.5723606168446,57.4312969553183
"132",2025,"Aug-25","093","Livingston","",97481,100887,3406,3.4,4.9,58.2,61.2,163617,2025-08-01,"Aug-25",61.6604631548067,59.5787723769535
"133",2025,"Aug-25","095","Luce","",2167,2315,148,6.4,4.9,58.2,61.2,5497,2025-08-01,"Aug-25",42.1138802983446,39.4215026378024
"134",2025,"Aug-25","097","Mackinac","",6025,6253,228,3.6,4.9,58.2,61.2,9749,2025-08-01,"Aug-25",64.1399117858242,61.8012103805519
"135",2025,"Aug-25","099","Macomb","",426332,446355,20023,4.5,4.9,58.2,61.2,732245,2025-08-01,"Aug-25",60.9570567228182,58.2225894338643
"136",2025,"Aug-25","101","Manistee","",10926,11577,651,5.6,4.9,58.2,61.2,22090,2025-08-01,"Aug-25",52.4083295608873,49.4612947034857
"137",2025,"Aug-25","103","Marquette","",31590,33304,1714,5.1,4.9,58.2,61.2,58013,2025-08-01,"Aug-25",57.4078223846379,54.4533121886474
"138",2025,"Aug-25","105","Mason","",12533,13245,712,5.4,4.9,58.2,61.2,24539,2025-08-01,"Aug-25",53.9753046171401,51.0738008883818
"139",2025,"Aug-25","107","Mecosta","",16068,17207,1139,6.6,4.9,58.2,61.2,35271,2025-08-01,"Aug-25",48.7851209208698,45.5558390745939
"140",2025,"Aug-25","109","Menominee","",10784,11263,479,4.3,4.9,58.2,61.2,19574,2025-08-01,"Aug-25",57.5406151016655,55.0934913660979
"141",2025,"Aug-25","111","Midland","",40684,42702,2018,4.7,4.9,58.2,61.2,68628,2025-08-01,"Aug-25",62.2224165063822,59.281925744594
"142",2025,"Aug-25","113","Missaukee","",6949,7299,350,4.8,4.9,58.2,61.2,12407,2025-08-01,"Aug-25",58.8296929152898,56.00870476344
"143",2025,"Aug-25","115","Monroe","",73091,77572,4481,5.8,4.9,58.2,61.2,128630,2025-08-01,"Aug-25",60.306304905543,56.8226696727047
"144",2025,"Aug-25","117","Montcalm","",30447,32048,1601,5,4.9,58.2,61.2,57326,2025-08-01,"Aug-25",55.9048250357604,53.1120259568084
"145",2025,"Aug-25","119","Montmorency","",3684,3928,244,6.2,4.9,58.2,61.2,8583,2025-08-01,"Aug-25",45.7648840731679,42.9220552254456
"146",2025,"Aug-25","121","Muskegon","",81799,86788,4989,5.7,4.9,58.2,61.2,144549,2025-08-01,"Aug-25",60.0405398861286,56.5891151097552
"147",2025,"Aug-25","123","Newaygo","",21933,23186,1253,5.4,4.9,58.2,61.2,41980,2025-08-01,"Aug-25",55.2310624106717,52.2463077656027
"148",2025,"Aug-25","125","Oakland","",657601,683105,25504,3.7,4.9,58.2,61.2,1068897,2025-08-01,"Aug-25",63.9074672302383,61.5214562301138
"149",2025,"Aug-25","127","Oceana","",12257,13002,745,5.7,4.9,58.2,61.2,22335,2025-08-01,"Aug-25",58.2135661517797,54.8779941795388
"150",2025,"Aug-25","129","Ogemaw","",7362,7943,581,7.3,4.9,58.2,61.2,17839,2025-08-01,"Aug-25",44.5260384550703,41.2691294355065
"151",2025,"Aug-25","131","Ontonagon","",2257,2422,165,6.8,4.9,58.2,61.2,5218,2025-08-01,"Aug-25",46.4162514373323,43.2541203526255
"152",2025,"Aug-25","133","Osceola","",9433,10085,652,6.5,4.9,58.2,61.2,18954,2025-08-01,"Aug-25",53.2077661707291,49.7678590271183
"153",2025,"Aug-25","135","Oscoda","",2438,2671,233,8.7,4.9,58.2,61.2,7227,2025-08-01,"Aug-25",36.9586273695863,33.7346063373461
"154",2025,"Aug-25","137","Otsego","",12107,12775,668,5.2,4.9,58.2,61.2,21586,2025-08-01,"Aug-25",59.1818771425924,56.0872787918095
"155",2025,"Aug-25","139","Ottawa","",157372,164318,6946,4.2,4.9,58.2,61.2,249773,2025-08-01,"Aug-25",65.7869345365592,63.0060094565866
"156",2025,"Aug-25","141","Presque Isle","",4560,4921,361,7.3,4.9,58.2,61.2,11433,2025-08-01,"Aug-25",43.042071197411,39.8845447389137
"157",2025,"Aug-25","143","Roscommon","",8792,9462,670,7.1,4.9,58.2,61.2,21048,2025-08-01,"Aug-25",44.9543899657925,41.7711896617256
"158",2025,"Aug-25","145","Saginaw","",80892,86254,5362,6.2,4.9,58.2,61.2,156196,2025-08-01,"Aug-25",55.2216446003739,51.7887782017465
"159",2025,"Aug-25","151","Sanilac","",18059,19258,1199,6.2,4.9,58.2,61.2,33009,2025-08-01,"Aug-25",58.3416643945591,54.7093217001424
"160",2025,"Aug-25","153","Schoolcraft","",3408,3643,235,6.5,4.9,58.2,61.2,7002,2025-08-01,"Aug-25",52.0279920022851,48.6718080548415
"161",2025,"Aug-25","155","Shiawassee","",32468,34282,1814,5.3,4.9,58.2,61.2,55733,2025-08-01,"Aug-25",61.5111334397933,58.2563292842661
"162",2025,"Aug-25","147","St. Clair","",73184,76530,3346,4.4,4.9,58.2,61.2,133593,2025-08-01,"Aug-25",57.2859356403404,54.7813133921687
"163",2025,"Aug-25","157","Tuscola","",23434,25055,1621,6.5,4.9,58.2,61.2,43640,2025-08-01,"Aug-25",57.4129239230064,53.698441796517
"164",2025,"Aug-25","161","Washtenaw","",197759,206997,9238,4.5,4.9,58.2,61.2,314697,2025-08-01,"Aug-25",65.7766041620988,62.8410820567085
"165",2025,"Aug-25","163","Wayne","",767398,814253,46855,5.8,4.9,58.2,61.2,1416060,2025-08-01,"Aug-25",57.5013064418174,54.1924777198706
"166",2025,"Aug-25","165","Wexford","",14752,15597,845,5.4,4.9,58.2,61.2,27841,2025-08-01,"Aug-25",56.021694623038,52.9866024927266
"167",2025,"Sep-25","077","Kalamazoo","",134603,140467,5864,4.2,4.6,58.3,61.1,215483,2025-09-01,"Sep-25",65.1870449176965,62.4657165530459
"168",2025,"Sep-25","021","Berrien","",73643,77122,3479,4.5,4.6,58.3,61.1,125530,2025-09-01,"Sep-25",61.4371066677288,58.6656576117263
"169",2025,"Sep-25","023","Branch","",22024,22906,882,3.9,4.6,58.3,61.1,36500,2025-09-01,"Sep-25",62.7561643835616,60.3397260273973
"170",2025,"Sep-25","025","Calhoun","",61511,64732,3221,5,4.6,58.3,61.1,108159,2025-09-01,"Sep-25",59.8489261180299,56.8709030224022
"171",2025,"Sep-25","027","Cass","",23365,24411,1046,4.3,4.6,58.3,61.1,42709,2025-09-01,"Sep-25",57.1565712144981,54.7074387131518
"172",2025,"Sep-25","149","St. Joseph","",27436,28696,1260,4.4,4.6,58.3,61.1,48445,2025-09-01,"Sep-25",59.2341830942306,56.6332954897306
"173",2025,"Sep-25","159","Van Buren","",35513,37135,1622,4.4,4.6,58.3,61.1,61380,2025-09-01,"Sep-25",60.5001629195178,57.8576083414793
"174",2025,"Sep-25","001","Alcona","",3341,3589,248,6.9,4.6,58.3,61.1,9319,2025-09-01,"Sep-25",38.5127159566477,35.8514862109668
"175",2025,"Sep-25","003","Alger","",3437,3631,194,5.3,4.6,58.3,61.1,7540,2025-09-01,"Sep-25",48.1564986737401,45.5835543766578
"176",2025,"Sep-25","005","Allegan","",63089,65545,2456,3.7,4.6,58.3,61.1,99560,2025-09-01,"Sep-25",65.8346725592607,63.3678184009642
"177",2025,"Sep-25","007","Alpena","",13316,13922,606,4.4,4.6,58.3,61.1,24206,2025-09-01,"Sep-25",57.5146657853425,55.0111542592746
"178",2025,"Sep-25","009","Antrim","",10637,11125,488,4.4,4.6,58.3,61.1,21177,2025-09-01,"Sep-25",52.533408887,50.2290220522265
"179",2025,"Sep-25","011","Arenac","",6438,6828,390,5.7,4.6,58.3,61.1,12745,2025-09-01,"Sep-25",53.5739505688505,50.5139270302079
"180",2025,"Sep-25","013","Baraga","",3077,3248,171,5.3,4.6,58.3,61.1,6867,2025-09-01,"Sep-25",47.2986748216106,44.808504441532
"181",2025,"Sep-25","015","Barry","",29801,31098,1297,4.2,4.6,58.3,61.1,52474,2025-09-01,"Sep-25",59.2636353241605,56.7919350535503
"182",2025,"Sep-25","017","Bay","",47573,50103,2530,5,4.6,58.3,61.1,85645,2025-09-01,"Sep-25",58.5007881370775,55.5467336096678
"183",2025,"Sep-25","019","Benzie","",8757,9140,383,4.2,4.6,58.3,61.1,15903,2025-09-01,"Sep-25",57.4734326856568,55.0650820599887
"184",2025,"Sep-25","029","Charlevoix","",13269,13804,535,3.9,4.6,58.3,61.1,22173,2025-09-01,"Sep-25",62.2558968114373,59.8430523609796
"185",2025,"Sep-25","031","Cheboygan","",11241,11742,501,4.3,4.6,58.3,61.1,22353,2025-09-01,"Sep-25",52.5298617635217,50.2885518722319
"186",2025,"Sep-25","033","Chippewa","",16857,17684,827,4.7,4.6,58.3,61.1,30527,2025-09-01,"Sep-25",57.9290464179251,55.2199692075867
"187",2025,"Sep-25","035","Clare","",11565,12310,745,6.1,4.6,58.3,61.1,26277,2025-09-01,"Sep-25",46.8470525554668,44.0118735015413
"188",2025,"Sep-25","037","Clinton","",41301,42851,1550,3.6,4.6,58.3,61.1,65958,2025-09-01,"Sep-25",64.9671002759332,62.6171199854453
"189",2025,"Sep-25","039","Crawford","",5455,5757,302,5.2,4.6,58.3,61.1,11609,2025-09-01,"Sep-25",49.5908346972177,46.9894047721595
"190",2025,"Sep-25","041","Delta","",16086,16872,786,4.7,4.6,58.3,61.1,30779,2025-09-01,"Sep-25",54.8165957308555,52.2629065271776
"191",2025,"Sep-25","043","Dickinson","",12148,12641,493,3.9,4.6,58.3,61.1,21523,2025-09-01,"Sep-25",58.7325187009246,56.4419458253961
"192",2025,"Sep-25","045","Eaton","",55699,58014,2315,4,4.6,58.3,61.1,90126,2025-09-01,"Sep-25",64.369882164969,61.8012560193507
"193",2025,"Sep-25","047","Emmet","",17379,18114,735,4.1,4.6,58.3,61.1,28879,2025-09-01,"Sep-25",62.7237785241871,60.1786765469718
"194",2025,"Sep-25","049","Genesee","",178896,189593,10697,5.6,4.6,58.3,61.1,327211,2025-09-01,"Sep-25",57.9421229726385,54.6729785979078
"195",2025,"Sep-25","051","Gladwin","",9943,10524,581,5.5,4.6,58.3,61.1,21734,2025-09-01,"Sep-25",48.4218275513021,45.7485966688138
"196",2025,"Sep-25","053","Gogebic","",5445,5750,305,5.3,4.6,58.3,61.1,12303,2025-09-01,"Sep-25",46.7365683166707,44.2574981711778
"197",2025,"Sep-25","055","Grand Traverse","",52389,54214,1825,3.4,4.6,58.3,61.1,81129,2025-09-01,"Sep-25",66.8244400892406,64.5749362126983
"198",2025,"Sep-25","057","Gratiot","",16986,17778,792,4.5,4.6,58.3,61.1,36741,2025-09-01,"Sep-25",48.3873601698375,46.2317302196456
"199",2025,"Sep-25","059","Hillsdale","",20677,21602,925,4.3,4.6,58.3,61.1,37096,2025-09-01,"Sep-25",58.2326935518654,55.7391632521026
"200",2025,"Sep-25","061","Houghton","",17325,18110,785,4.3,4.6,58.3,61.1,31496,2025-09-01,"Sep-25",57.49936499873,55.00698501397
"201",2025,"Sep-25","063","Huron","",13832,14491,659,4.5,4.6,58.3,61.1,25621,2025-09-01,"Sep-25",56.5590726357285,53.9869638187424
"202",2025,"Sep-25","065","Ingham","",148290,155017,6727,4.3,4.6,58.3,61.1,241307,2025-09-01,"Sep-25",64.2405732117179,61.4528380859237
"203",2025,"Sep-25","067","Ionia","",30979,32266,1287,4,4.6,58.3,61.1,54744,2025-09-01,"Sep-25",58.9397924886746,56.5888499196259
"204",2025,"Sep-25","069","Iosco","",9273,9870,597,6,4.6,58.3,61.1,21454,2025-09-01,"Sep-25",46.005406917125,43.2227090519251
"205",2025,"Sep-25","071","Iron","",4107,4367,260,6,4.6,58.3,61.1,10110,2025-09-01,"Sep-25",43.1948565776459,40.6231454005935
"206",2025,"Sep-25","073","Isabella","",30217,31676,1459,4.6,4.6,58.3,61.1,54067,2025-09-01,"Sep-25",58.5865685168402,55.8880648084784
"207",2025,"Sep-25","075","Jackson","",70708,74130,3422,4.6,4.6,58.3,61.1,131438,2025-09-01,"Sep-25",56.3992148389355,53.7957059602246
"208",2025,"Sep-25","079","Kalkaska","",8542,8946,404,4.5,4.6,58.3,61.1,15621,2025-09-01,"Sep-25",57.2690608795852,54.6827987964919
"209",2025,"Sep-25","081","Kent","",350662,364924,14262,3.9,4.6,58.3,61.1,541138,2025-09-01,"Sep-25",67.4364025442678,64.8008456253303
"210",2025,"Sep-25","083","Keweenaw","",918,963,45,4.7,4.6,58.3,61.1,1890,2025-09-01,"Sep-25",50.9523809523809,48.5714285714286
"211",2025,"Sep-25","085","Lake","",4362,4649,287,6.2,4.6,58.3,61.1,11463,2025-09-01,"Sep-25",40.5565733228649,38.0528657419524
"212",2025,"Sep-25","087","Lapeer","",40521,42339,1818,4.3,4.6,58.3,61.1,74376,2025-09-01,"Sep-25",56.9256211681187,54.4812842852533
"213",2025,"Sep-25","089","Leelanau","",10724,11129,405,3.6,4.6,58.3,61.1,19994,2025-09-01,"Sep-25",55.6616985095529,53.6360908272482
"214",2025,"Sep-25","091","Lenawee","",46968,49118,2150,4.4,4.6,58.3,61.1,80928,2025-09-01,"Sep-25",60.6934559114274,58.0367734282325
"215",2025,"Sep-25","093","Livingston","",97103,100669,3566,3.5,4.6,58.3,61.1,163617,2025-09-01,"Sep-25",61.5272251660891,59.3477450387185
"216",2025,"Sep-25","095","Luce","",2150,2277,127,5.6,4.6,58.3,61.1,5497,2025-09-01,"Sep-25",41.4225941422594,39.1122430416591
"217",2025,"Sep-25","097","Mackinac","",5691,5883,192,3.3,4.6,58.3,61.1,9749,2025-09-01,"Sep-25",60.3446507334086,58.375217971074
"218",2025,"Sep-25","099","Macomb","",424814,445938,21124,4.7,4.6,58.3,61.1,732245,2025-09-01,"Sep-25",60.900108570219,58.0152817704457
"219",2025,"Sep-25","101","Manistee","",10697,11279,582,5.2,4.6,58.3,61.1,22090,2025-09-01,"Sep-25",51.0593028519692,48.4246265278407
"220",2025,"Sep-25","103","Marquette","",32665,34105,1440,4.2,4.6,58.3,61.1,58013,2025-09-01,"Sep-25",58.7885473945495,56.3063451295399
"221",2025,"Sep-25","105","Mason","",12383,13041,658,5,4.6,58.3,61.1,24539,2025-09-01,"Sep-25",53.1439748971026,50.462529035413
"222",2025,"Sep-25","107","Mecosta","",17002,17994,992,5.5,4.6,58.3,61.1,35271,2025-09-01,"Sep-25",51.0164157523178,48.2039068923478
"223",2025,"Sep-25","109","Menominee","",10795,11223,428,3.8,4.6,58.3,61.1,19574,2025-09-01,"Sep-25",57.3362623888832,55.149688362113
"224",2025,"Sep-25","111","Midland","",40376,42142,1766,4.2,4.6,58.3,61.1,68628,2025-09-01,"Sep-25",61.40642303433,58.8331293349653
"225",2025,"Sep-25","113","Missaukee","",6926,7227,301,4.2,4.6,58.3,61.1,12407,2025-09-01,"Sep-25",58.2493753526235,55.8233255420327
"226",2025,"Sep-25","115","Monroe","",74030,77612,3582,4.6,4.6,58.3,61.1,128630,2025-09-01,"Sep-25",60.3374018502682,57.5526704501283
"227",2025,"Sep-25","117","Montcalm","",30556,31911,1355,4.2,4.6,58.3,61.1,57326,2025-09-01,"Sep-25",55.6658409796602,53.3021665561874
"228",2025,"Sep-25","119","Montmorency","",3629,3845,216,5.6,4.6,58.3,61.1,8583,2025-09-01,"Sep-25",44.7978562274263,42.2812536409181
"229",2025,"Sep-25","121","Muskegon","",80820,85320,4500,5.3,4.6,58.3,61.1,144549,2025-09-01,"Sep-25",59.0249673121225,55.9118361247743
"230",2025,"Sep-25","123","Newaygo","",22049,23141,1092,4.7,4.6,58.3,61.1,41980,2025-09-01,"Sep-25",55.1238685088137,52.5226298237256
"231",2025,"Sep-25","125","Oakland","",655165,681928,26763,3.9,4.6,58.3,61.1,1068897,2025-09-01,"Sep-25",63.7973537207046,61.2935577515888
"232",2025,"Sep-25","127","Oceana","",11839,12482,643,5.2,4.6,58.3,61.1,22335,2025-09-01,"Sep-25",55.8853816879337,53.0064920528319
"233",2025,"Sep-25","129","Ogemaw","",7356,7860,504,6.4,4.6,58.3,61.1,17839,2025-09-01,"Sep-25",44.0607657379898,41.2354952631874
"234",2025,"Sep-25","131","Ontonagon","",2316,2460,144,5.9,4.6,58.3,61.1,5218,2025-09-01,"Sep-25",47.1444998083557,44.3848217707934
"235",2025,"Sep-25","133","Osceola","",9699,10272,573,5.6,4.6,58.3,61.1,18954,2025-09-01,"Sep-25",54.1943653054764,51.1712567268123
"236",2025,"Sep-25","135","Oscoda","",2383,2584,201,7.8,4.6,58.3,61.1,7227,2025-09-01,"Sep-25",35.7548083575481,32.9735713297357
"237",2025,"Sep-25","137","Otsego","",11935,12504,569,4.6,4.6,58.3,61.1,21586,2025-09-01,"Sep-25",57.926433799685,55.2904660428055
"238",2025,"Sep-25","139","Ottawa","",158854,164871,6017,3.6,4.6,58.3,61.1,249773,2025-09-01,"Sep-25",66.0083355686964,63.599348208173
"239",2025,"Sep-25","141","Presque Isle","",4553,4863,310,6.4,4.6,58.3,61.1,11433,2025-09-01,"Sep-25",42.5347677774862,39.8233184640952
"240",2025,"Sep-25","143","Roscommon","",8628,9218,590,6.4,4.6,58.3,61.1,21048,2025-09-01,"Sep-25",43.7951349296845,40.9920182440137
"241",2025,"Sep-25","145","Saginaw","",81607,86372,4765,5.5,4.6,58.3,61.1,156196,2025-09-01,"Sep-25",55.2971907091091,52.2465364029809
"242",2025,"Sep-25","151","Sanilac","",17954,18928,974,5.1,4.6,58.3,61.1,33009,2025-09-01,"Sep-25",57.3419370474719,54.3912266351601
"243",2025,"Sep-25","153","Schoolcraft","",3392,3579,187,5.2,4.6,58.3,61.1,7002,2025-09-01,"Sep-25",51.1139674378749,48.4433019137389
"244",2025,"Sep-25","155","Shiawassee","",32909,34476,1567,4.5,4.6,58.3,61.1,55733,2025-09-01,"Sep-25",61.8592216460625,59.0476019593419
"245",2025,"Sep-25","147","St. Clair","",72871,76281,3410,4.5,4.6,58.3,61.1,133593,2025-09-01,"Sep-25",57.0995486290449,54.5470196791748
"246",2025,"Sep-25","157","Tuscola","",23622,24951,1329,5.3,4.6,58.3,61.1,43640,2025-09-01,"Sep-25",57.1746104491292,54.1292392300642
"247",2025,"Sep-25","161","Washtenaw","",199357,207243,7886,3.8,4.6,58.3,61.1,314697,2025-09-01,"Sep-25",65.8547745927035,63.3488720896608
"248",2025,"Sep-25","163","Wayne","",766588,814888,48300,5.9,4.6,58.3,61.1,1416060,2025-09-01,"Sep-25",57.54614917447,54.1352767538099
"249",2025,"Sep-25","165","Wexford","",14635,15380,745,4.8,4.6,58.3,61.1,27841,2025-09-01,"Sep-25",55.242268596674,52.5663589669911
"250",2025,"Oct-25","077","Kalamazoo","X Data unavailable due to the 2025 lapse in appropriations.",133965,139760,5795,4.15,4.7,58,60.9,215483,2025-10-01,"Oct-25e",64.8589447891481,62.1696375120079
"251",2025,"Oct-25","021","Berrien","X Data unavailable due to the 2025 lapse in appropriations.",72716.5,76170.5,3454,4.55,4.7,58,60.9,125530,2025-10-01,"Oct-25e",60.6791205289572,57.9275870309886
"252",2025,"Oct-25","023","Branch","X Data unavailable due to the 2025 lapse in appropriations.",21896.5,22779.5,883,3.9,4.7,58,60.9,36500,2025-10-01,"Oct-25e",62.4095890410959,59.9904109589041
"253",2025,"Oct-25","025","Calhoun","X Data unavailable due to the 2025 lapse in appropriations.",60846,64029.5,3183.5,5,4.7,58,60.9,108159,2025-10-01,"Oct-25e",59.19941937333,56.256067456245
"254",2025,"Oct-25","027","Cass","X Data unavailable due to the 2025 lapse in appropriations.",23081,24126,1045,4.35,4.7,58,60.9,42709,2025-10-01,"Oct-25e",56.4892645578215,54.0424734833407
"255",2025,"Oct-25","149","St. Joseph","X Data unavailable due to the 2025 lapse in appropriations.",27137,28373,1236,4.35,4.7,58,60.9,48445,2025-10-01,"Oct-25e",58.5674476210135,56.0161007327898
"256",2025,"Oct-25","159","Van Buren","X Data unavailable due to the 2025 lapse in appropriations.",34950.5,36604,1653.5,4.55,4.7,58,60.9,61380,2025-10-01,"Oct-25e",59.6350602802216,56.9411860540893
"257",2025,"Oct-25","001","Alcona","X Data unavailable due to the 2025 lapse in appropriations.",3217,3476.5,259.5,7.5,4.7,58,60.9,9319,2025-10-01,"Oct-25e",37.3055048824981,34.5208713381264
"258",2025,"Oct-25","003","Alger","X Data unavailable due to the 2025 lapse in appropriations.",3259.5,3484.5,225,6.5,4.7,58,60.9,7540,2025-10-01,"Oct-25e",46.2135278514589,43.2294429708223
"259",2025,"Oct-25","005","Allegan","X Data unavailable due to the 2025 lapse in appropriations.",62228,64701,2473,3.8,4.7,58,60.9,99560,2025-10-01,"Oct-25e",64.9869425472077,62.5030132583367
"260",2025,"Oct-25","007","Alpena","X Data unavailable due to the 2025 lapse in appropriations.",13098.5,13727,628.5,4.6,4.7,58,60.9,24206,2025-10-01,"Oct-25e",56.7090803932909,54.1126167066017
"261",2025,"Oct-25","009","Antrim","X Data unavailable due to the 2025 lapse in appropriations.",10269,10794.5,525.5,4.9,4.7,58,60.9,21177,2025-10-01,"Oct-25e",50.9727534589413,48.4912877178071
"262",2025,"Oct-25","011","Arenac","X Data unavailable due to the 2025 lapse in appropriations.",6253,6667.5,414.5,6.2,4.7,58,60.9,12745,2025-10-01,"Oct-25e",52.3146331894861,49.0623774029031
"263",2025,"Oct-25","013","Baraga","X Data unavailable due to the 2025 lapse in appropriations.",3016.5,3193.5,177,5.55,4.7,58,60.9,6867,2025-10-01,"Oct-25e",46.5050240279598,43.9274792485802
"264",2025,"Oct-25","015","Barry","X Data unavailable due to the 2025 lapse in appropriations.",29515.5,30830,1314.5,4.3,4.7,58,60.9,52474,2025-10-01,"Oct-25e",58.7529062011663,56.2478560811068
"265",2025,"Oct-25","017","Bay","X Data unavailable due to the 2025 lapse in appropriations.",47084,49578,2494,5,4.7,58,60.9,85645,2025-10-01,"Oct-25e",57.8877926323778,54.9757720824333
"266",2025,"Oct-25","019","Benzie","X Data unavailable due to the 2025 lapse in appropriations.",8643.5,9046.5,403,4.45,4.7,58,60.9,15903,2025-10-01,"Oct-25e",56.8854933031503,54.3513802427215
"267",2025,"Oct-25","029","Charlevoix","X Data unavailable due to the 2025 lapse in appropriations.",12765.5,13341.5,576,4.35,4.7,58,60.9,22173,2025-10-01,"Oct-25e",60.1700266089388,57.5722725837731
"268",2025,"Oct-25","031","Cheboygan","X Data unavailable due to the 2025 lapse in appropriations.",10552.5,11206.5,654,5.95,4.7,58,60.9,22353,2025-10-01,"Oct-25e",50.1342101731311,47.2084283988726
"269",2025,"Oct-25","033","Chippewa","X Data unavailable due to the 2025 lapse in appropriations.",16639.5,17513,873.5,5,4.7,58,60.9,30527,2025-10-01,"Oct-25e",57.3688865594392,54.5074851770564
"270",2025,"Oct-25","035","Clare","X Data unavailable due to the 2025 lapse in appropriations.",11413,12174,761,6.3,4.7,58,60.9,26277,2025-10-01,"Oct-25e",46.3294896677703,43.4334208623511
"271",2025,"Oct-25","037","Clinton","X Data unavailable due to the 2025 lapse in appropriations.",41022.5,42583.5,1561,3.65,4.7,58,60.9,65958,2025-10-01,"Oct-25e",64.5615391612845,62.1948815913157
"272",2025,"Oct-25","039","Crawford","X Data unavailable due to the 2025 lapse in appropriations.",5292,5617.5,325.5,5.8,4.7,58,60.9,11609,2025-10-01,"Oct-25e",48.3891808079938,45.5853217331381
"273",2025,"Oct-25","041","Delta","X Data unavailable due to the 2025 lapse in appropriations.",15862.5,16696,833.5,5,4.7,58,60.9,30779,2025-10-01,"Oct-25e",54.2447772832126,51.5367620780402
"274",2025,"Oct-25","043","Dickinson","X Data unavailable due to the 2025 lapse in appropriations.",11933.5,12440.5,507,4.1,4.7,58,60.9,21523,2025-10-01,"Oct-25e",57.8009571156437,55.4453375458811
"275",2025,"Oct-25","045","Eaton","X Data unavailable due to the 2025 lapse in appropriations.",55360,57654,2294,4,4.7,58,60.9,90126,2025-10-01,"Oct-25e",63.9704413820651,61.4251159487828
"276",2025,"Oct-25","047","Emmet","X Data unavailable due to the 2025 lapse in appropriations.",16810,17626,816,4.65,4.7,58,60.9,28879,2025-10-01,"Oct-25e",61.0339693202673,58.2083867169916
"277",2025,"Oct-25","049","Genesee","X Data unavailable due to the 2025 lapse in appropriations.",177582,187983.5,10401.5,5.5,4.7,58,60.9,327211,2025-10-01,"Oct-25e",57.4502385311007,54.2714028562609
"278",2025,"Oct-25","051","Gladwin","X Data unavailable due to the 2025 lapse in appropriations.",9808.5,10401.5,593,5.7,4.7,58,60.9,21734,2025-10-01,"Oct-25e",47.85819453391,45.1297506211466
"279",2025,"Oct-25","053","Gogebic","X Data unavailable due to the 2025 lapse in appropriations.",5418.5,5728,309.5,5.4,4.7,58,60.9,12303,2025-10-01,"Oct-25e",46.5577501422417,44.0421035519792
"280",2025,"Oct-25","055","Grand Traverse","X Data unavailable due to the 2025 lapse in appropriations.",51757.5,53623.5,1866,3.5,4.7,58,60.9,81129,2025-10-01,"Oct-25e",66.096586917132,63.7965462411715
"281",2025,"Oct-25","057","Gratiot","X Data unavailable due to the 2025 lapse in appropriations.",16798,17607,809,4.6,4.7,58,60.9,36741,2025-10-01,"Oct-25e",47.9219400669552,45.7200402819738
"282",2025,"Oct-25","059","Hillsdale","X Data unavailable due to the 2025 lapse in appropriations.",20228,21155.5,927.5,4.4,4.7,58,60.9,37096,2025-10-01,"Oct-25e",57.0290597368989,54.5287901660556
"283",2025,"Oct-25","061","Houghton","X Data unavailable due to the 2025 lapse in appropriations.",17260,18079.5,819.5,4.5,4.7,58,60.9,31496,2025-10-01,"Oct-25e",57.4025273050546,54.8006096012192
"284",2025,"Oct-25","063","Huron","X Data unavailable due to the 2025 lapse in appropriations.",13512,14204.5,692.5,4.85,4.7,58,60.9,25621,2025-10-01,"Oct-25e",55.4408493033059,52.7379883689161
"285",2025,"Oct-25","065","Ingham","X Data unavailable due to the 2025 lapse in appropriations.",147451.5,154131.5,6680,4.3,4.7,58,60.9,241307,2025-10-01,"Oct-25e",63.8736132810072,61.1053554186161
"286",2025,"Oct-25","067","Ionia","X Data unavailable due to the 2025 lapse in appropriations.",30615,31946,1331,4.15,4.7,58,60.9,54744,2025-10-01,"Oct-25e",58.3552535437673,55.923936869794
"287",2025,"Oct-25","069","Iosco","X Data unavailable due to the 2025 lapse in appropriations.",9053.5,9672.5,619,6.4,4.7,58,60.9,21454,2025-10-01,"Oct-25e",45.0848326652373,42.1995898200802
"288",2025,"Oct-25","071","Iron","X Data unavailable due to the 2025 lapse in appropriations.",4020,4286.5,266.5,6.25,4.7,58,60.9,10110,2025-10-01,"Oct-25e",42.3986152324431,39.7626112759644
"289",2025,"Oct-25","073","Isabella","X Data unavailable due to the 2025 lapse in appropriations.",29990,31514.5,1524.5,4.85,4.7,58,60.9,54067,2025-10-01,"Oct-25e",58.287865056319,55.4682153624207
"290",2025,"Oct-25","075","Jackson","X Data unavailable due to the 2025 lapse in appropriations.",70093,73502,3409,4.65,4.7,58,60.9,131438,2025-10-01,"Oct-25e",55.921423028348,53.3278047444422
"291",2025,"Oct-25","079","Kalkaska","X Data unavailable due to the 2025 lapse in appropriations.",8422,8835,413,4.65,4.7,58,60.9,15621,2025-10-01,"Oct-25e",56.5584789706165,53.9146021381474
"292",2025,"Oct-25","081","Kent","X Data unavailable due to the 2025 lapse in appropriations.",347960.5,362044,14083.5,3.9,4.7,58,60.9,541138,2025-10-01,"Oct-25e",66.9041907979111,64.301619919503
"293",2025,"Oct-25","083","Keweenaw","X Data unavailable due to the 2025 lapse in appropriations.",871.5,921.5,50,5.5,4.7,58,60.9,1890,2025-10-01,"Oct-25e",48.7566137566138,46.1111111111111
"294",2025,"Oct-25","085","Lake","X Data unavailable due to the 2025 lapse in appropriations.",4265.5,4548,282.5,6.25,4.7,58,60.9,11463,2025-10-01,"Oct-25e",39.6754776236587,37.2110267818198
"295",2025,"Oct-25","087","Lapeer","X Data unavailable due to the 2025 lapse in appropriations.",40665,42613.5,1948.5,4.55,4.7,58,60.9,74376,2025-10-01,"Oct-25e",57.2946918360761,54.6748951274605
"296",2025,"Oct-25","089","Leelanau","X Data unavailable due to the 2025 lapse in appropriations.",10587.5,11008.5,421,3.8,4.7,58,60.9,19994,2025-10-01,"Oct-25e",55.0590177053116,52.9533860158047
"297",2025,"Oct-25","091","Lenawee","X Data unavailable due to the 2025 lapse in appropriations.",46427.5,48603,2175.5,4.5,4.7,58,60.9,80928,2025-10-01,"Oct-25e",60.0570877817319,57.36889580862
"298",2025,"Oct-25","093","Livingston","X Data unavailable due to the 2025 lapse in appropriations.",97502,101241.5,3739.5,3.65,4.7,58,60.9,163617,2025-10-01,"Oct-25e",61.8771276823313,59.5916072290777
"299",2025,"Oct-25","095","Luce","X Data unavailable due to the 2025 lapse in appropriations.",2091,2232,141,6.35,4.7,58,60.9,5497,2025-10-01,"Oct-25e",40.603965799527,38.0389303256322
"300",2025,"Oct-25","097","Mackinac","X Data unavailable due to the 2025 lapse in appropriations.",4789.5,5104.5,315,6.7,4.7,58,60.9,9749,2025-10-01,"Oct-25e",52.35921632988,49.1281157041748
"301",2025,"Oct-25","099","Macomb","X Data unavailable due to the 2025 lapse in appropriations.",426630,448278,21648,4.8,4.7,58,60.9,732245,2025-10-01,"Oct-25e",61.2196737430778,58.2632861951942
"302",2025,"Oct-25","101","Manistee","X Data unavailable due to the 2025 lapse in appropriations.",10430.5,11015,584.5,5.35,4.7,58,60.9,22090,2025-10-01,"Oct-25e",49.8641919420552,47.2181982797646
"303",2025,"Oct-25","103","Marquette","X Data unavailable due to the 2025 lapse in appropriations.",32197.5,33687,1489.5,4.4,4.7,58,60.9,58013,2025-10-01,"Oct-25e",58.0680192370676,55.5004912691983
"304",2025,"Oct-25","105","Mason","X Data unavailable due to the 2025 lapse in appropriations.",12117.5,12801,683.5,5.3,4.7,58,60.9,24539,2025-10-01,"Oct-25e",52.1659399323526,49.3805778556583
"305",2025,"Oct-25","107","Mecosta","X Data unavailable due to the 2025 lapse in appropriations.",16841,17807.5,966.5,5.4,4.7,58,60.9,35271,2025-10-01,"Oct-25e",50.4876527458819,47.7474412406793
"306",2025,"Oct-25","109","Menominee","X Data unavailable due to the 2025 lapse in appropriations.",10642.5,11095,452.5,4.05,4.7,58,60.9,19574,2025-10-01,"Oct-25e",56.68233370798,54.3705936446306
"307",2025,"Oct-25","111","Midland","X Data unavailable due to the 2025 lapse in appropriations.",40003.5,41781.5,1778,4.25,4.7,58,60.9,68628,2025-10-01,"Oct-25e",60.8811272366964,58.2903479629306
"308",2025,"Oct-25","113","Missaukee","X Data unavailable due to the 2025 lapse in appropriations.",6788,7087.5,299.5,4.25,4.7,58,60.9,12407,2025-10-01,"Oct-25e",57.1250100749577,54.7110502135891
"309",2025,"Oct-25","115","Monroe","X Data unavailable due to the 2025 lapse in appropriations.",73288.5,76937,3648.5,4.75,4.7,58,60.9,128630,2025-10-01,"Oct-25e",59.8126409080308,56.9762108372852
"310",2025,"Oct-25","117","Montcalm","X Data unavailable due to the 2025 lapse in appropriations.",30264,31633,1369,4.3,4.7,58,60.9,57326,2025-10-01,"Oct-25e",55.1808952307853,52.792799078952
"311",2025,"Oct-25","119","Montmorency","X Data unavailable due to the 2025 lapse in appropriations.",3537,3777.5,240.5,6.35,4.7,58,60.9,8583,2025-10-01,"Oct-25e",44.0114179191425,41.209367354072
"312",2025,"Oct-25","121","Muskegon","X Data unavailable due to the 2025 lapse in appropriations.",80069.5,84415,4345.5,5.15,4.7,58,60.9,144549,2025-10-01,"Oct-25e",58.3988820400003,55.3926350234177
"313",2025,"Oct-25","123","Newaygo","X Data unavailable due to the 2025 lapse in appropriations.",21692.5,22785.5,1093,4.8,4.7,58,60.9,41980,2025-10-01,"Oct-25e",54.2770366841353,51.6734159123392
"314",2025,"Oct-25","125","Oakland","X Data unavailable due to the 2025 lapse in appropriations.",658144.5,685986,27841.5,4.05,4.7,58,60.9,1068897,2025-10-01,"Oct-25e",64.1769974094791,61.5723030376173
"315",2025,"Oct-25","127","Oceana","X Data unavailable due to the 2025 lapse in appropriations.",11313.5,11970.5,657,5.55,4.7,58,60.9,22335,2025-10-01,"Oct-25e",53.595254085516,50.6536825610029
"316",2025,"Oct-25","129","Ogemaw","X Data unavailable due to the 2025 lapse in appropriations.",7271,7778.5,507.5,6.5,4.7,58,60.9,17839,2025-10-01,"Oct-25e",43.603901563989,40.7590111553338
"317",2025,"Oct-25","131","Ontonagon","X Data unavailable due to the 2025 lapse in appropriations.",2224,2380.5,156.5,6.6,4.7,58,60.9,5218,2025-10-01,"Oct-25e",45.6209275584515,42.6216941356842
"318",2025,"Oct-25","133","Osceola","X Data unavailable due to the 2025 lapse in appropriations.",9557.5,10119,561.5,5.55,4.7,58,60.9,18954,2025-10-01,"Oct-25e",53.3871478315923,50.4247124617495
"319",2025,"Oct-25","135","Oscoda","X Data unavailable due to the 2025 lapse in appropriations.",2236.5,2457,220.5,9.05,4.7,58,60.9,7227,2025-10-01,"Oct-25e",33.9975093399751,30.9464508094645
"320",2025,"Oct-25","137","Otsego","X Data unavailable due to the 2025 lapse in appropriations.",11730,12321,591,4.85,4.7,58,60.9,21586,2025-10-01,"Oct-25e",57.0786620958028,54.3407764291671
"321",2025,"Oct-25","139","Ottawa","X Data unavailable due to the 2025 lapse in appropriations.",157568,163677.5,6109.5,3.7,4.7,58,60.9,249773,2025-10-01,"Oct-25e",65.5305016955395,63.0844807084833
"322",2025,"Oct-25","141","Presque Isle","X Data unavailable due to the 2025 lapse in appropriations.",4436.5,4772.5,336,7.05,4.7,58,60.9,11433,2025-10-01,"Oct-25e",41.7431995101898,38.8043383189014
"323",2025,"Oct-25","143","Roscommon","X Data unavailable due to the 2025 lapse in appropriations.",8390.5,8988.5,598,6.65,4.7,58,60.9,21048,2025-10-01,"Oct-25e",42.7047700494109,39.8636450019004
"324",2025,"Oct-25","145","Saginaw","X Data unavailable due to the 2025 lapse in appropriations.",80923,85580.5,4657.5,5.45,4.7,58,60.9,156196,2025-10-01,"Oct-25e",54.790455581449,51.808625060821
"325",2025,"Oct-25","151","Sanilac","X Data unavailable due to the 2025 lapse in appropriations.",17644,18596,952,5.1,4.7,58,60.9,33009,2025-10-01,"Oct-25e",56.336150746766,53.45208882426
"326",2025,"Oct-25","153","Schoolcraft","X Data unavailable due to the 2025 lapse in appropriations.",3295.5,3501,205.5,5.85,4.7,58,60.9,7002,2025-10-01,"Oct-25e",50,47.0651242502142
"327",2025,"Oct-25","155","Shiawassee","X Data unavailable due to the 2025 lapse in appropriations.",32578,34135,1557,4.55,4.7,58,60.9,55733,2025-10-01,"Oct-25e",61.2473758814347,58.4536988857589
"328",2025,"Oct-25","147","St. Clair","X Data unavailable due to the 2025 lapse in appropriations.",73149,76819.5,3670.5,4.8,4.7,58,60.9,133593,2025-10-01,"Oct-25e",57.5026386113045,54.7551144146774
"329",2025,"Oct-25","157","Tuscola","X Data unavailable due to the 2025 lapse in appropriations.",23304,24577,1273,5.15,4.7,58,60.9,43640,2025-10-01,"Oct-25e",56.3175985334556,53.4005499541705
"330",2025,"Oct-25","161","Washtenaw","X Data unavailable due to the 2025 lapse in appropriations.",197573.5,205579.5,8006,3.9,4.7,58,60.9,314697,2025-10-01,"Oct-25e",65.3261708881877,62.7821364677769
"331",2025,"Oct-25","163","Wayne","X Data unavailable due to the 2025 lapse in appropriations.",769218,819074.5,49856.5,6.05,4.7,58,60.9,1416060,2025-10-01,"Oct-25e",57.8417934268322,54.3210033473158
"332",2025,"Oct-25","165","Wexford","X Data unavailable due to the 2025 lapse in appropriations.",14423.5,15154,730.5,4.8,4.7,58,60.9,27841,2025-10-01,"Oct-25e",54.4305161452534,51.8066879781617
"333",2025,"Nov-25","077","Kalamazoo","",133327,139053,5726,4.1,4.8,57.7,60.7,215483,2025-11-01,"Nov-25",64.5308446605997,61.8735584709699
"334",2025,"Nov-25","021","Berrien","",71790,75219,3429,4.6,4.8,57.7,60.7,125530,2025-11-01,"Nov-25",59.9211343901856,57.1895164502509
"335",2025,"Nov-25","023","Branch","",21769,22653,884,3.9,4.8,57.7,60.7,36500,2025-11-01,"Nov-25",62.0630136986301,59.641095890411
"336",2025,"Nov-25","025","Calhoun","",60181,63327,3146,5,4.8,57.7,60.7,108159,2025-11-01,"Nov-25",58.5499126286301,55.6412318900877
"337",2025,"Nov-25","027","Cass","",22797,23841,1044,4.4,4.8,57.7,60.7,42709,2025-11-01,"Nov-25",55.821957901145,53.3775082535297
"338",2025,"Nov-25","149","St. Joseph","",26838,28050,1212,4.3,4.8,57.7,60.7,48445,2025-11-01,"Nov-25",57.9007121477965,55.3989059758489
"339",2025,"Nov-25","159","Van Buren","",34388,36073,1685,4.7,4.8,57.7,60.7,61380,2025-11-01,"Nov-25",58.7699576409254,56.0247637666993
"340",2025,"Nov-25","001","Alcona","",3093,3364,271,8.1,4.8,57.7,60.7,9319,2025-11-01,"Nov-25",36.0982938083485,33.190256465286
"341",2025,"Nov-25","003","Alger","",3082,3338,256,7.7,4.8,57.7,60.7,7540,2025-11-01,"Nov-25",44.2705570291777,40.8753315649867
"342",2025,"Nov-25","005","Allegan","",61367,63857,2490,3.9,4.8,57.7,60.7,99560,2025-11-01,"Nov-25",64.1392125351547,61.6382081157091
"343",2025,"Nov-25","007","Alpena","",12881,13532,651,4.8,4.8,57.7,60.7,24206,2025-11-01,"Nov-25",55.9034950012394,53.2140791539288
"344",2025,"Nov-25","009","Antrim","",9901,10464,563,5.4,4.8,57.7,60.7,21177,2025-11-01,"Nov-25",49.4120980308826,46.7535533833876
"345",2025,"Nov-25","011","Arenac","",6068,6507,439,6.7,4.8,57.7,60.7,12745,2025-11-01,"Nov-25",51.0553158101216,47.6108277755983
"346",2025,"Nov-25","013","Baraga","",2956,3139,183,5.8,4.8,57.7,60.7,6867,2025-11-01,"Nov-25",45.711373234309,43.0464540556284
"347",2025,"Nov-25","015","Barry","",29230,30562,1332,4.4,4.8,57.7,60.7,52474,2025-11-01,"Nov-25",58.242177078172,55.7037771086633
"348",2025,"Nov-25","017","Bay","",46595,49053,2458,5,4.8,57.7,60.7,85645,2025-11-01,"Nov-25",57.2747971276782,54.4048105551988
"349",2025,"Nov-25","019","Benzie","",8530,8953,423,4.7,4.8,57.7,60.7,15903,2025-11-01,"Nov-25",56.2975539206439,53.6376784254543
"350",2025,"Nov-25","029","Charlevoix","",12262,12879,617,4.8,4.8,57.7,60.7,22173,2025-11-01,"Nov-25",58.0841564064403,55.3014928065665
"351",2025,"Nov-25","031","Cheboygan","",9864,10671,807,7.6,4.8,57.7,60.7,22353,2025-11-01,"Nov-25",47.7385585827406,44.1283049255134
"352",2025,"Nov-25","033","Chippewa","",16422,17342,920,5.3,4.8,57.7,60.7,30527,2025-11-01,"Nov-25",56.8087267009533,53.795001146526
"353",2025,"Nov-25","035","Clare","",11261,12038,777,6.5,4.8,57.7,60.7,26277,2025-11-01,"Nov-25",45.8119267800738,42.8549682231609
"354",2025,"Nov-25","037","Clinton","",40744,42316,1572,3.7,4.8,57.7,60.7,65958,2025-11-01,"Nov-25",64.1559780466357,61.7726431971861
"355",2025,"Nov-25","039","Crawford","",5129,5478,349,6.4,4.8,57.7,60.7,11609,2025-11-01,"Nov-25",47.1875269187699,44.1812386941166
"356",2025,"Nov-25","041","Delta","",15639,16520,881,5.3,4.8,57.7,60.7,30779,2025-11-01,"Nov-25",53.6729588355697,50.8106176289028
"357",2025,"Nov-25","043","Dickinson","",11719,12240,521,4.3,4.8,57.7,60.7,21523,2025-11-01,"Nov-25",56.8693955303629,54.4487292663662
"358",2025,"Nov-25","045","Eaton","",55021,57294,2273,4,4.8,57.7,60.7,90126,2025-11-01,"Nov-25",63.5710005991612,61.0489758782149
"359",2025,"Nov-25","047","Emmet","",16241,17138,897,5.2,4.8,57.7,60.7,28879,2025-11-01,"Nov-25",59.3441601163475,56.2380968870113
"360",2025,"Nov-25","049","Genesee","",176268,186374,10106,5.4,4.8,57.7,60.7,327211,2025-11-01,"Nov-25",56.958354089563,53.8698271146141
"361",2025,"Nov-25","051","Gladwin","",9674,10279,605,5.9,4.8,57.7,60.7,21734,2025-11-01,"Nov-25",47.2945615165179,44.5109045734793
"362",2025,"Nov-25","053","Gogebic","",5392,5706,314,5.5,4.8,57.7,60.7,12303,2025-11-01,"Nov-25",46.3789319678127,43.8267089327806
"363",2025,"Nov-25","055","Grand Traverse","",51126,53033,1907,3.6,4.8,57.7,60.7,81129,2025-11-01,"Nov-25",65.3687337450233,63.0181562696446
"364",2025,"Nov-25","057","Gratiot","",16610,17436,826,4.7,4.8,57.7,60.7,36741,2025-11-01,"Nov-25",47.4565199640728,45.208350344302
"365",2025,"Nov-25","059","Hillsdale","",19779,20709,930,4.5,4.8,57.7,60.7,37096,2025-11-01,"Nov-25",55.8254259219323,53.3184170800086
"366",2025,"Nov-25","061","Houghton","",17195,18049,854,4.7,4.8,57.7,60.7,31496,2025-11-01,"Nov-25",57.3056896113792,54.5942341884684
"367",2025,"Nov-25","063","Huron","",13192,13918,726,5.2,4.8,57.7,60.7,25621,2025-11-01,"Nov-25",54.3226259708833,51.4890129190898
"368",2025,"Nov-25","065","Ingham","",146613,153246,6633,4.3,4.8,57.7,60.7,241307,2025-11-01,"Nov-25",63.5066533502965,60.7578727513085
"369",2025,"Nov-25","067","Ionia","",30251,31626,1375,4.3,4.8,57.7,60.7,54744,2025-11-01,"Nov-25",57.7707145988602,55.259023819962
"370",2025,"Nov-25","069","Iosco","",8834,9475,641,6.8,4.8,57.7,60.7,21454,2025-11-01,"Nov-25",44.1642584133495,41.1764705882353
"371",2025,"Nov-25","071","Iron","",3933,4206,273,6.5,4.8,57.7,60.7,10110,2025-11-01,"Nov-25",41.6023738872404,38.9020771513353
"372",2025,"Nov-25","073","Isabella","",29763,31353,1590,5.1,4.8,57.7,60.7,54067,2025-11-01,"Nov-25",57.9891615957978,55.048365916363
"373",2025,"Nov-25","075","Jackson","",69478,72874,3396,4.7,4.8,57.7,60.7,131438,2025-11-01,"Nov-25",55.4436312177605,52.8599035286599
"374",2025,"Nov-25","079","Kalkaska","",8302,8724,422,4.8,4.8,57.7,60.7,15621,2025-11-01,"Nov-25",55.8478970616478,53.1464054798028
"375",2025,"Nov-25","081","Kent","",345259,359164,13905,3.9,4.8,57.7,60.7,541138,2025-11-01,"Nov-25",66.3719790515543,63.8023942136756
"376",2025,"Nov-25","083","Keweenaw","",825,880,55,6.3,4.8,57.7,60.7,1890,2025-11-01,"Nov-25",46.5608465608466,43.6507936507937
"377",2025,"Nov-25","085","Lake","",4169,4447,278,6.3,4.8,57.7,60.7,11463,2025-11-01,"Nov-25",38.7943819244526,36.3691878216872
"378",2025,"Nov-25","087","Lapeer","",40809,42888,2079,4.8,4.8,57.7,60.7,74376,2025-11-01,"Nov-25",57.6637625040336,54.8685059696676
"379",2025,"Nov-25","089","Leelanau","",10451,10888,437,4,4.8,57.7,60.7,19994,2025-11-01,"Nov-25",54.4563369010703,52.2706812043613
"380",2025,"Nov-25","091","Lenawee","",45887,48088,2201,4.6,4.8,57.7,60.7,80928,2025-11-01,"Nov-25",59.4207196520364,56.7010181890075
"381",2025,"Nov-25","093","Livingston","",97901,101814,3913,3.8,4.8,57.7,60.7,163617,2025-11-01,"Nov-25",62.2270301985735,59.8354694194369
"382",2025,"Nov-25","095","Luce","",2032,2187,155,7.1,4.8,57.7,60.7,5497,2025-11-01,"Nov-25",39.7853374567946,36.9656176096052
"383",2025,"Nov-25","097","Mackinac","",3888,4326,438,10.1,4.8,57.7,60.7,9749,2025-11-01,"Nov-25",44.3737819263514,39.8810134372756
"384",2025,"Nov-25","099","Macomb","",428446,450618,22172,4.9,4.8,57.7,60.7,732245,2025-11-01,"Nov-25",61.5392389159366,58.5112906199428
"385",2025,"Nov-25","101","Manistee","",10164,10751,587,5.5,4.8,57.7,60.7,22090,2025-11-01,"Nov-25",48.6690810321412,46.0117700316885
"386",2025,"Nov-25","103","Marquette","",31730,33269,1539,4.6,4.8,57.7,60.7,58013,2025-11-01,"Nov-25",57.3474910795856,54.6946374088566
"387",2025,"Nov-25","105","Mason","",11852,12561,709,5.6,4.8,57.7,60.7,24539,2025-11-01,"Nov-25",51.1879049676026,48.2986266759037
"388",2025,"Nov-25","107","Mecosta","",16680,17621,941,5.3,4.8,57.7,60.7,35271,2025-11-01,"Nov-25",49.958889739446,47.2909755890108
"389",2025,"Nov-25","109","Menominee","",10490,10967,477,4.3,4.8,57.7,60.7,19574,2025-11-01,"Nov-25",56.0284050270767,53.5914989271483
"390",2025,"Nov-25","111","Midland","",39631,41421,1790,4.3,4.8,57.7,60.7,68628,2025-11-01,"Nov-25",60.3558314390628,57.7475665908959
"391",2025,"Nov-25","113","Missaukee","",6650,6948,298,4.3,4.8,57.7,60.7,12407,2025-11-01,"Nov-25",56.0006447972919,53.5987748851455
"392",2025,"Nov-25","115","Monroe","",72547,76262,3715,4.9,4.8,57.7,60.7,128630,2025-11-01,"Nov-25",59.2878799657934,56.3997512244422
"393",2025,"Nov-25","117","Montcalm","",29972,31355,1383,4.4,4.8,57.7,60.7,57326,2025-11-01,"Nov-25",54.6959494819105,52.2834316017165
"394",2025,"Nov-25","119","Montmorency","",3445,3710,265,7.1,4.8,57.7,60.7,8583,2025-11-01,"Nov-25",43.2249796108587,40.1374810672259
"395",2025,"Nov-25","121","Muskegon","",79319,83510,4191,5,4.8,57.7,60.7,144549,2025-11-01,"Nov-25",57.772796767878,54.873433922061
"396",2025,"Nov-25","123","Newaygo","",21336,22430,1094,4.9,4.8,57.7,60.7,41980,2025-11-01,"Nov-25",53.4302048594569,50.8242020009528
"397",2025,"Nov-25","125","Oakland","",661124,690044,28920,4.2,4.8,57.7,60.7,1068897,2025-11-01,"Nov-25",64.5566410982536,61.8510483236458
"398",2025,"Nov-25","127","Oceana","",10788,11459,671,5.9,4.8,57.7,60.7,22335,2025-11-01,"Nov-25",51.3051264830983,48.3008730691739
"399",2025,"Nov-25","129","Ogemaw","",7186,7697,511,6.6,4.8,57.7,60.7,17839,2025-11-01,"Nov-25",43.1470373899882,40.2825270474802
"400",2025,"Nov-25","131","Ontonagon","",2132,2301,169,7.3,4.8,57.7,60.7,5218,2025-11-01,"Nov-25",44.0973553085473,40.8585665005749
"401",2025,"Nov-25","133","Osceola","",9416,9966,550,5.5,4.8,57.7,60.7,18954,2025-11-01,"Nov-25",52.5799303577081,49.6781681966867
"402",2025,"Nov-25","135","Oscoda","",2090,2330,240,10.3,4.8,57.7,60.7,7227,2025-11-01,"Nov-25",32.2402103224021,28.9193302891933
"403",2025,"Nov-25","137","Otsego","",11525,12138,613,5.1,4.8,57.7,60.7,21586,2025-11-01,"Nov-25",56.2308903919207,53.3910868155286
"404",2025,"Nov-25","139","Ottawa","",156282,162484,6202,3.8,4.8,57.7,60.7,249773,2025-11-01,"Nov-25",65.0526678223827,62.5696132087936
"405",2025,"Nov-25","141","Presque Isle","",4320,4682,362,7.7,4.8,57.7,60.7,11433,2025-11-01,"Nov-25",40.9516312428934,37.7853581737077
"406",2025,"Nov-25","143","Roscommon","",8153,8759,606,6.9,4.8,57.7,60.7,21048,2025-11-01,"Nov-25",41.6144051691372,38.7352717597872
"407",2025,"Nov-25","145","Saginaw","",80239,84789,4550,5.4,4.8,57.7,60.7,156196,2025-11-01,"Nov-25",54.2837204537888,51.3707137186612
"408",2025,"Nov-25","151","Sanilac","",17334,18264,930,5.1,4.8,57.7,60.7,33009,2025-11-01,"Nov-25",55.3303644460602,52.51295101336
"409",2025,"Nov-25","153","Schoolcraft","",3199,3423,224,6.5,4.8,57.7,60.7,7002,2025-11-01,"Nov-25",48.8860325621251,45.6869465866895
"410",2025,"Nov-25","155","Shiawassee","",32247,33794,1547,4.6,4.8,57.7,60.7,55733,2025-11-01,"Nov-25",60.6355301168069,57.8597958121759
"411",2025,"Nov-25","147","St. Clair","",73427,77358,3931,5.1,4.8,57.7,60.7,133593,2025-11-01,"Nov-25",57.905728593564,54.96320915018
"412",2025,"Nov-25","157","Tuscola","",22986,24203,1217,5,4.8,57.7,60.7,43640,2025-11-01,"Nov-25",55.4605866177818,52.6718606782768
"413",2025,"Nov-25","161","Washtenaw","",195790,203916,8126,4,4.8,57.7,60.7,314697,2025-11-01,"Nov-25",64.7975671836719,62.215400845893
"414",2025,"Nov-25","163","Wayne","",771848,823261,51413,6.2,4.8,57.7,60.7,1416060,2025-11-01,"Nov-25",58.1374376791944,54.5067299408217
"415",2025,"Nov-25","165","Wexford","",14212,14928,716,4.8,4.8,57.7,60.7,27841,2025-11-01,"Nov-25",53.6187636938328,51.0470169893323
"416",2025,"Dec-25","077","Kalamazoo","",130441,136087,5646,4.1,4.8,57.1,60,215483,2025-12-01,"Dec-25",63.1544019713852,60.5342416803182
"417",2025,"Dec-25","021","Berrien","",70411,73918,3507,4.7,4.8,57.1,60,125530,2025-12-01,"Dec-25",58.8847287500996,56.090974269099
"418",2025,"Dec-25","023","Branch","",21326,22216,890,4,4.8,57.1,60,36500,2025-12-01,"Dec-25",60.8657534246575,58.427397260274
"419",2025,"Dec-25","025","Calhoun","",59313,62479,3166,5.1,4.8,57.1,60,108159,2025-12-01,"Dec-25",57.7658817111845,54.8387096774194
"420",2025,"Dec-25","027","Cass","",22367,23463,1096,4.7,4.8,57.1,60,42709,2025-12-01,"Dec-25",54.9368985459739,52.370694701351
"421",2025,"Dec-25","149","St. Joseph","",26431,27590,1159,4.2,4.8,57.1,60,48445,2025-12-01,"Dec-25",56.9511817525028,54.5587779956652
"422",2025,"Dec-25","159","Van Buren","",33564,35466,1902,5.4,4.8,57.1,60,61380,2025-12-01,"Dec-25",57.7810361681329,54.6823069403715
"423",2025,"Dec-25","001","Alcona","",2957,3270,313,9.6,4.8,57.1,60,9319,2025-12-01,"Dec-25",35.0896018886147,31.7308724112029
"424",2025,"Dec-25","003","Alger","",3023,3331,308,9.2,4.8,57.1,60,7540,2025-12-01,"Dec-25",44.1777188328912,40.0928381962865
"425",2025,"Dec-25","005","Allegan","",59830,62476,2646,4.2,4.8,57.1,60,99560,2025-12-01,"Dec-25",62.7521092808357,60.0944154278827
"426",2025,"Dec-25","007","Alpena","",12723,13417,694,5.2,4.8,57.1,60,24206,2025-12-01,"Dec-25",55.4284061802859,52.5613484260101
"427",2025,"Dec-25","009","Antrim","",9612,10235,623,6.1,4.8,57.1,60,21177,2025-12-01,"Dec-25",48.33073617604,45.388865278368
"428",2025,"Dec-25","011","Arenac","",5899,6399,500,7.8,4.8,57.1,60,12745,2025-12-01,"Dec-25",50.2079246763437,46.2848175755198
"429",2025,"Dec-25","013","Baraga","",2934,3146,212,6.7,4.8,57.1,60,6867,2025-12-01,"Dec-25",45.8133100334935,42.7260812581913
"430",2025,"Dec-25","015","Barry","",28592,30002,1410,4.7,4.8,57.1,60,52474,2025-12-01,"Dec-25",57.174981895796,54.4879368830278
"431",2025,"Dec-25","017","Bay","",45628,48396,2768,5.7,4.8,57.1,60,85645,2025-12-01,"Dec-25",56.5076770389398,53.2757312160663
"432",2025,"Dec-25","019","Benzie","",8346,8850,504,5.7,4.8,57.1,60,15903,2025-12-01,"Dec-25",55.6498773816261,52.4806640256555
"433",2025,"Dec-25","029","Charlevoix","",12177,12837,660,5.1,4.8,57.1,60,22173,2025-12-01,"Dec-25",57.8947368421053,54.9181436882695
"434",2025,"Dec-25","031","Cheboygan","",9539,10690,1151,10.8,4.8,57.1,60,22353,2025-12-01,"Dec-25",47.823558359057,42.6743613832595
"435",2025,"Dec-25","033","Chippewa","",16079,17270,1191,6.9,4.8,57.1,60,30527,2025-12-01,"Dec-25",56.5728699184329,52.6714056409081
"436",2025,"Dec-25","035","Clare","",10994,11840,846,7.1,4.8,57.1,60,26277,2025-12-01,"Dec-25",45.0584161053393,41.8388704951098
"437",2025,"Dec-25","037","Clinton","",39883,41503,1620,3.9,4.8,57.1,60,65958,2025-12-01,"Dec-25",62.9233754813669,60.467267048728
"438",2025,"Dec-25","039","Crawford","",4991,5379,388,7.2,4.8,57.1,60,11609,2025-12-01,"Dec-25",46.3347402877078,42.9925058144543
"439",2025,"Dec-25","041","Delta","",15399,16477,1078,6.5,4.8,57.1,60,30779,2025-12-01,"Dec-25",53.5332531921115,50.0308652002989
"440",2025,"Dec-25","043","Dickinson","",11538,12116,578,4.8,4.8,57.1,60,21523,2025-12-01,"Dec-25",56.2932676671468,53.6077684337685
"441",2025,"Dec-25","045","Eaton","",54007,56449,2442,4.3,4.8,57.1,60,90126,2025-12-01,"Dec-25",62.6334243170672,59.9238843397022
"442",2025,"Dec-25","047","Emmet","",16205,17251,1046,6.1,4.8,57.1,60,28879,2025-12-01,"Dec-25",59.7354479033207,56.1134388309844
"443",2025,"Dec-25","049","Genesee","",173030,183702,10672,5.8,4.8,57.1,60,327211,2025-12-01,"Dec-25",56.1417556255749,52.8802515807843
"444",2025,"Dec-25","051","Gladwin","",9431,10091,660,6.5,4.8,57.1,60,21734,2025-12-01,"Dec-25",46.4295573755406,43.3928407104077
"445",2025,"Dec-25","053","Gogebic","",5390,5724,334,5.8,4.8,57.1,60,12303,2025-12-01,"Dec-25",46.525237746891,43.8104527351053
"446",2025,"Dec-25","055","Grand Traverse","",49983,51919,1936,3.7,4.8,57.1,60,81129,2025-12-01,"Dec-25",63.9956119266847,61.609288910254
"447",2025,"Dec-25","057","Gratiot","",16296,17216,920,5.3,4.8,57.1,60,36741,2025-12-01,"Dec-25",46.8577338667973,44.3537192781906
"448",2025,"Dec-25","059","Hillsdale","",19297,20276,979,4.8,4.8,57.1,60,37096,2025-12-01,"Dec-25",54.6581841708001,52.0190856156998
"449",2025,"Dec-25","061","Houghton","",16426,17346,920,5.3,4.8,57.1,60,31496,2025-12-01,"Dec-25",55.0736601473203,52.1526543053086
"450",2025,"Dec-25","063","Huron","",12788,13596,808,5.9,4.8,57.1,60,25621,2025-12-01,"Dec-25",53.0658444244955,49.9121814136841
"451",2025,"Dec-25","065","Ingham","",143929,150803,6874,4.6,4.8,57.1,60,241307,2025-12-01,"Dec-25",62.4942500631975,59.6455966880364
"452",2025,"Dec-25","067","Ionia","",29572,30960,1388,4.5,4.8,57.1,60,54744,2025-12-01,"Dec-25",56.554142919772,54.018705246237
"453",2025,"Dec-25","069","Iosco","",8541,9296,755,8.1,4.8,57.1,60,21454,2025-12-01,"Dec-25",43.3299151673348,39.8107579006246
"454",2025,"Dec-25","071","Iron","",3794,4128,334,8.1,4.8,57.1,60,10110,2025-12-01,"Dec-25",40.8308605341246,37.5272007912957
"455",2025,"Dec-25","073","Isabella","",29073,30677,1604,5.2,4.8,57.1,60,54067,2025-12-01,"Dec-25",56.7388610427803,53.7721715649102
"456",2025,"Dec-25","075","Jackson","",68407,71922,3515,4.9,4.8,57.1,60,131438,2025-12-01,"Dec-25",54.7193353520291,52.0450706797121
"457",2025,"Dec-25","079","Kalkaska","",8132,8632,500,5.8,4.8,57.1,60,15621,2025-12-01,"Dec-25",55.2589462902503,52.0581268804814
"458",2025,"Dec-25","081","Kent","",338432,352165,13733,3.9,4.8,57.1,60,541138,2025-12-01,"Dec-25",65.0785936304603,62.5407936607668
"459",2025,"Dec-25","083","Keweenaw","",777,838,61,7.3,4.8,57.1,60,1890,2025-12-01,"Dec-25",44.3386243386243,41.1111111111111
"460",2025,"Dec-25","085","Lake","",4079,4363,284,6.5,4.8,57.1,60,11463,2025-12-01,"Dec-25",38.0615894617465,35.5840530402163
"461",2025,"Dec-25","087","Lapeer","",40767,43133,2366,5.5,4.8,57.1,60,74376,2025-12-01,"Dec-25",57.9931698397332,54.8120361406905
"462",2025,"Dec-25","089","Leelanau","",10134,10569,435,4.1,4.8,57.1,60,19994,2025-12-01,"Dec-25",52.8608582574772,50.6852055616685
"463",2025,"Dec-25","091","Lenawee","",44986,47281,2295,4.9,4.8,57.1,60,80928,2025-12-01,"Dec-25",58.4235369711348,55.5876828786081
"464",2025,"Dec-25","093","Livingston","",97928,101547,3619,3.6,4.8,57.1,60,163617,2025-12-01,"Dec-25",62.0638442215662,59.8519713721679
"465",2025,"Dec-25","095","Luce","",2011,2169,158,7.3,4.8,57.1,60,5497,2025-12-01,"Dec-25",39.4578861197017,36.5835910496635
"466",2025,"Dec-25","097","Mackinac","",3622,4297,675,15.7,4.8,57.1,60,9749,2025-12-01,"Dec-25",44.0763155195405,37.1525284644579
"467",2025,"Dec-25","099","Macomb","",428935,449613,20678,4.6,4.8,57.1,60,732245,2025-12-01,"Dec-25",61.4019897711831,58.5780715470915
"468",2025,"Dec-25","101","Manistee","",9863,10527,664,6.3,4.8,57.1,60,22090,2025-12-01,"Dec-25",47.6550475328203,44.649162516976
"469",2025,"Dec-25","103","Marquette","",30541,32308,1767,5.5,4.8,57.1,60,58013,2025-12-01,"Dec-25",55.6909658180063,52.6450967886508
"470",2025,"Dec-25","105","Mason","",11584,12370,786,6.4,4.8,57.1,60,24539,2025-12-01,"Dec-25",50.4095521414891,47.2064876319328
"471",2025,"Dec-25","107","Mecosta","",16162,17210,1048,6.1,4.8,57.1,60,35271,2025-12-01,"Dec-25",48.7936264920189,45.8223469705991
"472",2025,"Dec-25","109","Menominee","",10329,10804,475,4.4,4.8,57.1,60,19574,2025-12-01,"Dec-25",55.195667722489,52.7689792581997
"473",2025,"Dec-25","111","Midland","",38916,40778,1862,4.6,4.8,57.1,60,68628,2025-12-01,"Dec-25",59.4188960774028,56.7057177828292
"474",2025,"Dec-25","113","Missaukee","",6564,6927,363,5.2,4.8,57.1,60,12407,2025-12-01,"Dec-25",55.8313855081809,52.9056177964053
"475",2025,"Dec-25","115","Monroe","",71430,74926,3496,4.7,4.8,57.1,60,128630,2025-12-01,"Dec-25",58.2492420119723,55.5313690429915
"476",2025,"Dec-25","117","Montcalm","",29292,30734,1442,4.7,4.8,57.1,60,57326,2025-12-01,"Dec-25",53.6126713882008,51.0972333670586
"477",2025,"Dec-25","119","Montmorency","",3370,3677,307,8.3,4.8,57.1,60,8583,2025-12-01,"Dec-25",42.8404986601421,39.2636607246883
"478",2025,"Dec-25","121","Muskegon","",77955,82162,4207,5.1,4.8,57.1,60,144549,2025-12-01,"Dec-25",56.8402410255346,53.9298092688293
"479",2025,"Dec-25","123","Newaygo","",20873,22002,1129,5.1,4.8,57.1,60,41980,2025-12-01,"Dec-25",52.4106717484516,49.7212958551691
"480",2025,"Dec-25","125","Oakland","",661384,687379,25995,3.8,4.8,57.1,60,1068897,2025-12-01,"Dec-25",64.3073186658771,61.8753724633898
"481",2025,"Dec-25","127","Oceana","",10274,11085,811,7.3,4.8,57.1,60,22335,2025-12-01,"Dec-25",49.6306245802552,45.9995522722185
"482",2025,"Dec-25","129","Ogemaw","",6940,7588,648,8.5,4.8,57.1,60,17839,2025-12-01,"Dec-25",42.5360165928583,38.9035259823981
"483",2025,"Dec-25","131","Ontonagon","",2117,2285,168,7.4,4.8,57.1,60,5218,2025-12-01,"Dec-25",43.7907244154849,40.5711000383289
"484",2025,"Dec-25","133","Osceola","",9257,9872,615,6.2,4.8,57.1,60,18954,2025-12-01,"Dec-25",52.0839928247336,48.8392951355914
"485",2025,"Dec-25","135","Oscoda","",1997,2259,262,11.6,4.8,57.1,60,7227,2025-12-01,"Dec-25",31.2577833125778,27.6324892763249
"486",2025,"Dec-25","137","Otsego","",11304,11965,661,5.5,4.8,57.1,60,21586,2025-12-01,"Dec-25",55.4294450106551,52.3672750857037
"487",2025,"Dec-25","139","Ottawa","",153038,159197,6159,3.9,4.8,57.1,60,249773,2025-12-01,"Dec-25",63.7366728989923,61.2708339171968
"488",2025,"Dec-25","141","Presque Isle","",4147,4611,464,10.1,4.8,57.1,60,11433,2025-12-01,"Dec-25",40.3306218840199,36.2721945246217
"489",2025,"Dec-25","143","Roscommon","",7858,8588,730,8.5,4.8,57.1,60,21048,2025-12-01,"Dec-25",40.8019764348157,37.3337134169517
"490",2025,"Dec-25","145","Saginaw","",78893,83807,4914,5.9,4.8,57.1,60,156196,2025-12-01,"Dec-25",53.6550231760096,50.5089759020718
"491",2025,"Dec-25","151","Sanilac","",16940,18027,1087,6,4.8,57.1,60,33009,2025-12-01,"Dec-25",54.612378442243,51.3193371504741
"492",2025,"Dec-25","153","Schoolcraft","",3090,3393,303,8.9,4.8,57.1,60,7002,2025-12-01,"Dec-25",48.4575835475578,44.1302485004285
"493",2025,"Dec-25","155","Shiawassee","",31617,33378,1761,5.3,4.8,57.1,60,55733,2025-12-01,"Dec-25",59.8891141693431,56.7294062763533
"494",2025,"Dec-25","147","St. Clair","",73375,77267,3892,5,4.8,57.1,60,133593,2025-12-01,"Dec-25",57.8376112520866,54.92428495505
"495",2025,"Dec-25","157","Tuscola","",22639,24012,1373,5.7,4.8,57.1,60,43640,2025-12-01,"Dec-25",55.0229147571036,51.8767186067828
"496",2025,"Dec-25","161","Washtenaw","",192882,200437,7555,3.8,4.8,57.1,60,314697,2025-12-01,"Dec-25",63.6920593459741,61.2913373816719
"497",2025,"Dec-25","163","Wayne","",776367,822244,45877,5.6,4.8,57.1,60,1416060,2025-12-01,"Dec-25",58.0656186884737,54.8258548366595
"498",2025,"Dec-25","165","Wexford","",14131,14904,773,5.2,4.8,57.1,60,27841,2025-12-01,"Dec-25",53.532559893682,50.7560791638231
"499",2026,"Jan-26","077","Kalamazoo","",129644,135973,6329,4.7,5.6,56.6,59.9,216890.035769553,2026-01-01,"Jan-26",62.6921377543007,59.7740691682802
"500",2026,"Jan-26","021","Berrien","",69925,73973,4048,5.5,5.6,56.6,59.9,125646.970449933,2026-01-01,"Jan-26",58.8736837307797,55.6519586183441
"501",2026,"Jan-26","023","Branch","",21260,22337,1077,4.8,5.6,56.6,59.9,36793.6798957909,2026-01-01,"Jan-26",60.7087958129334,57.7816626665606
"502",2026,"Jan-26","025","Calhoun","",58561,62182,3621,5.8,5.6,56.6,59.9,108453.058801848,2026-01-01,"Jan-26",57.3354045399599,53.9966328722876
"503",2026,"Jan-26","027","Cass","",22202,23480,1278,5.4,5.6,56.6,59.9,42877.7601054037,2026-01-01,"Jan-26",54.760323165857,51.779757024206
"504",2026,"Jan-26","149","St. Joseph","",26247,27785,1538,5.5,5.6,56.6,59.9,48626.588750367,2026-01-01,"Jan-26",57.1395212249807,53.9766425622483
"505",2026,"Jan-26","159","Van Buren","",33392,35637,2245,6.3,5.6,56.6,59.9,61668.1732387319,2026-01-01,"Jan-26",57.7883179092088,54.1478663081713
"506",2026,"Jan-26","001","Alcona","",2913,3270,357,10.9,5.6,56.6,59.9,9391.69404499838,2026-01-01,"Jan-26",34.8179996530175,31.0167684982385
"507",2026,"Jan-26","003","Alger","",3003,3324,321,9.7,5.6,56.6,59.9,7535.69332067992,2026-01-01,"Jan-26",44.1100753248287,39.8503478340736
"508",2026,"Jan-26","005","Allegan","",59889,62914,3025,4.8,5.6,56.6,59.9,100478.134009602,2026-01-01,"Jan-26",62.6146182153302,59.604012943032
"509",2026,"Jan-26","007","Alpena","",12628,13448,820,6.1,5.6,56.6,59.9,24208.0005785454,2026-01-01,"Jan-26",55.5518823471874,52.1645724479687
"510",2026,"Jan-26","009","Antrim","",9479,10226,747,7.3,5.6,56.6,59.9,21375.1548706418,2026-01-01,"Jan-26",47.8405890478255,44.3458775263385
"511",2026,"Jan-26","011","Arenac","",5804,6418,614,9.6,5.6,56.6,59.9,12785.3038495852,2026-01-01,"Jan-26",50.1982594665377,45.3958706674641
"512",2026,"Jan-26","013","Baraga","",2927,3166,239,7.5,5.6,56.6,59.9,6859.44156165602,2026-01-01,"Jan-26",46.1553607759822,42.6711121261212
"513",2026,"Jan-26","015","Barry","",28392,30000,1608,5.4,5.6,56.6,59.9,52913.124827009,2026-01-01,"Jan-26",56.6967082327498,53.6577646714744
"514",2026,"Jan-26","017","Bay","",45497,48841,3344,6.8,5.6,56.6,59.9,85670.6802611973,2026-01-01,"Jan-26",57.010169466486,53.1068503965258
"515",2026,"Jan-26","019","Benzie","",8257,8837,580,6.6,5.6,56.6,59.9,16016.0800262625,2026-01-01,"Jan-26",55.1757982322107,51.5544377054842
"516",2026,"Jan-26","029","Charlevoix","",12271,13057,786,6,5.6,56.6,59.9,22201.7007845963,2026-01-01,"Jan-26",58.8108097063404,55.2705403926249
"517",2026,"Jan-26","031","Cheboygan","",9097,10459,1362,13,5.6,56.6,59.9,22468.4440259635,2026-01-01,"Jan-26",46.5497298696521,40.4878948871045
"518",2026,"Jan-26","033","Chippewa","",15986,17396,1410,8.1,5.6,56.6,59.9,30701.408951748,2026-01-01,"Jan-26",56.6618946620349,52.0692715605478
"519",2026,"Jan-26","035","Clare","",11022,12079,1057,8.8,5.6,56.6,59.9,26407.7419430033,2026-01-01,"Jan-26",45.7403742662682,41.7377601757437
"520",2026,"Jan-26","037","Clinton","",38804,40630,1826,4.5,5.6,56.6,59.9,66377.202668695,2026-01-01,"Jan-26",61.2107747335999,58.4598302427421
"521",2026,"Jan-26","039","Crawford","",4989,5446,457,8.4,5.6,56.6,59.9,11713.7707310456,2026-01-01,"Jan-26",46.4922877956473,42.5908967705627
"522",2026,"Jan-26","041","Delta","",15205,16364,1159,7.1,5.6,56.6,59.9,30831.1815031377,2026-01-01,"Jan-26",53.0761365675676,49.3169552988185
"523",2026,"Jan-26","043","Dickinson","",11529,12170,641,5.3,5.6,56.6,59.9,21585.0166187583,2026-01-01,"Jan-26",56.3817031737828,53.4120506072754
"524",2026,"Jan-26","045","Eaton","",52716,55422,2706,4.9,5.6,56.6,59.9,90396.9613670494,2026-01-01,"Jan-26",61.3095829349435,58.3161194832103
"525",2026,"Jan-26","047","Emmet","",16092,17339,1247,7.2,5.6,56.6,59.9,28881.6625485624,2026-01-01,"Jan-26",60.0346326006882,55.7170141190538
"526",2026,"Jan-26","049","Genesee","",168854,185339,16485,8.9,5.6,56.6,59.9,327346.061423399,2026-01-01,"Jan-26",56.6186741927153,51.5827192988888
"527",2026,"Jan-26","051","Gladwin","",9357,10168,811,8,5.6,56.6,59.9,21871.9962713856,2026-01-01,"Jan-26",46.4886692272458,42.7807315066226
"528",2026,"Jan-26","053","Gogebic","",5420,5796,376,6.5,5.6,56.6,59.9,12292.9820817194,2026-01-01,"Jan-26",47.1488525849158,44.0901968616707
"529",2026,"Jan-26","055","Grand Traverse","",49591,51793,2202,4.3,5.6,56.6,59.9,81539.74049491,2026-01-01,"Jan-26",63.5187206699941,60.8181969908227
"530",2026,"Jan-26","057","Gratiot","",16180,17226,1046,6.1,5.6,56.6,59.9,37254.5286579461,2026-01-01,"Jan-26",46.2386738486512,43.43096150419
"531",2026,"Jan-26","059","Hillsdale","",19126,20315,1189,5.9,5.6,56.6,59.9,37124.4581339048,2026-01-01,"Jan-26",54.7213374178433,51.5185970688491
"532",2026,"Jan-26","061","Houghton","",16753,17761,1008,5.7,5.6,56.6,59.9,31584.3596410446,2026-01-01,"Jan-26",56.233528879019,53.0420758577898
"533",2026,"Jan-26","063","Huron","",12463,13374,911,6.8,5.6,56.6,59.9,25503.2993716185,2026-01-01,"Jan-26",52.4402737274196,48.8681868898482
"534",2026,"Jan-26","065","Ingham","",140712,148295,7583,5.1,5.6,56.6,59.9,247299.862417827,2026-01-01,"Jan-26",59.9656621520668,56.8993442310369
"535",2026,"Jan-26","067","Ionia","",29112,30683,1571,5.1,5.6,56.6,59.9,54753.7368032523,2026-01-01,"Jan-26",56.0381844078585,53.1689738448514
"536",2026,"Jan-26","069","Iosco","",8434,9310,876,9.4,5.6,56.6,59.9,21469.9302081922,2026-01-01,"Jan-26",43.3629728169662,39.2828477699563
"537",2026,"Jan-26","071","Iron","",3782,4158,376,9,5.6,56.6,59.9,10171.3522912112,2026-01-01,"Jan-26",40.879520057454,37.1828631210416
"538",2026,"Jan-26","073","Isabella","",28516,30334,1818,6,5.6,56.6,59.9,54302.0242406732,2026-01-01,"Jan-26",55.8616376169625,52.5136961259743
"539",2026,"Jan-26","075","Jackson","",68364,72471,4107,5.7,5.6,56.6,59.9,131654.441415082,2026-01-01,"Jan-26",55.0463768795405,51.926846724799
"540",2026,"Jan-26","079","Kalkaska","",8017,8593,576,6.7,5.6,56.6,59.9,15858.8442775365,2026-01-01,"Jan-26",54.1842762916318,50.5522335656944
"541",2026,"Jan-26","081","Kent","",338820,354401,15581,4.4,5.6,56.6,59.9,545828.343731221,2026-01-01,"Jan-26",64.9290210137045,62.0744605682923
"542",2026,"Jan-26","083","Keweenaw","",800,861,61,7.1,5.6,56.6,59.9,1905.39155719293,2026-01-01,"Jan-26",45.1875624592589,41.9861207519246
"543",2026,"Jan-26","085","Lake","",4036,4376,340,7.8,5.6,56.6,59.9,11724.2466358508,2026-01-01,"Jan-26",37.3243598153157,34.4243867035224
"544",2026,"Jan-26","087","Lapeer","",40145,43174,3029,7,5.6,56.6,59.9,74685.2859499582,2026-01-01,"Jan-26",57.8079061368636,53.7522210558296
"545",2026,"Jan-26","089","Leelanau","",9969,10479,510,4.9,5.6,56.6,59.9,20111.7606263643,2026-01-01,"Jan-26",52.1038420985538,49.5680123943586
"546",2026,"Jan-26","091","Lenawee","",44498,47249,2751,5.8,5.6,56.6,59.9,80771.5172793897,2026-01-01,"Jan-26",58.4971059000478,55.0912023183629
"547",2026,"Jan-26","093","Livingston","",96706,100911,4205,4.2,5.6,56.6,59.9,164564.857059494,2026-01-01,"Jan-26",61.3198964852614,58.7646729246929
"548",2026,"Jan-26","095","Luce","",1994,2165,171,7.9,5.6,56.6,59.9,5651.07973364509,2026-01-01,"Jan-26",38.311262662074,35.2852922624367
"549",2026,"Jan-26","097","Mackinac","",3523,4346,823,18.9,5.6,56.6,59.9,9824.32714177764,2026-01-01,"Jan-26",44.2371262406234,35.8599622056411
"550",2026,"Jan-26","099","Macomb","",424072,447489,23417,5.2,5.6,56.6,59.9,734653.258661509,2026-01-01,"Jan-26",60.9115926083682,57.7241024932812
"551",2026,"Jan-26","101","Manistee","",9833,10567,734,6.9,5.6,56.6,59.9,22184.8500417325,2026-01-01,"Jan-26",47.631604361184,44.3230401896018
"552",2026,"Jan-26","103","Marquette","",30812,32838,2026,6.2,5.6,56.6,59.9,58643.9199783174,2026-01-01,"Jan-26",55.99557466851,52.5408260760744
"553",2026,"Jan-26","105","Mason","",11282,12175,893,7.3,5.6,56.6,59.9,24600.1888981845,2026-01-01,"Jan-26",49.4914898840412,45.8614364576389
"554",2026,"Jan-26","107","Mecosta","",15169,16441,1272,7.7,5.6,56.6,59.9,35701.580867763,2026-01-01,"Jan-26",46.0511820496037,42.4883146104518
"555",2026,"Jan-26","109","Menominee","",10184,10731,547,5.1,5.6,56.6,59.9,19551.1354794431,2026-01-01,"Jan-26",54.886837704557,52.089046238301
"556",2026,"Jan-26","111","Midland","",38677,40888,2211,5.4,5.6,56.6,59.9,68826.9394106915,2026-01-01,"Jan-26",59.4069710931364,56.1945661555771
"557",2026,"Jan-26","113","Missaukee","",6343,6774,431,6.4,5.6,56.6,59.9,12452.7077398579,2026-01-01,"Jan-26",54.3978076215357,50.936712982492
"558",2026,"Jan-26","115","Monroe","",71003,75284,4281,5.7,5.6,56.6,59.9,128988.80429425,2026-01-01,"Jan-26",58.364755307183,55.0458626145783
"559",2026,"Jan-26","117","Montcalm","",29084,30769,1685,5.5,5.6,56.6,59.9,57967.7135283197,2026-01-01,"Jan-26",53.0795474362949,50.1727569188859
"560",2026,"Jan-26","119","Montmorency","",3320,3680,360,9.8,5.6,56.6,59.9,8748.44050296398,2026-01-01,"Jan-26",42.0646399635822,37.9496208367101
"561",2026,"Jan-26","121","Muskegon","",77531,82243,4712,5.7,5.6,56.6,59.9,145511.485848659,2026-01-01,"Jan-26",56.5199369110546,53.2817045663579
"562",2026,"Jan-26","123","Newaygo","",20547,21903,1356,6.2,5.6,56.6,59.9,42333.7135842899,2026-01-01,"Jan-26",51.7389053440571,48.5357845091696
"563",2026,"Jan-26","125","Oakland","",654235,683217,28982,4.2,5.6,56.6,59.9,1073673.64626683,2026-01-01,"Jan-26",63.6335819897926,60.934251508806
"564",2026,"Jan-26","127","Oceana","",9595,10544,949,9,5.6,56.6,59.9,22461.7377148328,2026-01-01,"Jan-26",46.9420493368025,42.7170868158782
"565",2026,"Jan-26","129","Ogemaw","",6776,7560,784,10.4,5.6,56.6,59.9,17941.466931112,2026-01-01,"Jan-26",42.1370227363646,37.7672574155564
"566",2026,"Jan-26","131","Ontonagon","",2072,2256,184,8.2,5.6,56.6,59.9,5216.35175931924,2026-01-01,"Jan-26",43.2486171196096,39.721247638223
"567",2026,"Jan-26","133","Osceola","",8995,9796,801,8.2,5.6,56.6,59.9,19087.990845667,2026-01-01,"Jan-26",51.3202257859616,47.1238700433569
"568",2026,"Jan-26","135","Oscoda","",1995,2281,286,12.5,5.6,56.6,59.9,7310.00101401213,2026-01-01,"Jan-26",31.2038260408949,27.2913778832027
"569",2026,"Jan-26","137","Otsego","",11611,12370,759,6.1,5.6,56.6,59.9,21847.9417157526,2026-01-01,"Jan-26",56.6186058207995,53.1445943561279
"570",2026,"Jan-26","139","Ottawa","",152904,159810,6906,4.3,5.6,56.6,59.9,253153.741301985,2026-01-01,"Jan-26",63.1276469303148,60.3996603856633
"571",2026,"Jan-26","141","Presque Isle","",4061,4609,548,11.9,5.6,56.6,59.9,11437.6586535221,2026-01-01,"Jan-26",40.2967087899646,35.5055184196238
"572",2026,"Jan-26","143","Roscommon","",7919,8795,876,10,5.6,56.6,59.9,21176.326150461,2026-01-01,"Jan-26",41.5322277221752,37.3955328404668
"573",2026,"Jan-26","145","Saginaw","",77981,84090,6109,7.3,5.6,56.6,59.9,156578.266276366,2026-01-01,"Jan-26",53.7047714218385,49.8032082322082
"574",2026,"Jan-26","151","Sanilac","",16363,17704,1341,7.6,5.6,56.6,59.9,33040.9787066876,2026-01-01,"Jan-26",53.5819479112967,49.523351427505
"575",2026,"Jan-26","153","Schoolcraft","",3012,3391,379,11.2,5.6,56.6,59.9,7055.14038647377,2026-01-01,"Jan-26",48.0642455606026,42.6922759152271
"576",2026,"Jan-26","155","Shiawassee","",31039,33221,2182,6.6,5.6,56.6,59.9,55764.3348392181,2026-01-01,"Jan-26",59.5739195953544,55.6610243617051
"577",2026,"Jan-26","147","St. Clair","",72339,76943,4604,6,5.6,56.6,59.9,133925.765031087,2026-01-01,"Jan-26",57.4519772070294,54.0142518381049
"578",2026,"Jan-26","157","Tuscola","",22260,23984,1724,7.2,5.6,56.6,59.9,43693.4824938698,2026-01-01,"Jan-26",54.891481820807,50.945813264308
"579",2026,"Jan-26","161","Washtenaw","",192404,200951,8547,4.3,5.6,56.6,59.9,316759.951405177,2026-01-01,"Jan-26",63.4395222971094,60.7412645274372
"580",2026,"Jan-26","163","Wayne","",767899,819321,51422,6.3,5.6,56.6,59.9,1416146.36863717,2026-01-01,"Jan-26",57.855672135676,54.2245503011804
"581",2026,"Jan-26","165","Wexford","",14025,14934,909,6.1,5.6,56.6,59.9,28058.6603425891,2026-01-01,"Jan-26",53.2242089168181,49.9845674339342
"582",2026,"Feb-26","077","Kalamazoo","",130055,135565,5510,4.1,5.3,56.5,59.6,216890.035769553,2026-02-01,"Feb-26",62.5040239949238,59.9635661170643
"583",2026,"Feb-26","021","Berrien","",69664,73283,3619,4.9,5.3,56.5,59.6,125646.970449933,2026-02-01,"Feb-26",58.32452604116,55.4442337531402
"584",2026,"Feb-26","023","Branch","",21225,22104,879,4,5.3,56.5,59.6,36793.6798957909,2026-02-01,"Feb-26",60.0755348815454,57.6865376339487
"585",2026,"Feb-26","025","Calhoun","",58554,61780,3226,5.2,5.3,56.5,59.6,108453.058801848,2026-02-01,"Feb-26",56.9647372628529,53.9901784669649
"586",2026,"Feb-26","027","Cass","",22265,23410,1145,4.9,5.3,56.5,59.6,42877.7601054037,2026-02-01,"Feb-26",54.597068369366,51.926686341048
"587",2026,"Feb-26","149","St. Joseph","",26090,27323,1233,4.5,5.3,56.5,59.6,48626.588750367,2026-02-01,"Feb-26",56.1894237333146,53.653773934128
"588",2026,"Feb-26","159","Van Buren","",33247,35296,2049,5.8,5.3,56.5,59.6,61668.1732387319,2026-02-01,"Feb-26",57.2353584455323,53.9127369174584
"589",2026,"Feb-26","001","Alcona","",2883,3216,333,10.4,5.3,56.5,59.6,9391.69404499838,2026-02-01,"Feb-26",34.2430235119585,30.6973373087613
"590",2026,"Feb-26","003","Alger","",3016,3319,303,9.1,5.3,56.5,59.6,7535.69332067992,2026-02-01,"Feb-26",44.0437244293341,40.0228601623596
"591",2026,"Feb-26","005","Allegan","",59803,62550,2747,4.4,5.3,56.5,59.6,100478.134009602,2026-02-01,"Feb-26",62.2523503412421,59.5184221815716
"592",2026,"Feb-26","007","Alpena","",12626,13388,762,5.7,5.3,56.5,59.6,24208.0005785454,2026-02-01,"Feb-26",55.3040304033422,52.1563107165072
"593",2026,"Feb-26","009","Antrim","",9404,10092,688,6.8,5.3,56.5,59.6,21375.1548706418,2026-02-01,"Feb-26",47.2136930051491,43.9950028755868
"594",2026,"Feb-26","011","Arenac","",5734,6295,561,8.9,5.3,56.5,59.6,12785.3038495852,2026-02-01,"Feb-26",49.2362174106972,44.8483670584492
"595",2026,"Feb-26","013","Baraga","",2922,3147,225,7.1,5.3,56.5,59.6,6859.44156165602,2026-02-01,"Feb-26",45.8783702975413,42.5982198949526
"596",2026,"Feb-26","015","Barry","",28274,29736,1462,4.9,5.3,56.5,59.6,52913.124827009,2026-02-01,"Feb-26",56.1977772003016,53.4347576190923
"597",2026,"Feb-26","017","Bay","",45427,48488,3061,6.3,5.3,56.5,59.6,85670.6802611973,2026-02-01,"Feb-26",56.5981265144238,53.0251421624058
"598",2026,"Feb-26","019","Benzie","",8214,8775,561,6.4,5.3,56.5,59.6,16016.0800262625,2026-02-01,"Feb-26",54.7886872793537,51.2859575285027
"599",2026,"Feb-26","029","Charlevoix","",12195,12935,740,5.7,5.3,56.5,59.6,22201.7007845963,2026-02-01,"Feb-26",58.261302255611,54.9282242757771
"600",2026,"Feb-26","031","Cheboygan","",9071,10422,1351,13,5.3,56.5,59.6,22468.4440259635,2026-02-01,"Feb-26",46.3850544699794,40.3721770386858
"601",2026,"Feb-26","033","Chippewa","",15952,17306,1354,7.8,5.3,56.5,59.6,30701.408951748,2026-02-01,"Feb-26",56.3687485066208,51.9585274573914
"602",2026,"Feb-26","035","Clare","",11045,11978,933,7.8,5.3,56.5,59.6,26407.7419430033,2026-02-01,"Feb-26",45.3579106682143,41.8248558465876
"603",2026,"Feb-26","037","Clinton","",39311,40922,1611,3.9,5.3,56.5,59.6,66377.202668695,2026-02-01,"Feb-26",61.6506848055224,59.2236467032377
"604",2026,"Feb-26","039","Crawford","",4978,5402,424,7.8,5.3,56.5,59.6,11713.7707310456,2026-02-01,"Feb-26",46.1166615262737,42.4969902032193
"605",2026,"Feb-26","041","Delta","",15171,16227,1056,6.5,5.3,56.5,59.6,30831.1815031377,2026-02-01,"Feb-26",52.6317812320899,49.2066773323495
"606",2026,"Feb-26","043","Dickinson","",11506,12082,576,4.8,5.3,56.5,59.6,21585.0166187583,2026-02-01,"Feb-26",55.9740129618442,53.3054952109733
"607",2026,"Feb-26","045","Eaton","",53540,55962,2422,4.3,5.3,56.5,59.6,90396.9613670494,2026-02-01,"Feb-26",61.906948147041,59.2276545475962
"608",2026,"Feb-26","047","Emmet","",16011,17190,1179,6.9,5.3,56.5,59.6,28881.6625485624,2026-02-01,"Feb-26",59.5187343218081,55.4365593499982
"609",2026,"Feb-26","049","Genesee","",171790,183245,11455,6.3,5.3,56.5,59.6,327346.061423399,2026-02-01,"Feb-26",55.9789841989226,52.479629433452
"610",2026,"Feb-26","051","Gladwin","",9343,10086,743,7.4,5.3,56.5,59.6,21871.9962713856,2026-02-01,"Feb-26",46.1137606044454,42.716722717364
"611",2026,"Feb-26","053","Gogebic","",5375,5727,352,6.1,5.3,56.5,59.6,12292.9820817194,2026-02-01,"Feb-26",46.5875567208096,43.7241343416015
"612",2026,"Feb-26","055","Grand Traverse","",49370,51469,2099,4.1,5.3,56.5,59.6,81539.74049491,2026-02-01,"Feb-26",63.1213684120234,60.5471635062192
"613",2026,"Feb-26","057","Gratiot","",16154,17132,978,5.7,5.3,56.5,59.6,37254.5286579461,2026-02-01,"Feb-26",45.9863555308889,43.3611713311919
"614",2026,"Feb-26","059","Hillsdale","",19106,20116,1010,5,5.3,56.5,59.6,37124.4581339048,2026-02-01,"Feb-26",54.1853026580032,51.4647242286642
"615",2026,"Feb-26","061","Houghton","",17193,18078,885,4.9,5.3,56.5,59.6,31584.3596410446,2026-02-01,"Feb-26",57.2371901962111,54.4351704305486
"616",2026,"Feb-26","063","Huron","",12277,13110,833,6.4,5.3,56.5,59.6,25503.2993716185,2026-02-01,"Feb-26",51.4051135461695,48.138869489422
"617",2026,"Feb-26","065","Ingham","",143005,149531,6526,4.4,5.3,56.5,59.6,247299.862417827,2026-02-01,"Feb-26",60.4654602465403,57.8265586571112
"618",2026,"Feb-26","067","Ionia","",28898,30269,1371,4.5,5.3,56.5,59.6,54753.7368032523,2026-02-01,"Feb-26",55.2820716305925,52.7781329406608
"619",2026,"Feb-26","069","Iosco","",8413,9240,827,9,5.3,56.5,59.6,21469.9302081922,2026-02-01,"Feb-26",43.036935427365,39.1850365530759
"620",2026,"Feb-26","071","Iron","",3737,4078,341,8.4,5.3,56.5,59.6,10171.3522912112,2026-02-01,"Feb-26",40.0929973050258,36.7404440728007
"621",2026,"Feb-26","073","Isabella","",28969,30543,1574,5.2,5.3,56.5,59.6,54302.0242406732,2026-02-01,"Feb-26",56.2465219797879,53.3479191707585
"622",2026,"Feb-26","075","Jackson","",68374,72071,3697,5.1,5.3,56.5,59.6,131654.441415082,2026-02-01,"Feb-26",54.7425512009682,51.9344423667633
"623",2026,"Feb-26","079","Kalkaska","",7965,8526,561,6.6,5.3,56.5,59.6,15858.8442775365,2026-02-01,"Feb-26",53.7617990995523,50.2243408196029
"624",2026,"Feb-26","081","Kent","",338613,352334,13721,3.9,5.3,56.5,59.6,545828.343731221,2026-02-01,"Feb-26",64.5503305290972,62.0365365574971
"625",2026,"Feb-26","083","Keweenaw","",818,879,61,6.9,5.3,56.5,59.6,1905.39155719293,2026-02-01,"Feb-26",46.1322501761772,42.9308084688429
"626",2026,"Feb-26","085","Lake","",4038,4360,322,7.4,5.3,56.5,59.6,11724.2466358508,2026-02-01,"Feb-26",37.1878904924078,34.4414453688859
"627",2026,"Feb-26","087","Lapeer","",39823,42846,3023,7.1,5.3,56.5,59.6,74685.2859499582,2026-02-01,"Feb-26",57.3687299379269,53.3210785678491
"628",2026,"Feb-26","089","Leelanau","",9870,10374,504,4.9,5.3,56.5,59.6,20111.7606263643,2026-02-01,"Feb-26",51.581759512396,49.0757630988383
"629",2026,"Feb-26","091","Lenawee","",44495,46872,2377,5.1,5.3,56.5,59.6,80771.5172793897,2026-02-01,"Feb-26",58.0303572085556,55.087488137794
"630",2026,"Feb-26","093","Livingston","",96067,100450,4383,4.4,5.3,56.5,59.6,164564.857059494,2026-02-01,"Feb-26",61.0397637714868,58.3763761695911
"631",2026,"Feb-26","095","Luce","",1992,2150,158,7.3,5.3,56.5,59.6,5651.07973364509,2026-02-01,"Feb-26",38.0458266621058,35.2499007957743
"632",2026,"Feb-26","097","Mackinac","",3478,4287,809,18.9,5.3,56.5,59.6,9824.32714177764,2026-02-01,"Feb-26",43.6365762065238,35.4019155694634
"633",2026,"Feb-26","099","Macomb","",421539,446022,24483,5.5,5.3,56.5,59.6,734653.258661509,2026-02-01,"Feb-26",60.7119065683617,57.379313986576
"634",2026,"Feb-26","101","Manistee","",9782,10473,691,6.6,5.3,56.5,59.6,22184.8500417325,2026-02-01,"Feb-26",47.207891783352,44.0931535782249
"635",2026,"Feb-26","103","Marquette","",31115,33029,1914,5.8,5.3,56.5,59.6,58643.9199783174,2026-02-01,"Feb-26",56.3212691310743,53.0575036789905
"636",2026,"Feb-26","105","Mason","",11217,12068,851,7.1,5.3,56.5,59.6,24600.1888981845,2026-02-01,"Feb-26",49.0565338743827,45.5972108442949
"637",2026,"Feb-26","107","Mecosta","",15938,17022,1084,6.4,5.3,56.5,59.6,35701.580867763,2026-02-01,"Feb-26",47.6785609663861,44.6422808531466
"638",2026,"Feb-26","109","Menominee","",10176,10663,487,4.6,5.3,56.5,59.6,19551.1354794431,2026-02-01,"Feb-26",54.5390318184411,52.048127898758
"639",2026,"Feb-26","111","Midland","",38637,40717,2080,5.1,5.3,56.5,59.6,68826.9394106915,2026-02-01,"Feb-26",59.158521864587,56.1364493769691
"640",2026,"Feb-26","113","Missaukee","",6279,6708,429,6.4,5.3,56.5,59.6,12452.7077398579,2026-02-01,"Feb-26",53.8678024099884,50.422768534931
"641",2026,"Feb-26","115","Monroe","",71032,75036,4004,5.3,5.3,56.5,59.6,128988.80429425,2026-02-01,"Feb-26",58.1724905588144,55.0683451859601
"642",2026,"Feb-26","117","Montcalm","",28952,30488,1536,5,5.3,56.5,59.6,57967.7135283197,2026-02-01,"Feb-26",52.5947948336884,49.945043952537
"643",2026,"Feb-26","119","Montmorency","",3277,3598,321,8.9,5.3,56.5,59.6,8748.44050296398,2026-02-01,"Feb-26",41.1273300513502,37.4581046632225
"644",2026,"Feb-26","121","Muskegon","",77412,81636,4224,5.2,5.3,56.5,59.6,145511.485848659,2026-02-01,"Feb-26",56.1027877104538,53.1999240805729
"645",2026,"Feb-26","123","Newaygo","",20439,21640,1201,5.5,5.3,56.5,59.6,42333.7135842899,2026-02-01,"Feb-26",51.1176510818333,48.2806686904617
"646",2026,"Feb-26","125","Oakland","",650315,680858,30543,4.5,5.3,56.5,59.6,1073673.64626683,2026-02-01,"Feb-26",63.4138690436658,60.56914987726
"647",2026,"Feb-26","127","Oceana","",9343,10228,885,8.7,5.3,56.5,59.6,22461.7377148328,2026-02-01,"Feb-26",45.5352125015948,41.5951789599531
"648",2026,"Feb-26","129","Ogemaw","",6713,7458,745,10,5.3,56.5,59.6,17941.466931112,2026-02-01,"Feb-26",41.568507350239,37.41611555942
"649",2026,"Feb-26","131","Ontonagon","",2042,2199,157,7.1,5.3,56.5,59.6,5216.35175931924,2026-02-01,"Feb-26",42.1558993998323,39.1461330488665
"650",2026,"Feb-26","133","Osceola","",9052,9679,627,6.5,5.3,56.5,59.6,19087.990845667,2026-02-01,"Feb-26",50.7072749471541,47.4224871186733
"651",2026,"Feb-26","135","Oscoda","",1992,2254,262,11.6,5.3,56.5,59.6,7310.00101401213,2026-02-01,"Feb-26",30.8344690469869,27.2503382172129
"652",2026,"Feb-26","137","Otsego","",11497,12155,658,5.4,5.3,56.5,59.6,21847.9417157526,2026-02-01,"Feb-26",55.634531426986,52.6228060728966
"653",2026,"Feb-26","139","Ottawa","",152659,158652,5993,3.8,5.3,56.5,59.6,253153.741301985,2026-02-01,"Feb-26",62.6702173880753,60.302881251079
"654",2026,"Feb-26","141","Presque Isle","",4017,4534,517,11.4,5.3,56.5,59.6,11437.6586535221,2026-02-01,"Feb-26",39.6409801808851,35.1208243022972
"655",2026,"Feb-26","143","Roscommon","",7901,8698,797,9.2,5.3,56.5,59.6,21176.326150461,2026-02-01,"Feb-26",41.0741690423514,37.3105322607057
"656",2026,"Feb-26","145","Saginaw","",77704,82831,5127,6.2,5.3,56.5,59.6,156578.266276366,2026-02-01,"Feb-26",52.9007006973755,49.6262998996615
"657",2026,"Feb-26","151","Sanilac","",16174,17372,1198,6.9,5.3,56.5,59.6,33040.9787066876,2026-02-01,"Feb-26",52.5771350607234,48.9513344734135
"658",2026,"Feb-26","153","Schoolcraft","",2955,3296,341,10.3,5.3,56.5,59.6,7055.14038647377,2026-02-01,"Feb-26",46.7177096336615,41.8843543590624
"659",2026,"Feb-26","155","Shiawassee","",31230,33042,1812,5.5,5.3,56.5,59.6,55764.3348392181,2026-02-01,"Feb-26",59.2529258983685,56.0035371892152
"660",2026,"Feb-26","147","St. Clair","",71797,76573,4776,6.2,5.3,56.5,59.6,133925.765031087,2026-02-01,"Feb-26",57.1757047512297,53.6095500244739
"661",2026,"Feb-26","157","Tuscola","",22082,23599,1517,6.4,5.3,56.5,59.6,43693.4824938698,2026-02-01,"Feb-26",54.0103435410784,50.538429851862
"662",2026,"Feb-26","161","Washtenaw","",193431,200849,7418,3.7,5.3,56.5,59.6,316759.951405177,2026-02-01,"Feb-26",63.4073212566851,61.0654848070035
"663",2026,"Feb-26","163","Wayne","",762053,816621,54568,6.7,5.3,56.5,59.6,1416146.36863717,2026-02-01,"Feb-26",57.6650138774764,53.8117398650935
"664",2026,"Feb-26","165","Wexford","",13952,14824,872,5.9,5.3,56.5,59.6,28058.6603425891,2026-02-01,"Feb-26",52.8321730938068,49.7243982059359
"665",2026,"Mar-26","077","Kalamazoo","",129452,135019,5567,4.1,5.1,56.6,59.7,216890.035769553,2026-03-01,"Mar-26",62.2522835228165,59.6855450462205
"666",2026,"Mar-26","021","Berrien","",69848,73410,3562,4.9,5.1,56.6,59.7,125646.970449933,2026-03-01,"Mar-26",58.4256028912784,55.5906758037054
"667",2026,"Mar-26","023","Branch","",21281,22158,877,4,5.1,56.6,59.7,36793.6798957909,2026-03-01,"Mar-26",60.2222992175752,57.8387376861278
"668",2026,"Mar-26","025","Calhoun","",58417,61596,3179,5.2,5.1,56.6,59.7,108453.058801848,2026-03-01,"Mar-26",56.7950786086547,53.8638565342195
"669",2026,"Mar-26","027","Cass","",22221,23312,1091,4.7,5.1,56.6,59.7,42877.7601054037,2026-03-01,"Mar-26",54.3685116542785,51.8240690403964
"670",2026,"Mar-26","149","St. Joseph","",26156,27332,1176,4.3,5.1,56.6,59.7,48626.588750367,2026-03-01,"Mar-26",56.2079321260094,53.7895021472231
"671",2026,"Mar-26","159","Van Buren","",33264,35220,1956,5.6,5.1,56.6,59.7,61668.1732387319,2026-03-01,"Mar-26",57.1121182131586,53.940303811542
"672",2026,"Mar-26","001","Alcona","",2900,3229,329,10.2,5.1,56.6,59.7,9391.69404499838,2026-03-01,"Mar-26",34.3814436940653,30.8783483161317
"673",2026,"Mar-26","003","Alger","",2977,3303,326,9.9,5.1,56.6,59.7,7535.69332067992,2026-03-01,"Mar-26",43.8314015637513,39.5053231775015
"674",2026,"Mar-26","005","Allegan","",59797,62421,2624,4.2,5.1,56.6,59.7,100478.134009602,2026-03-01,"Mar-26",62.1239641990515,59.5124507330976
"675",2026,"Mar-26","007","Alpena","",12647,13410,763,5.7,5.1,56.6,59.7,24208.0005785454,2026-03-01,"Mar-26",55.3949094494188,52.243058896853
"676",2026,"Mar-26","009","Antrim","",9362,10040,678,6.8,5.1,56.6,59.7,21375.1548706418,2026-03-01,"Mar-26",46.9704199139612,43.7985130711658
"677",2026,"Mar-26","011","Arenac","",5815,6387,572,9,5.1,56.6,59.7,12785.3038495852,2026-03-01,"Mar-26",49.9557935825453,45.4819069488807
"678",2026,"Mar-26","013","Baraga","",2923,3158,235,7.4,5.1,56.6,59.7,6859.44156165602,2026-03-01,"Mar-26",46.0387332061123,42.6127983411863
"679",2026,"Mar-26","015","Barry","",28270,29683,1413,4.8,5.1,56.6,59.7,52913.124827009,2026-03-01,"Mar-26",56.0976130157571,53.4271980579946
"680",2026,"Mar-26","017","Bay","",45257,48257,3000,6.2,5.1,56.6,59.7,85670.6802611973,2026-03-01,"Mar-26",56.3284893418279,52.826707879543
"681",2026,"Mar-26","019","Benzie","",8200,8756,556,6.3,5.1,56.6,59.7,16016.0800262625,2026-03-01,"Mar-26",54.6700565034782,51.1985453778576
"682",2026,"Mar-26","029","Charlevoix","",12110,12836,726,5.7,5.1,56.6,59.7,22201.7007845963,2026-03-01,"Mar-26",57.8153904718224,54.5453707240394
"683",2026,"Mar-26","031","Cheboygan","",9088,10466,1378,13.2,5.1,56.6,59.7,22468.4440259635,2026-03-01,"Mar-26",46.5808846749956,40.4478387088057
"684",2026,"Mar-26","033","Chippewa","",15816,17207,1391,8.1,5.1,56.6,59.7,30701.408951748,2026-03-01,"Mar-26",56.0462877356653,51.5155510447657
"685",2026,"Mar-26","035","Clare","",11060,11960,900,7.5,5.1,56.6,59.7,26407.7419430033,2026-03-01,"Mar-26",45.2897488388581,41.8816573710511
"686",2026,"Mar-26","037","Clinton","",39183,40766,1583,3.9,5.1,56.6,59.7,66377.202668695,2026-03-01,"Mar-26",61.4156643561392,59.030809411436
"687",2026,"Mar-26","039","Crawford","",4956,5378,422,7.8,5.1,56.6,59.7,11713.7707310456,2026-03-01,"Mar-26",45.9117744702517,42.3091770685325
"688",2026,"Mar-26","041","Delta","",15155,16207,1052,6.5,5.1,56.6,59.7,30831.1815031377,2026-03-01,"Mar-26",52.5669118400494,49.1547818187171
"689",2026,"Mar-26","043","Dickinson","",11409,11978,569,4.8,5.1,56.6,59.7,21585.0166187583,2026-03-01,"Mar-26",55.4921972568258,52.8561094091773
"690",2026,"Mar-26","045","Eaton","",53236,55585,2349,4.2,5.1,56.6,59.7,90396.9613670494,2026-03-01,"Mar-26",61.489898730447,58.8913600578228
"691",2026,"Mar-26","047","Emmet","",15773,16957,1184,7,5.1,56.6,59.7,28881.6625485624,2026-03-01,"Mar-26",58.7119940602036,54.6125070656125
"692",2026,"Mar-26","049","Genesee","",171212,182364,11152,6.1,5.1,56.6,59.7,327346.061423399,2026-03-01,"Mar-26",55.709850061133,52.3030578878874
"693",2026,"Mar-26","051","Gladwin","",9335,10052,717,7.1,5.1,56.6,59.7,21871.9962713856,2026-03-01,"Mar-26",45.9583106876745,42.6801462663591
"694",2026,"Mar-26","053","Gogebic","",5333,5684,351,6.2,5.1,56.6,59.7,12292.9820817194,2026-03-01,"Mar-26",46.2377636460768,43.3824759895369
"695",2026,"Mar-26","055","Grand Traverse","",49241,51268,2027,4,5.1,56.6,59.7,81539.74049491,2026-03-01,"Mar-26",62.8748628445786,60.3889584405457
"696",2026,"Mar-26","057","Gratiot","",16180,17182,1002,5.8,5.1,56.6,59.7,37254.5286579461,2026-03-01,"Mar-26",46.1205674020391,43.43096150419
"697",2026,"Mar-26","059","Hillsdale","",19204,20180,976,4.8,5.1,56.6,59.7,37124.4581339048,2026-03-01,"Mar-26",54.357695746595,51.7287011455704
"698",2026,"Mar-26","061","Houghton","",16902,17850,948,5.3,5.1,56.6,59.7,31584.3596410446,2026-03-01,"Mar-26",56.5153139175997,53.5138283381104
"699",2026,"Mar-26","063","Huron","",12477,13300,823,6.2,5.1,56.6,59.7,25503.2993716185,2026-03-01,"Mar-26",52.1501151917661,48.9230817479448
"700",2026,"Mar-26","065","Ingham","",142092,148773,6681,4.5,5.1,56.6,59.7,247299.862417827,2026-03-01,"Mar-26",60.1589497646544,57.457371229721
"701",2026,"Mar-26","067","Ionia","",28998,30365,1367,4.5,5.1,56.6,59.7,54753.7368032523,2026-03-01,"Mar-26",55.4574021296687,52.9607688771985
"702",2026,"Mar-26","069","Iosco","",8458,9279,821,8.8,5.1,56.6,59.7,21469.9302081922,2026-03-01,"Mar-26",43.2185848301428,39.3946320178196
"703",2026,"Mar-26","071","Iron","",3755,4101,346,8.4,5.1,56.6,59.7,10171.3522912112,2026-03-01,"Mar-26",40.3191225963489,36.9174116920971
"704",2026,"Mar-26","073","Isabella","",29003,30634,1631,5.3,5.1,56.6,59.7,54302.0242406732,2026-03-01,"Mar-26",56.4141032095348,53.4105319379167
"705",2026,"Mar-26","075","Jackson","",68161,71757,3596,5,5.1,56.6,59.7,131654.441415082,2026-03-01,"Mar-26",54.5040480432889,51.7726551929235
"706",2026,"Mar-26","079","Kalkaska","",7962,8534,572,6.7,5.1,56.6,59.7,15858.8442775365,2026-03-01,"Mar-26",53.8122441374125,50.2054239304053
"707",2026,"Mar-26","081","Kent","",337217,351007,13790,3.9,5.1,56.6,59.7,545828.343731221,2026-03-01,"Mar-26",64.3072138028882,61.7807784943564
"708",2026,"Mar-26","083","Keweenaw","",805,868,63,7.3,5.1,56.6,59.7,1905.39155719293,2026-03-01,"Mar-26",45.5549410158382,42.2485340066241
"709",2026,"Mar-26","085","Lake","",4075,4390,315,7.2,5.1,56.6,59.7,11724.2466358508,2026-03-01,"Mar-26",37.4437704728601,34.7570306781105
"710",2026,"Mar-26","087","Lapeer","",40392,43124,2732,6.3,5.1,56.6,59.7,74685.2859499582,2026-03-01,"Mar-26",57.7409585455622,54.0829421568581
"711",2026,"Mar-26","089","Leelanau","",9906,10411,505,4.9,5.1,56.6,59.7,20111.7606263643,2026-03-01,"Mar-26",51.7657314713278,49.2547628426638
"712",2026,"Mar-26","091","Lenawee","",44457,46779,2322,5,5.1,56.6,59.7,80771.5172793897,2026-03-01,"Mar-26",57.9152176109195,55.0404418505879
"713",2026,"Mar-26","093","Livingston","",97288,101283,3995,3.9,5.1,56.6,59.7,164564.857059494,2026-03-01,"Mar-26",61.5459471783723,59.1183328800439
"714",2026,"Mar-26","095","Luce","",1985,2141,156,7.3,5.1,56.6,59.7,5651.07973364509,2026-03-01,"Mar-26",37.8865650621249,35.1260306624558
"715",2026,"Mar-26","097","Mackinac","",3491,4360,869,19.9,5.1,56.6,59.7,9824.32714177764,2026-03-01,"Mar-26",44.3796296385453,35.5342401532481
"716",2026,"Mar-26","099","Macomb","",426584,449808,23224,5.2,5.1,56.6,59.7,734653.258661509,2026-03-01,"Mar-26",61.2272517268243,58.0660325086161
"717",2026,"Mar-26","101","Manistee","",9821,10515,694,6.6,5.1,56.6,59.7,22184.8500417325,2026-03-01,"Mar-26",47.3972101691918,44.268949222219
"718",2026,"Mar-26","103","Marquette","",30764,32749,1985,6.1,5.1,56.6,59.7,58643.9199783174,2026-03-01,"Mar-26",55.8438112801947,52.4589761587807
"719",2026,"Mar-26","105","Mason","",11267,12122,855,7.1,5.1,56.6,59.7,24600.1888981845,2026-03-01,"Mar-26",49.27604438393,45.800461316098
"720",2026,"Mar-26","107","Mecosta","",15870,16931,1061,6.3,5.1,56.6,59.7,35701.580867763,2026-03-01,"Mar-26",47.4236702926732,44.4518130969656
"721",2026,"Mar-26","109","Menominee","",10176,10644,468,4.4,5.1,56.6,59.7,19551.1354794431,2026-03-01,"Mar-26",54.4418507620263,52.048127898758
"722",2026,"Mar-26","111","Midland","",38445,40490,2045,5.1,5.1,56.6,59.7,68826.9394106915,2026-03-01,"Mar-26",58.8287091459864,55.8574888396505
"723",2026,"Mar-26","113","Missaukee","",6296,6709,413,6.2,5.1,56.6,59.7,12452.7077398579,2026-03-01,"Mar-26",53.8758327919816,50.5592850288144
"724",2026,"Mar-26","115","Monroe","",70776,74515,3739,5,5.1,56.6,59.7,128988.80429425,2026-03-01,"Mar-26",57.7685795350239,54.8698783489345
"725",2026,"Mar-26","117","Montcalm","",28961,30431,1470,4.8,5.1,56.6,59.7,57967.7135283197,2026-03-01,"Mar-26",52.4964642345832,49.9605698366062
"726",2026,"Mar-26","119","Montmorency","",3265,3598,333,9.3,5.1,56.6,59.7,8748.44050296398,2026-03-01,"Mar-26",41.1273300513502,37.3209373589935
"727",2026,"Mar-26","121","Muskegon","",77110,81295,4185,5.1,5.1,56.6,59.7,145511.485848659,2026-03-01,"Mar-26",55.8684419486666,52.992380326732
"728",2026,"Mar-26","123","Newaygo","",20493,21688,1195,5.5,5.1,56.6,59.7,42333.7135842899,2026-03-01,"Mar-26",51.2310358901479,48.4082265998156
"729",2026,"Mar-26","125","Oakland","",658119,686430,28311,4.1,5.1,56.6,59.7,1073673.64626683,2026-03-01,"Mar-26",63.9328349342205,61.2960001661848
"730",2026,"Mar-26","127","Oceana","",9591,10473,882,8.4,5.1,56.6,59.7,22461.7377148328,2026-03-01,"Mar-26",46.6259562504109,42.699278754673
"731",2026,"Mar-26","129","Ogemaw","",6714,7455,741,9.9,5.1,56.6,59.7,17941.466931112,2026-03-01,"Mar-26",41.5517863094706,37.4216892396762
"732",2026,"Mar-26","131","Ontonagon","",2031,2190,159,7.3,5.1,56.6,59.7,5216.35175931924,2026-03-01,"Mar-26",41.9833650230253,38.9352576994358
"733",2026,"Mar-26","133","Osceola","",9134,9764,630,6.5,5.1,56.6,59.7,19087.990845667,2026-03-01,"Mar-26",51.1525811120997,47.8520765954443
"734",2026,"Mar-26","135","Oscoda","",1994,2266,272,12,5.1,56.6,59.7,7310.00101401213,2026-03-01,"Mar-26",30.998627710946,27.2776979945394
"735",2026,"Mar-26","137","Otsego","",11428,12102,674,5.6,5.1,56.6,59.7,21847.9417157526,2026-03-01,"Mar-26",55.3919456461855,52.3069868488356
"736",2026,"Mar-26","139","Ottawa","",152201,158226,6025,3.8,5.1,56.6,59.7,253153.741301985,2026-03-01,"Mar-26",62.5019401989612,60.1219635219376
"737",2026,"Mar-26","141","Presque Isle","",4082,4590,508,11.1,5.1,56.6,59.7,11437.6586535221,2026-03-01,"Mar-26",40.1305908756644,35.6891224301661
"738",2026,"Mar-26","143","Roscommon","",7873,8645,772,8.9,5.1,56.6,59.7,21176.326150461,2026-03-01,"Mar-26",40.8238895574991,37.1783091366328
"739",2026,"Mar-26","145","Saginaw","",77559,82713,5154,6.2,5.1,56.6,59.7,156578.266276366,2026-03-01,"Mar-26",52.8253390250271,49.5336944548266
"740",2026,"Mar-26","151","Sanilac","",16380,17569,1189,6.8,5.1,56.6,59.7,33040.9787066876,2026-03-01,"Mar-26",53.17336437266,49.5748026879259
"741",2026,"Mar-26","153","Schoolcraft","",2970,3305,335,10.1,5.1,56.6,59.7,7055.14038647377,2026-03-01,"Mar-26",46.8452761951612,42.0969652948952
"742",2026,"Mar-26","155","Shiawassee","",31149,32902,1753,5.3,5.1,56.6,59.7,55764.3348392181,2026-03-01,"Mar-26",59.0018693755862,55.8582830581769
"743",2026,"Mar-26","147","St. Clair","",72780,77127,4347,5.6,5.1,56.6,59.7,133925.765031087,2026-03-01,"Mar-26",57.5893667526163,54.3435387381257
"744",2026,"Mar-26","157","Tuscola","",22168,23671,1503,6.3,5.1,56.6,59.7,43693.4824938698,2026-03-01,"Mar-26",54.1751278427419,50.7352555455157
"745",2026,"Mar-26","161","Washtenaw","",192155,199600,7445,3.7,5.1,56.6,59.7,316759.951405177,2026-03-01,"Mar-26",63.0130163597247,60.6626561052249
"746",2026,"Mar-26","163","Wayne","",769691,821596,51905,6.3,5.1,56.6,59.7,1416146.36863717,2026-03-01,"Mar-26",58.0163193717515,54.3510908932892
"747",2026,"Mar-26","165","Wexford","",13876,14742,866,5.9,5.1,56.6,59.7,28058.6603425891,2026-03-01,"Mar-26",52.5399282075621,49.4535370918554
"748",2026,"Apr-26","077","Kalamazoo","",127294,132433,5139,3.9,4.5,56.3,59,216890.035769553,2026-04-01,"Apr-26",61.0599742538247,58.6905707993201
"749",2026,"Apr-26","021","Berrien","",68723,71870,3147,4.4,4.5,56.3,59,125646.970449933,2026-04-01,"Apr-26",57.199946598504,54.6953100054124
"750",2026,"Apr-26","023","Branch","",20944,21770,826,3.8,4.5,56.3,59,36793.6798957909,2026-04-01,"Apr-26",59.1677702846201,56.9228195149786
"751",2026,"Apr-26","025","Calhoun","",57724,60596,2872,4.7,4.5,56.3,59,108453.058801848,2026-04-01,"Apr-26",55.8730207054036,53.2248704072665
"752",2026,"Apr-26","027","Cass","",21867,22780,913,4,4.5,56.3,59,42877.7601054037,2026-04-01,"Apr-26",53.1277752009464,50.9984662124274
"753",2026,"Apr-26","149","St. Joseph","",25903,27006,1103,4.1,4.5,56.3,59,48626.588750367,2026-04-01,"Apr-26",55.5375170128425,53.2692106636917
"754",2026,"Apr-26","159","Van Buren","",33013,34614,1601,4.6,4.5,56.3,59,61668.1732387319,2026-04-01,"Apr-26",56.1294395181792,53.5332867283079
"755",2026,"Apr-26","001","Alcona","",2933,3188,255,8,4.5,56.3,59,9391.69404499838,2026-04-01,"Apr-26",33.9448877351131,31.2297226245567
"756",2026,"Apr-26","003","Alger","",2925,3259,334,10.2,4.5,56.3,59,7535.69332067992,2026-04-01,"Apr-26",43.2475136833986,38.8152738643574
"757",2026,"Apr-26","005","Allegan","",59181,61436,2255,3.7,4.5,56.3,59,100478.134009602,2026-04-01,"Apr-26",61.1436514079065,58.8993820231023
"758",2026,"Apr-26","007","Alpena","",12502,13119,617,4.7,4.5,56.3,59,24208.0005785454,2026-04-01,"Apr-26",54.1928275217692,51.6440833658936
"759",2026,"Apr-26","009","Antrim","",9293,9920,627,6.3,4.5,56.3,59,21375.1548706418,2026-04-01,"Apr-26",46.4090204727585,43.4757083924743
"760",2026,"Apr-26","011","Arenac","",5856,6337,481,7.6,4.5,56.3,59,12785.3038495852,2026-04-01,"Apr-26",49.5647195761061,45.8025876341609
"761",2026,"Apr-26","013","Baraga","",2857,3075,218,7.1,4.5,56.3,59,6859.44156165602,2026-04-01,"Apr-26",44.8287221687129,41.6506208897603
"762",2026,"Apr-26","015","Barry","",27920,29124,1204,4.1,4.5,56.3,59,52913.124827009,2026-04-01,"Apr-26",55.0411643523535,52.7657364619458
"763",2026,"Apr-26","017","Bay","",44461,47065,2604,5.5,4.5,56.3,59,85670.6802611973,2026-04-01,"Apr-26",54.9371148408134,51.89756853155
"764",2026,"Apr-26","019","Benzie","",8096,8561,465,5.4,4.5,56.3,59,16016.0800262625,2026-04-01,"Apr-26",53.4525301194925,50.5491979730653
"765",2026,"Apr-26","029","Charlevoix","",11748,12404,656,5.3,4.5,56.3,59,22201.7007845963,2026-04-01,"Apr-26",55.8695935971085,52.9148650095801
"766",2026,"Apr-26","031","Cheboygan","",9263,10409,1146,11,4.5,56.3,59,22468.4440259635,2026-04-01,"Apr-26",46.3271955457701,41.2267088423929
"767",2026,"Apr-26","033","Chippewa","",15618,16847,1229,7.3,4.5,56.3,59,30701.408951748,2026-04-01,"Apr-26",54.8737031140091,50.8706295028547
"768",2026,"Apr-26","035","Clare","",10976,11707,731,6.2,4.5,56.3,59,26407.7419430033,2026-04-01,"Apr-26",44.3316964595746,41.5635688340558
"769",2026,"Apr-26","037","Clinton","",38558,39896,1338,3.4,4.5,56.3,59,66377.202668695,2026-04-01,"Apr-26",60.1049733884249,58.0892210725608
"770",2026,"Apr-26","039","Crawford","",4953,5337,384,7.2,4.5,56.3,59,11713.7707310456,2026-04-01,"Apr-26",45.5617590828809,42.2835661865297
"771",2026,"Apr-26","041","Delta","",15067,16012,945,5.9,4.5,56.3,59,30831.1815031377,2026-04-01,"Apr-26",51.9344352676541,48.8693564937387
"772",2026,"Apr-26","043","Dickinson","",11201,11719,518,4.4,4.5,56.3,59,21585.0166187583,2026-04-01,"Apr-26",54.2922908375974,51.8924779991406
"773",2026,"Apr-26","045","Eaton","",52218,54234,2016,3.7,4.5,56.3,59,90396.9613670494,2026-04-01,"Apr-26",59.9953794683289,57.7652160098315
"774",2026,"Apr-26","047","Emmet","",15216,16347,1131,6.9,4.5,56.3,59,28881.6625485624,2026-04-01,"Apr-26",56.5999272808957,52.6839477277854
"775",2026,"Apr-26","049","Genesee","",168765,178836,10071,5.6,4.5,56.3,59,327346.061423399,2026-04-01,"Apr-26",54.6320915615625,51.5555309467171
"776",2026,"Apr-26","051","Gladwin","",9284,9896,612,6.2,4.5,56.3,59,21871.9962713856,2026-04-01,"Apr-26",45.2450698930787,42.4469713912028
"777",2026,"Apr-26","053","Gogebic","",5156,5490,334,6.1,4.5,56.3,59,12292.9820817194,2026-04-01,"Apr-26",44.6596274484451,41.9426300772646
"778",2026,"Apr-26","055","Grand Traverse","",48521,50254,1733,3.4,4.5,56.3,59,81539.74049491,2026-04-01,"Apr-26",61.6312974446331,59.5059534228329
"779",2026,"Apr-26","057","Gratiot","",16008,16890,882,5.2,4.5,56.3,59,37254.5286579461,2026-04-01,"Apr-26",45.3367700745222,42.9692726674335
"780",2026,"Apr-26","059","Hillsdale","",19104,19986,882,4.4,4.5,56.3,59,37124.4581339048,2026-04-01,"Apr-26",53.8351291968012,51.4593369446457
"781",2026,"Apr-26","061","Houghton","",16356,17270,914,5.3,4.5,56.3,59,31584.3596410446,2026-04-01,"Apr-26",54.6789619807813,51.7851246182779
"782",2026,"Apr-26","063","Huron","",12748,13456,708,5.3,4.5,56.3,59,25503.2993716185,2026-04-01,"Apr-26",52.7618007534139,49.9856893582432
"783",2026,"Apr-26","065","Ingham","",139213,145232,6019,4.1,4.5,56.3,59,247299.862417827,2026-04-01,"Apr-26",58.7270848354224,56.2931975129011
"784",2026,"Apr-26","067","Ionia","",28821,29968,1147,3.8,4.5,56.3,59,54753.7368032523,2026-04-01,"Apr-26",54.732337461614,52.6375032695268
"785",2026,"Apr-26","069","Iosco","",8436,9096,660,7.3,4.5,56.3,59,21469.9302081922,2026-04-01,"Apr-26",42.3662299401853,39.2921631239449
"786",2026,"Apr-26","071","Iron","",3688,4004,316,7.9,4.5,56.3,59,10171.3522912112,2026-04-01,"Apr-26",39.3654637590297,36.2586988869385
"787",2026,"Apr-26","073","Isabella","",28694,30112,1418,4.7,4.5,56.3,59,54302.0242406732,2026-04-01,"Apr-26",55.452813078459,52.8414923775672
"788",2026,"Apr-26","075","Jackson","",67161,70230,3069,4.4,4.5,56.3,59,131654.441415082,2026-04-01,"Apr-26",53.344193515339,51.0130909964927
"789",2026,"Apr-26","079","Kalkaska","",7882,8366,484,5.8,4.5,56.3,59,15858.8442775365,2026-04-01,"Apr-26",52.7528983423475,49.7009735518028
"790",2026,"Apr-26","081","Kent","",330964,343496,12532,3.6,4.5,56.3,59,545828.343731221,2026-04-01,"Apr-26",62.9311401551447,60.6351802358901
"791",2026,"Apr-26","083","Keweenaw","",771,838,67,8,4.5,56.3,59,1905.39155719293,2026-04-01,"Apr-26",43.980461487641,40.4641238746673
"792",2026,"Apr-26","085","Lake","",4063,4329,266,6.1,4.5,56.3,59,11724.2466358508,2026-04-01,"Apr-26",36.9234811792737,34.6546786859295
"793",2026,"Apr-26","087","Lapeer","",40822,42830,2008,4.7,4.5,56.3,59,74685.2859499582,2026-04-01,"Apr-26",57.3473067087105,54.6586914420495
"794",2026,"Apr-26","089","Leelanau","",9833,10255,422,4.1,4.5,56.3,59,20111.7606263643,2026-04-01,"Apr-26",50.9900659147504,48.8917911399065
"795",2026,"Apr-26","091","Lenawee","",44219,46139,1920,4.2,4.5,56.3,59,80771.5172793897,2026-04-01,"Apr-26",57.1228590895534,54.7457835254548
"796",2026,"Apr-26","093","Livingston","",98097,101382,3285,3.2,4.5,56.3,59,164564.857059494,2026-04-01,"Apr-26",61.6061058305712,59.6099323712448
"797",2026,"Apr-26","095","Luce","",1928,2093,165,7.9,4.5,56.3,59,5651.07973364509,2026-04-01,"Apr-26",37.0371698622267,34.1173738625767
"798",2026,"Apr-26","097","Mackinac","",3883,4556,673,14.8,4.5,56.3,59,9824.32714177764,2026-04-01,"Apr-26",46.3746772094524,39.5243352950623
"799",2026,"Apr-26","099","Macomb","",429742,448921,19179,4.3,4.5,56.3,59,734653.258661509,2026-04-01,"Apr-26",61.106514496091,58.495895163245
"800",2026,"Apr-26","101","Manistee","",9865,10462,597,5.7,4.5,56.3,59,22184.8500417325,2026-04-01,"Apr-26",47.1583083965844,44.4672827692894
"801",2026,"Apr-26","103","Marquette","",30396,32168,1772,5.5,4.5,56.3,59,58643.9199783174,2026-04-01,"Apr-26",54.8530862396196,51.8314601261962
"802",2026,"Apr-26","105","Mason","",11284,11983,699,5.8,4.5,56.3,59,24600.1888981845,2026-04-01,"Apr-26",48.7110080723176,45.869566476511
"803",2026,"Apr-26","107","Mecosta","",15900,16778,878,5.2,4.5,56.3,59,35701.580867763,2026-04-01,"Apr-26",46.9951178412658,44.5358429893984
"804",2026,"Apr-26","109","Menominee","",9994,10438,444,4.3,4.5,56.3,59,19551.1354794431,2026-04-01,"Apr-26",53.3882035187928,51.1172356741536
"805",2026,"Apr-26","111","Midland","",37902,39707,1805,4.5,4.5,56.3,59,68826.9394106915,2026-04-01,"Apr-26",57.6910732047341,55.0685535700464
"806",2026,"Apr-26","113","Missaukee","",6304,6630,326,4.9,4.5,56.3,59,12452.7077398579,2026-04-01,"Apr-26",53.2414326145234,50.6235280847595
"807",2026,"Apr-26","115","Monroe","",69697,72960,3263,4.5,4.5,56.3,59,128988.80429425,2026-04-01,"Apr-26",56.5630485523095,54.0333716413147
"808",2026,"Apr-26","117","Montcalm","",28618,29835,1217,4.1,4.5,56.3,59,57967.7135283197,2026-04-01,"Apr-26",51.4683056895531,49.3688611437449
"809",2026,"Apr-26","119","Montmorency","",3266,3563,297,8.3,4.5,56.3,59,8748.44050296398,2026-04-01,"Apr-26",40.7272587473488,37.3323679676792
"810",2026,"Apr-26","121","Muskegon","",75777,79557,3780,4.8,4.5,56.3,59,145511.485848659,2026-04-01,"Apr-26",54.6740345176218,52.0763014397454
"811",2026,"Apr-26","123","Newaygo","",20480,21514,1034,4.8,4.5,56.3,59,42333.7135842899,2026-04-01,"Apr-26",50.8200159600075,48.3775182142304
"812",2026,"Apr-26","125","Oakland","",662787,687083,24296,3.5,4.5,56.3,59,1073673.64626683,2026-04-01,"Apr-26",63.9936541600877,61.7307691498728
"813",2026,"Apr-26","127","Oceana","",9958,10693,735,6.9,4.5,56.3,59,22461.7377148328,2026-04-01,"Apr-26",47.6053996166947,44.3331683702465
"814",2026,"Apr-26","129","Ogemaw","",6867,7472,605,8.1,4.5,56.3,59,17941.466931112,2026-04-01,"Apr-26",41.6465388738249,38.2744623188645
"815",2026,"Apr-26","131","Ontonagon","",1943,2101,158,7.5,4.5,56.3,59,5216.35175931924,2026-04-01,"Apr-26",40.2771917412677,37.24825490399
"816",2026,"Apr-26","133","Osceola","",9037,9566,529,5.5,4.5,56.3,59,19087.990845667,2026-04-01,"Apr-26",50.1152796925794,47.3439036778006
"817",2026,"Apr-26","135","Oscoda","",2061,2295,234,10.2,4.5,56.3,59,7310.00101401213,2026-04-01,"Apr-26",31.3953444821805,28.1942505349778
"818",2026,"Apr-26","137","Otsego","",11254,11903,649,5.5,4.5,56.3,59,21847.9417157526,2026-04-01,"Apr-26",54.4811046956327,51.5105731533773
"819",2026,"Apr-26","139","Ottawa","",149618,154963,5345,3.4,4.5,56.3,59,253153.741301985,2026-04-01,"Apr-26",61.2130001330479,59.1016349316053
"820",2026,"Apr-26","141","Presque Isle","",4106,4525,419,9.3,4.5,56.3,59,11437.6586535221,2026-04-01,"Apr-26",39.5622927477955,35.8989555850715
"821",2026,"Apr-26","143","Roscommon","",7960,8652,692,8,4.5,56.3,59,21176.326150461,2026-04-01,"Apr-26",40.8569453385174,37.589145272145
"822",2026,"Apr-26","145","Saginaw","",76418,81023,4605,5.7,4.5,56.3,59,156578.266276366,2026-04-01,"Apr-26",51.7460065990203,48.804985402712
"823",2026,"Apr-26","151","Sanilac","",16422,17445,1023,5.9,4.5,56.3,59,33040.9787066876,2026-04-01,"Apr-26",52.7980728260603,49.7019175666129
"824",2026,"Apr-26","153","Schoolcraft","",3017,3303,286,8.7,4.5,56.3,59,7055.14038647377,2026-04-01,"Apr-26",46.8169280703835,42.7631462271713
"825",2026,"Apr-26","155","Shiawassee","",30773,32324,1551,4.8,4.5,56.3,59,55764.3348392181,2026-04-01,"Apr-26",57.9653645886709,55.1840169684188
"826",2026,"Apr-26","147","St. Clair","",73487,76888,3401,4.4,4.5,56.3,59,133925.765031087,2026-04-01,"Apr-26",57.410909679816,54.8714431333971
"827",2026,"Apr-26","157","Tuscola","",22022,23367,1345,5.8,4.5,56.3,59,43693.4824938698,2026-04-01,"Apr-26",53.4793719023848,50.4011096004758
"828",2026,"Apr-26","161","Washtenaw","",187874,194663,6789,3.5,4.5,56.3,59,316759.951405177,2026-04-01,"Apr-26",61.4544228638932,59.3111594968282
"829",2026,"Apr-26","163","Wayne","",773233,816733,43500,5.3,4.5,56.3,59,1416146.36863717,2026-04-01,"Apr-26",57.6729226644832,54.6012062823791
"830",2026,"Apr-26","165","Wexford","",13471,14238,767,5.4,4.5,56.3,59,28058.6603425891,2026-04-01,"Apr-26",50.7436913457651,48.0101324707685
"831",2026,"May-26","077","Kalamazoo","",125718,131861,6143,4.7,5.2,56.3,59.4,216890.035769553,2026-05-01,"May-26",60.7962461401885,57.9639352974133
"832",2026,"May-26","021","Berrien","",68806,72467,3661,5.1,5.2,56.3,59.4,125646.970449933,2026-05-01,"May-26",57.6750873821315,54.7613681043087
"833",2026,"May-26","023","Branch","",20894,21841,947,4.3,5.2,56.3,59.4,36793.6798957909,2026-05-01,"May-26",59.3607382079186,56.7869266112473
"834",2026,"May-26","025","Calhoun","",57633,60888,3255,5.3,5.2,56.3,59.4,108453.058801848,2026-05-01,"May-26",56.1422616131529,53.1409631380706
"835",2026,"May-26","027","Cass","",21745,22856,1111,4.9,5.2,56.3,59.4,42877.7601054037,2026-05-01,"May-26",53.3050232657082,50.7139364242573
"836",2026,"May-26","149","St. Joseph","",25640,26981,1341,5,5.2,56.3,59.4,48626.588750367,2026-05-01,"May-26",55.4861048109125,52.7283542993883
"837",2026,"May-26","159","Van Buren","",33088,34846,1758,5,5.2,56.3,59.4,61668.1732387319,2026-05-01,"May-26",56.5056465433199,53.6549053786767
"838",2026,"May-26","001","Alcona","",2996,3258,262,8,5.2,56.3,59.4,9391.69404499838,2026-05-01,"May-26",34.6902271772266,31.9005281224588
"839",2026,"May-26","003","Alger","",3114,3385,271,8,5.2,56.3,59.4,7535.69332067992,2026-05-01,"May-26",44.9195562498632,41.3233377140544
"840",2026,"May-26","005","Allegan","",59584,62163,2579,4.1,5.2,56.3,59.4,100478.134009602,2026-05-01,"May-26",61.8671919146704,59.3004643122713
"841",2026,"May-26","007","Alpena","",12508,13173,665,5,5.2,56.3,59.4,24208.0005785454,2026-05-01,"May-26",54.4158942712299,51.6688685602781
"842",2026,"May-26","009","Antrim","",9837,10425,588,5.6,5.2,56.3,59.4,21375.1548706418,2026-05-01,"May-26",48.7715764544866,46.0207191925933
"843",2026,"May-26","011","Arenac","",5874,6309,435,6.9,5.2,56.3,59.4,12785.3038495852,2026-05-01,"May-26",49.3457181325002,45.943374276479
"844",2026,"May-26","013","Baraga","",2854,3048,194,6.4,5.2,56.3,59.4,6859.44156165602,2026-05-01,"May-26",44.4351041204023,41.6068855510591
"845",2026,"May-26","015","Barry","",27778,29201,1423,4.9,5.2,56.3,59.4,52913.124827009,2026-05-01,"May-26",55.1866859034842,52.4973720429775
"846",2026,"May-26","017","Bay","",44441,47141,2700,5.7,5.2,56.3,59.4,85670.6802611973,2026-05-01,"May-26",55.0258266378579,51.8742233218015
"847",2026,"May-26","019","Benzie","",8224,8649,425,4.9,5.2,56.3,59.4,16016.0800262625,2026-05-01,"May-26",54.0019779235476,51.3483947789635
"848",2026,"May-26","029","Charlevoix","",12363,12981,618,4.8,5.2,56.3,59.4,22201.7007845963,2026-05-01,"May-26",58.4684935894926,55.684923060388
"849",2026,"May-26","031","Cheboygan","",10258,10917,659,6,5.2,56.3,59.4,22468.4440259635,2026-05-01,"May-26",48.5881442764119,45.6551418876462
"850",2026,"May-26","033","Chippewa","",16049,17114,1065,6.2,5.2,56.3,59.4,30701.408951748,2026-05-01,"May-26",55.7433700417375,52.2744738693377
"851",2026,"May-26","035","Clare","",10988,11775,787,6.7,5.2,56.3,59.4,26407.7419430033,2026-05-01,"May-26",44.5891967038089,41.6090100536265
"852",2026,"May-26","037","Clinton","",38043,39678,1635,4.1,5.2,56.3,59.4,66377.202668695,2026-05-01,"May-26",59.7765473758252,57.3133522813276
"853",2026,"May-26","039","Crawford","",5097,5441,344,6.3,5.2,56.3,59.4,11713.7707310456,2026-05-01,"May-26",46.4496029923094,43.5128885226614
"854",2026,"May-26","041","Delta","",15158,16125,967,6,5.2,56.3,59.4,30831.1815031377,2026-05-01,"May-26",52.3009473326832,49.1645122275232
"855",2026,"May-26","043","Dickinson","",11300,11887,587,4.9,5.2,56.3,59.4,21585.0166187583,2026-05-01,"May-26",55.0706085149348,52.3511294875715
"856",2026,"May-26","045","Eaton","",51617,54052,2435,4.5,5.2,56.3,59.4,90396.9613670494,2026-05-01,"May-26",59.7940452672146,57.1003706534044
"857",2026,"May-26","047","Emmet","",15948,16806,858,5.1,5.2,56.3,59.4,28881.6625485624,2026-05-01,"May-26",58.1891709722109,55.2184278629549
"858",2026,"May-26","049","Genesee","",168816,179676,10860,6,5.2,56.3,59.4,327346.061423399,2026-05-01,"May-26",54.8887007281269,51.5711107889728
"859",2026,"May-26","051","Gladwin","",9337,9978,641,6.4,5.2,56.3,59.4,21871.9962713856,2026-05-01,"May-26",45.6199785158791,42.6892903791103
"860",2026,"May-26","053","Gogebic","",5096,5455,359,6.6,5.2,56.3,59.4,12292.9820817194,2026-05-01,"May-26",44.3749121550579,41.4545467171723
"861",2026,"May-26","055","Grand Traverse","",49340,51353,2013,3.9,5.2,56.3,59.4,81539.74049491,2026-05-01,"May-26",62.979106492503,60.5103716304812
"862",2026,"May-26","057","Gratiot","",15747,16683,936,5.6,5.2,56.3,59.4,37254.5286579461,2026-05-01,"May-26",44.7811329279605,42.2686867000296
"863",2026,"May-26","059","Hillsdale","",19035,20069,1034,5.2,5.2,56.3,59.4,37124.4581339048,2026-05-01,"May-26",54.0587014835686,51.2734756460077
"864",2026,"May-26","061","Houghton","",15442,16403,961,5.9,5.2,56.3,59.4,31584.3596410446,2026-05-01,"May-26",51.9339324476408,48.8912872557745
"865",2026,"May-26","063","Huron","",12772,13517,745,5.5,5.2,56.3,59.4,25503.2993716185,2026-05-01,"May-26",53.0009854922634,50.079794829266
"866",2026,"May-26","065","Ingham","",137698,144738,7040,4.9,5.2,56.3,59.4,247299.862417827,2026-05-01,"May-26",58.5273273445891,55.6805809165197
"867",2026,"May-26","067","Ionia","",28568,29908,1340,4.5,5.2,56.3,59.4,54753.7368032523,2026-05-01,"May-26",54.6227558996914,52.1754343500864
"868",2026,"May-26","069","Iosco","",8563,9193,630,6.9,5.2,56.3,59.4,21469.9302081922,2026-05-01,"May-26",42.8180246086327,39.8836881022215
"869",2026,"May-26","071","Iron","",3728,4020,292,7.3,5.2,56.3,59.4,10171.3522912112,2026-05-01,"May-26",39.5227683095154,36.6519602631526
"870",2026,"May-26","073","Isabella","",28046,29665,1619,5.5,5.2,56.3,59.4,54302.0242406732,2026-05-01,"May-26",54.6296393455263,51.648166697611
"871",2026,"May-26","075","Jackson","",67133,70778,3645,5.1,5.2,56.3,59.4,131654.441415082,2026-05-01,"May-26",53.7604346949831,50.9918231989926
"872",2026,"May-26","079","Kalkaska","",7994,8461,467,5.5,5.2,56.3,59.4,15858.8442775365,2026-05-01,"May-26",53.3519331669378,50.4072040818462
"873",2026,"May-26","081","Kent","",330543,345589,15046,4.4,5.2,56.3,59.4,545828.343731221,2026-05-01,"May-26",63.3145940420742,60.5580497598284
"874",2026,"May-26","083","Keweenaw","",798,862,64,7.4,5.2,56.3,59.4,1905.39155719293,2026-05-01,"May-26",45.2400451101988,41.8811554500448
"875",2026,"May-26","085","Lake","",4103,4399,296,6.7,5.2,56.3,59.4,11724.2466358508,2026-05-01,"May-26",37.5205344669958,34.9958519931993
"876",2026,"May-26","087","Lapeer","",40734,42986,2252,5.2,5.2,56.3,59.4,74685.2859499582,2026-05-01,"May-26",57.5561831935706,54.5408636813592
"877",2026,"May-26","089","Leelanau","",9935,10394,459,4.4,5.2,56.3,59.4,20111.7606263643,2026-05-01,"May-26",51.6812038145213,49.3989570807455
"878",2026,"May-26","091","Lenawee","",43782,46080,2298,5,5.2,56.3,59.4,80771.5172793897,2026-05-01,"May-26",57.0498135383649,54.2047512225845
"879",2026,"May-26","093","Livingston","",98031,102469,4438,4.3,5.2,56.3,59.4,164564.857059494,2026-05-01,"May-26",62.2666356784518,59.5698266031122
"880",2026,"May-26","095","Luce","",1972,2135,163,7.6,5.2,56.3,59.4,5651.07973364509,2026-05-01,"May-26",37.7803906621376,34.89598612915
"881",2026,"May-26","097","Mackinac","",4951,5248,297,5.7,5.2,56.3,59.4,9824.32714177764,2026-05-01,"May-26",53.4184165924509,50.3953087936784
"882",2026,"May-26","099","Macomb","",429722,453866,24144,5.3,5.2,56.3,59.4,734653.258661509,2026-05-01,"May-26",61.7796211544633,58.4931727905115
"883",2026,"May-26","101","Manistee","",10096,10713,617,5.8,5.2,56.3,59.4,22184.8500417325,2026-05-01,"May-26",48.2897111310083,45.5085338914085
"884",2026,"May-26","103","Marquette","",29363,31112,1749,5.6,5.2,56.3,59.4,58643.9199783174,2026-05-01,"May-26",53.0523880591596,50.0699816977727
"885",2026,"May-26","105","Mason","",11561,12282,721,5.9,5.2,56.3,59.4,24600.1888981845,2026-05-01,"May-26",49.9264458936998,46.9955740902999
"886",2026,"May-26","107","Mecosta","",15585,16563,978,5.9,5.2,56.3,59.4,35701.580867763,2026-05-01,"May-26",46.3929036121639,43.6535291188537
"887",2026,"May-26","109","Menominee","",10086,10582,496,4.7,5.2,56.3,59.4,19551.1354794431,2026-05-01,"May-26",54.1247336305677,51.5877965788987
"888",2026,"May-26","111","Midland","",37926,39939,2013,5,5.2,56.3,59.4,68826.9394106915,2026-05-01,"May-26",58.0281505206607,55.1034236372112
"889",2026,"May-26","113","Missaukee","",6324,6648,324,4.9,5.2,56.3,59.4,12452.7077398579,2026-05-01,"May-26",53.3859794904,50.7841357246224
"890",2026,"May-26","115","Monroe","",69474,73284,3810,5.2,5.2,56.3,59.4,128988.80429425,2026-05-01,"May-26",56.8142331429201,53.8604884199993
"891",2026,"May-26","117","Montcalm","",28460,29869,1409,4.7,5.2,56.3,59.4,57967.7135283197,2026-05-01,"May-26",51.5269590293702,49.0962956234182
"892",2026,"May-26","119","Montmorency","",3333,3591,258,7.2,5.2,56.3,59.4,8748.44050296398,2026-05-01,"May-26",41.0473157905499,38.0982187496249
"893",2026,"May-26","121","Muskegon","",76110,80417,4307,5.4,5.2,56.3,59.4,145511.485848659,2026-05-01,"May-26",55.2650531543873,52.3051493537488
"894",2026,"May-26","123","Newaygo","",20445,21583,1138,5.3,5.2,56.3,59.4,42333.7135842899,2026-05-01,"May-26",50.9830066219597,48.294841791501
"895",2026,"May-26","125","Oakland","",662827,695090,32263,4.6,5.2,56.3,59.4,1073673.64626683,2026-05-01,"May-26",64.739411497789,61.7344946767253
"896",2026,"May-26","127","Oceana","",10244,10948,704,6.4,5.2,56.3,59.4,22461.7377148328,2026-05-01,"May-26",48.7406635185237,45.6064447464155
"897",2026,"May-26","129","Ogemaw","",6981,7538,557,7.4,5.2,56.3,59.4,17941.466931112,2026-05-01,"May-26",42.0144017707297,38.9098618680637
"898",2026,"May-26","131","Ontonagon","",1985,2161,176,8.1,5.2,56.3,59.4,5216.35175931924,2026-05-01,"May-26",41.4274209199807,38.0534153290892
"899",2026,"May-26","133","Osceola","",8895,9429,534,5.7,5.2,56.3,59.4,19087.990845667,2026-05-01,"May-26",49.3975509326084,46.5999804375386
"900",2026,"May-26","135","Oscoda","",2196,2418,222,9.2,5.2,56.3,59.4,7310.00101401213,2026-05-01,"May-26",33.0779707877615,30.0410355045179
"901",2026,"May-26","137","Otsego","",11659,12279,620,5,5.2,56.3,59.4,21847.9417157526,2026-05-01,"May-26",56.2020906122552,53.3642946859095
"902",2026,"May-26","139","Ottawa","",149274,155857,6583,4.2,5.2,56.3,59.4,253153.741301985,2026-05-01,"May-26",61.5661452200618,58.9657491263114
"903",2026,"May-26","141","Presque Isle","",4154,4514,360,8,5.2,56.3,59.4,11437.6586535221,2026-05-01,"May-26",39.4661192184639,36.3186218948824
"904",2026,"May-26","143","Roscommon","",8392,9025,633,7,5.2,56.3,59.4,21176.326150461,2026-05-01,"May-26",42.6183462413453,39.6291591864121
"905",2026,"May-26","145","Saginaw","",75748,80668,4920,6.1,5.2,56.3,59.4,156578.266276366,2026-05-01,"May-26",51.5192829237349,48.3770843817508
"906",2026,"May-26","151","Sanilac","",16299,17341,1042,6,5.2,56.3,59.4,33040.9787066876,2026-05-01,"May-26",52.4833121740735,49.3296525647439
"907",2026,"May-26","153","Schoolcraft","",3076,3312,236,7.1,5.2,56.3,59.4,7055.14038647377,2026-05-01,"May-26",46.9444946318831,43.5994159081137
"908",2026,"May-26","155","Shiawassee","",30653,32324,1671,5.2,5.2,56.3,59.4,55764.3348392181,2026-05-01,"May-26",57.9653645886709,54.9688256631769
"909",2026,"May-26","147","St. Clair","",73371,77491,4120,5.3,5.2,56.3,59.4,133925.765031087,2026-05-01,"May-26",57.8611591145383,54.7848279850923
"910",2026,"May-26","157","Tuscola","",21874,23232,1358,5.8,5.2,56.3,59.4,43693.4824938698,2026-05-01,"May-26",53.1704013367657,50.062386313723
"911",2026,"May-26","161","Washtenaw","",186873,195335,8462,4.3,5.2,56.3,59.4,316759.951405177,2026-05-01,"May-26",61.6665708949239,58.9951473256053
"912",2026,"May-26","163","Wayne","",771873,825065,53192,6.4,5.2,56.3,59.4,1416146.36863717,2026-05-01,"May-26",58.2612799264531,54.5051710115823
"913",2026,"May-26","165","Wexford","",13590,14359,769,5.4,5.2,56.3,59.4,28058.6603425891,2026-05-01,"May-26",51.1749307510775,48.4342439520261
"914",2026,"Jun-26","077","Kalamazoo","",124085,129887,5802,4.5,5.1,56.1,59.1,216890.035769553,2026-06-01,"Jun-26",59.886107510262,57.21101919677
"915",2026,"Jun-26","021","Berrien","",68535,72034,3499,4.9,5.1,56.1,59.1,125646.970449933,2026-06-01,"Jun-26",57.3304710348774,54.5456844320088
"916",2026,"Jun-26","023","Branch","",20794,21675,881,4.1,5.1,56.1,59.1,36793.6798957909,2026-06-01,"Jun-26",58.9095737675306,56.5151408037846
"917",2026,"Jun-26","025","Calhoun","",57120,60186,3066,5.1,5.1,56.1,59.1,108453.058801848,2026-06-01,"Jun-26",55.4949769650707,52.6679474337028
"918",2026,"Jun-26","027","Cass","",21490,22553,1063,4.7,5.1,56.1,59.1,42877.7601054037,2026-06-01,"Jun-26",52.5983632180397,50.1192225227541
"919",2026,"Jun-26","149","St. Joseph","",25555,26853,1298,4.8,5.1,56.1,59.1,48626.588750367,2026-06-01,"Jun-26",55.222874337031,52.5535528128264
"920",2026,"Jun-26","159","Van Buren","",33192,34854,1662,4.8,5.1,56.1,59.1,61668.1732387319,2026-06-01,"Jun-26",56.5186191993592,53.823549907188
"921",2026,"Jun-26","001","Alcona","",3039,3278,239,7.3,5.1,56.1,59.1,9391.69404499838,2026-06-01,"Jun-26",34.9031813035448,32.3583794940429
"922",2026,"Jun-26","003","Alger","",3333,3539,206,5.8,5.1,56.1,59.1,7535.69332067992,2026-06-01,"Jun-26",46.9631638310977,44.2295069367191
"923",2026,"Jun-26","005","Allegan","",59322,61749,2427,3.9,5.1,56.1,59.1,100478.134009602,2026-06-01,"Jun-26",61.4551619699658,59.0397110622408
"924",2026,"Jun-26","007","Alpena","",12291,12928,637,4.9,5.1,56.1,59.1,24208.0005785454,2026-06-01,"Jun-26",53.4038321671951,50.7724706967044
"925",2026,"Jun-26","009","Antrim","",10350,10864,514,4.7,5.1,56.1,59.1,21375.1548706418,2026-06-01,"Jun-26",50.8253627435533,48.4207018037349
"926",2026,"Jun-26","011","Arenac","",5987,6373,386,6.1,5.1,56.1,59.1,12785.3038495852,2026-06-01,"Jun-26",49.8462928607424,46.8272015310316
"927",2026,"Jun-26","013","Baraga","",2869,3045,176,5.8,5.1,56.1,59.1,6859.44156165602,2026-06-01,"Jun-26",44.3913687817011,41.825562244565
"928",2026,"Jun-26","015","Barry","",27502,28825,1323,4.6,5.1,56.1,59.1,52913.124827009,2026-06-01,"Jun-26",54.4760871603004,51.9757623272362
"929",2026,"Jun-26","017","Bay","",43923,46418,2495,5.4,5.1,56.1,59.1,85670.6802611973,2026-06-01,"Jun-26",54.1818973054472,51.2695823893136
"930",2026,"Jun-26","019","Benzie","",8325,8701,376,4.3,5.1,56.1,59.1,16016.0800262625,2026-06-01,"Jun-26",54.3266516259438,51.9790110086176
"931",2026,"Jun-26","029","Charlevoix","",12997,13514,517,3.8,5.1,56.1,59.1,22201.7007845963,2026-06-01,"Jun-26",60.8692105668595,58.5405601404079
"932",2026,"Jun-26","031","Cheboygan","",10683,11227,544,4.8,5.1,56.1,59.1,22468.4440259635,2026-06-01,"Jun-26",49.9678570844808,47.5466836406438
"933",2026,"Jun-26","033","Chippewa","",15926,16883,957,5.7,5.1,56.1,59.1,30701.408951748,2026-06-01,"Jun-26",54.9909615761747,51.8738407902718
"934",2026,"Jun-26","035","Clare","",10755,11453,698,6.1,5.1,56.1,59.1,26407.7419430033,2026-06-01,"Jun-26",43.3698573119935,40.7266930402943
"935",2026,"Jun-26","037","Clinton","",37106,38650,1544,4,5.1,56.1,59.1,66377.202668695,2026-06-01,"Jun-26",58.2278228760432,55.9017230436859
"936",2026,"Jun-26","039","Crawford","",5119,5433,314,5.8,5.1,56.1,59.1,11713.7707310456,2026-06-01,"Jun-26",46.3813073069687,43.7007016573482
"937",2026,"Jun-26","041","Delta","",15096,15955,859,5.4,5.1,56.1,59.1,30831.1815031377,2026-06-01,"Jun-26",51.7495575003386,48.9634171121975
"938",2026,"Jun-26","043","Dickinson","",11195,11705,510,4.4,5.1,56.1,59.1,21585.0166187583,2026-06-01,"Jun-26",54.2274310311526,51.8646809392357
"939",2026,"Jun-26","045","Eaton","",50125,52418,2293,4.4,5.1,56.1,59.1,90396.9613670494,2026-06-01,"Jun-26",57.9864623846824,55.4498726970164
"940",2026,"Jun-26","047","Emmet","",16570,17300,730,4.2,5.1,56.1,59.1,28881.6625485624,2026-06-01,"Jun-26",59.8995988229947,57.3720434969377
"941",2026,"Jun-26","049","Genesee","",167089,177124,10035,5.7,5.1,56.1,59.1,327346.061423399,2026-06-01,"Jun-26",54.109097641136,51.0435345620004
"942",2026,"Jun-26","051","Gladwin","",9307,9907,600,6.1,5.1,56.1,59.1,21871.9962713856,2026-06-01,"Jun-26",45.2953625132105,42.5521286878419
"943",2026,"Jun-26","053","Gogebic","",5041,5363,322,6,5.1,56.1,59.1,12292.9820817194,2026-06-01,"Jun-26",43.626517669583,41.0071369704211
"944",2026,"Jun-26","055","Grand Traverse","",49791,51620,1829,3.5,5.1,56.1,59.1,81539.74049491,2026-06-01,"Jun-26",63.3065541865715,61.0634761624095
"945",2026,"Jun-26","057","Gratiot","",15584,16482,898,5.4,5.1,56.1,59.1,37254.5286579461,2026-06-01,"Jun-26",44.2416012059369,41.8311560000801
"946",2026,"Jun-26","059","Hillsdale","",19449,20416,967,4.7,5.1,56.1,59.1,37124.4581339048,2026-06-01,"Jun-26",54.9933952607772,52.3886434378358
"947",2026,"Jun-26","061","Houghton","",15541,16439,898,5.5,5.1,56.1,59.1,31584.3596410446,2026-06-01,"Jun-26",52.0479129126847,49.2047335346452
"948",2026,"Jun-26","063","Huron","",13038,13737,699,5.1,5.1,56.1,59.1,25503.2993716185,2026-06-01,"Jun-26",53.8636189766385,51.1227971331013
"949",2026,"Jun-26","065","Ingham","",133489,140308,6819,4.9,5.1,56.1,59.1,247299.862417827,2026-06-01,"Jun-26",56.7359798053352,53.9785985705334
"950",2026,"Jun-26","067","Ionia","",28537,29773,1236,4.2,5.1,56.1,59.1,54753.7368032523,2026-06-01,"Jun-26",54.3761973853656,52.1188172097597
"951",2026,"Jun-26","069","Iosco","",8616,9206,590,6.4,5.1,56.1,59.1,21469.9302081922,2026-06-01,"Jun-26",42.8785744095587,40.1305449829196
"952",2026,"Jun-26","071","Iron","",3796,4041,245,6.1,5.1,56.1,59.1,10171.3522912112,2026-06-01,"Jun-26",39.7292305320278,37.3205046027165
"953",2026,"Jun-26","073","Isabella","",27397,28967,1570,5.4,5.1,56.1,59.1,54302.0242406732,2026-06-01,"Jun-26",53.344236066808,50.4529994656795
"954",2026,"Jun-26","075","Jackson","",66434,69883,3449,4.9,5.1,56.1,59.1,131654.441415082,2026-06-01,"Jun-26",53.0806247391775,50.4608878256874
"955",2026,"Jun-26","079","Kalkaska","",8122,8546,424,5,5.1,56.1,59.1,15858.8442775365,2026-06-01,"Jun-26",53.8879116942029,51.2143246876101
"956",2026,"Jun-26","081","Kent","",324509,338891,14382,4.2,5.1,56.1,59.1,545828.343731221,2026-06-01,"Jun-26",62.0874683207873,59.4525740055368
"957",2026,"Jun-26","083","Keweenaw","",856,916,60,6.6,5.1,56.1,59.1,1905.39155719293,2026-06-01,"Jun-26",48.0741082609537,44.9251492045593
"958",2026,"Jun-26","085","Lake","",4106,4384,278,6.3,5.1,56.1,59.1,11724.2466358508,2026-06-01,"Jun-26",37.3925944767696,35.0214399912445
"959",2026,"Jun-26","087","Lapeer","",41142,43368,2226,5.1,5.1,56.1,59.1,74685.2859499582,2026-06-01,"Jun-26",58.0676627911127,55.0871560263779
"960",2026,"Jun-26","089","Leelanau","",10091,10494,403,3.8,5.1,56.1,59.1,20111.7606263643,2026-06-01,"Jun-26",52.1784253251478,50.1746226373229
"961",2026,"Jun-26","091","Lenawee","",43495,45675,2180,4.8,5.1,56.1,59.1,80771.5172793897,2026-06-01,"Jun-26",56.5483991615629,53.8494279481593
"962",2026,"Jun-26","093","Livingston","",98726,103047,4321,4.2,5.1,56.1,59.1,164564.857059494,2026-06-01,"Jun-26",62.6178649811887,59.9921524948114
"963",2026,"Jun-26","095","Luce","",2040,2173,133,6.1,5.1,56.1,59.1,5651.07973364509,2026-06-01,"Jun-26",38.4528285287237,36.0992959956725
"964",2026,"Jun-26","097","Mackinac","",5436,5654,218,3.9,5.1,56.1,59.1,9824.32714177764,2026-06-01,"Jun-26",57.551015132187,55.3320336502597
"965",2026,"Jun-26","099","Macomb","",432307,456332,24025,5.3,5.1,56.1,59.1,734653.258661509,2026-06-01,"Jun-26",62.1152897125111,58.8450394663239
"966",2026,"Jun-26","101","Manistee","",10113,10678,565,5.3,5.1,56.1,59.1,22184.8500417325,2026-06-01,"Jun-26",48.1319458094751,45.5851627618675
"967",2026,"Jun-26","103","Marquette","",29185,30780,1595,5.2,5.1,56.1,59.1,58643.9199783174,2026-06-01,"Jun-26",52.4862594645453,49.7664549211421
"968",2026,"Jun-26","105","Mason","",11716,12384,668,5.4,5.1,56.1,59.1,24600.1888981845,2026-06-01,"Jun-26",50.341076856178,47.6256505528893
"969",2026,"Jun-26","107","Mecosta","",15077,15996,919,5.7,5.1,56.1,59.1,35701.580867763,2026-06-01,"Jun-26",44.8047386451834,42.2306229403245
"970",2026,"Jun-26","109","Menominee","",10066,10496,430,4.1,5.1,56.1,59.1,19551.1354794431,2026-06-01,"Jun-26",53.6848614804799,51.485500730041
"971",2026,"Jun-26","111","Midland","",37417,39290,1873,4.8,5.1,56.1,59.1,68826.9394106915,2026-06-01,"Jun-26",57.0852057877453,54.3638876294239
"972",2026,"Jun-26","113","Missaukee","",6439,6738,299,4.4,5.1,56.1,59.1,12452.7077398579,2026-06-01,"Jun-26",54.1087138697827,51.7076296538335
"973",2026,"Jun-26","115","Monroe","",68709,72134,3425,4.7,5.1,56.1,59.1,128988.80429425,2026-06-01,"Jun-26",55.922682898469,53.2674136921688
"974",2026,"Jun-26","117","Montcalm","",28196,29531,1335,4.5,5.1,56.1,59.1,57967.7135283197,2026-06-01,"Jun-26",50.9438758276585,48.6408696907203
"975",2026,"Jun-26","119","Montmorency","",3371,3593,222,6.2,5.1,56.1,59.1,8748.44050296398,2026-06-01,"Jun-26",41.0701770079215,38.5325818796836
"976",2026,"Jun-26","121","Muskegon","",75542,79585,4043,5.1,5.1,56.1,59.1,145511.485848659,2026-06-01,"Jun-26",54.6932769848653,51.9148021610944
"977",2026,"Jun-26","123","Newaygo","",20475,21570,1095,5.1,5.1,56.1,59.1,42333.7135842899,2026-06-01,"Jun-26",50.9522982363745,48.3657072966977
"978",2026,"Jun-26","125","Oakland","",666397,698376,31979,4.6,5.1,56.1,59.1,1073673.64626683,2026-06-01,"Jun-26",65.0454635287228,62.0669979483119
"979",2026,"Jun-26","127","Oceana","",11034,11667,633,5.4,5.1,56.1,59.1,22461.7377148328,2026-06-01,"Jun-26",51.9416625201512,49.1235368344346
"980",2026,"Jun-26","129","Ogemaw","",7022,7536,514,6.8,5.1,56.1,59.1,17941.466931112,2026-06-01,"Jun-26",42.0032544102174,39.1383827585651
"981",2026,"Jun-26","131","Ontonagon","",2082,2219,137,6.2,5.1,56.1,59.1,5216.35175931924,2026-06-01,"Jun-26",42.5393091260699,39.9129525013419
"982",2026,"Jun-26","133","Osceola","",8850,9360,510,5.4,5.1,56.1,59.1,19087.990845667,2026-06-01,"Jun-26",49.0360671045937,46.3642301149204
"983",2026,"Jun-26","135","Oscoda","",2233,2437,204,8.4,5.1,56.1,59.1,7310.00101401213,2026-06-01,"Jun-26",33.3378886723634,30.5471913850585
"984",2026,"Jun-26","137","Otsego","",11697,12265,568,4.6,5.1,56.1,59.1,21847.9417157526,2026-06-01,"Jun-26",56.1380113494022,53.5382241136533
"985",2026,"Jun-26","139","Ottawa","",146852,153124,6272,4.1,5.1,56.1,59.1,253153.741301985,2026-06-01,"Jun-26",60.4865640983513,58.0090182529916
"986",2026,"Jun-26","141","Presque Isle","",4200,4510,310,6.9,5.1,56.1,59.1,11437.6586535221,2026-06-01,"Jun-26",39.4311470259797,36.7208021084511
"987",2026,"Jun-26","143","Roscommon","",8419,8983,564,6.3,5.1,56.1,59.1,21176.326150461,2026-06-01,"Jun-26",42.4200115552359,39.7566600560538
"988",2026,"Jun-26","145","Saginaw","",75209,79792,4583,5.7,5.1,56.1,59.1,156578.266276366,2026-06-01,"Jun-26",50.9598183052841,48.032847590261
"989",2026,"Jun-26","151","Sanilac","",16631,17607,976,5.5,5.1,56.1,59.1,33040.9787066876,2026-06-01,"Jun-26",53.2883730724244,50.3344654153172
"990",2026,"Jun-26","153","Schoolcraft","",3128,3333,205,6.2,5.1,56.1,59.1,7055.14038647377,2026-06-01,"Jun-26",47.2421499420491,44.3364671523341
"991",2026,"Jun-26","155","Shiawassee","",30200,31716,1516,4.8,5.1,56.1,59.1,55764.3348392181,2026-06-01,"Jun-26",56.875061975445,54.1564784858885
"992",2026,"Jun-26","147","St. Clair","",74014,77991,3977,5.1,5.1,56.1,59.1,133925.765031087,2026-06-01,"Jun-26",58.2345002710244,55.2649447123335
"993",2026,"Jun-26","157","Tuscola","",21888,23170,1282,5.5,5.1,56.1,59.1,43693.4824938698,2026-06-01,"Jun-26",53.0285037436665,50.0944277057131
"994",2026,"Jun-26","161","Washtenaw","",183867,191938,8071,4.2,5.1,56.1,59.1,316759.951405177,2026-06-01,"Jun-26",60.5941499702046,58.0461637225125
"995",2026,"Jun-26","163","Wayne","",773680,827018,53338,6.4,5.1,56.1,59.1,1416146.36863717,2026-06-01,"Jun-26",58.3991893998841,54.6327708162366
"996",2026,"Jun-26","165","Wexford","",13608,14329,721,5,5.1,56.1,59.1,28058.6603425891,2026-06-01,"Jun-26",51.0680118902562,48.4983952685189
"997",2026,"Jul-26","077","Kalamazoo","P Preliminary.",123516,129482,5966,4.6,5.4,55.8,59,216890.035769553,2026-07-01,"Jul-26p",59.6993769402923,56.9486742725409
"998",2026,"Jul-26","021","Berrien","P Preliminary.",68559,72126,3567,4.9,5.4,55.8,59,125646.970449933,2026-07-01,"Jul-26p",57.40369206016,54.5647855690391
"999",2026,"Jul-26","023","Branch","P Preliminary.",20823,21735,912,4.2,5.4,55.8,59,36793.6798957909,2026-07-01,"Jul-26p",59.0726452520082,56.5939586879488
"1000",2026,"Jul-26","025","Calhoun","P Preliminary.",56809,60328,3519,5.8,5.4,55.8,59,108453.058801848,2026-07-01,"Jul-26p",55.6259091873323,52.3811874257917
"1001",2026,"Jul-26","027","Cass","P Preliminary.",21480,22574,1094,4.8,5.4,55.8,59,42877.7601054037,2026-07-01,"Jul-26p",52.6473396569871,50.0959004089697
"1002",2026,"Jul-26","149","St. Joseph","P Preliminary.",25398,26888,1490,5.5,5.4,55.8,59,48626.588750367,2026-07-01,"Jul-26p",55.294851419733,52.2306841847061
"1003",2026,"Jul-26","159","Van Buren","P Preliminary.",33556,35233,1677,4.8,5.4,55.8,59,61668.1732387319,2026-07-01,"Jul-26p",57.1331987792225,54.4138057569776
"1004",2026,"Jul-26","001","Alcona","P Preliminary.",3086,3326,240,7.2,5.4,55.8,59,9391.69404499838,2026-07-01,"Jul-26p",35.4142712067083,32.8588216908905
"1005",2026,"Jul-26","003","Alger","P Preliminary.",3383,3575,192,5.4,5.4,55.8,59,7535.69332067992,2026-07-01,"Jul-26p",47.4408902786591,44.8930158916653
"1006",2026,"Jul-26","005","Allegan","P Preliminary.",59766,62284,2518,4,5.4,55.8,59,100478.134009602,2026-07-01,"Jul-26p",61.9876161255623,59.4815982493154
"1007",2026,"Jul-26","007","Alpena","P Preliminary.",12214,12907,693,5.4,5.4,55.8,59,24208.0005785454,2026-07-01,"Jul-26p",53.3170839868492,50.4543940354363
"1008",2026,"Jul-26","009","Antrim","P Preliminary.",10773,11297,524,4.6,5.4,55.8,59,21375.1548706418,2026-07-01,"Jul-26p",52.8510790605598,50.3996348339745
"1009",2026,"Jul-26","011","Arenac","P Preliminary.",5991,6378,387,6.1,5.4,55.8,59,12785.3038495852,2026-07-01,"Jul-26p",49.8854002613863,46.8584874515468
"1010",2026,"Jul-26","013","Baraga","P Preliminary.",2865,3040,175,5.8,5.4,55.8,59,6859.44156165602,2026-07-01,"Jul-26p",44.3184765505325,41.7672484596301
"1011",2026,"Jul-26","015","Barry","P Preliminary.",27500,28879,1379,4.8,5.4,55.8,59,52913.124827009,2026-07-01,"Jul-26p",54.5781412351194,51.9719825466873
"1012",2026,"Jul-26","017","Bay","P Preliminary.",44548,47089,2541,5.4,5.4,55.8,59,85670.6802611973,2026-07-01,"Jul-26p",54.9651290925116,51.9991201939563
"1013",2026,"Jul-26","019","Benzie","P Preliminary.",8577,8948,371,4.1,5.4,55.8,59,16016.0800262625,2026-07-01,"Jul-26p",55.8688517123256,53.5524297202298
"1014",2026,"Jul-26","029","Charlevoix","P Preliminary.",13415,13950,535,3.8,5.4,55.8,59,22201.7007845963,2026-07-01,"Jul-26p",62.8330240793022,60.4232987830709
"1015",2026,"Jul-26","031","Cheboygan","P Preliminary.",11033,11568,535,4.6,5.4,55.8,59,22468.4440259635,2026-07-01,"Jul-26p",51.4855411733565,49.1044239078183
"1016",2026,"Jul-26","033","Chippewa","P Preliminary.",16169,17108,939,5.5,5.4,55.8,59,30701.408951748,2026-07-01,"Jul-26p",55.7238269647099,52.6653354098897
"1017",2026,"Jul-26","035","Clare","P Preliminary.",10842,11567,725,6.3,5.4,55.8,59,26407.7419430033,2026-07-01,"Jul-26p",43.8015488979157,41.0561418821823
"1018",2026,"Jul-26","037","Clinton","P Preliminary.",36972,38570,1598,4.1,5.4,55.8,59,66377.202668695,2026-07-01,"Jul-26p",58.1072995686672,55.6998465038311
"1019",2026,"Jul-26","039","Crawford","P Preliminary.",5171,5503,332,6,5.4,55.8,59,11713.7707310456,2026-07-01,"Jul-26p",46.9788945536994,44.1446236120624
"1020",2026,"Jul-26","041","Delta","P Preliminary.",15281,16183,902,5.6,5.4,55.8,59,30831.1815031377,2026-07-01,"Jul-26p",52.4890685696007,49.5634589885725
"1021",2026,"Jul-26","043","Dickinson","P Preliminary.",11238,11759,521,4.4,5.4,55.8,59,21585.0166187583,2026-07-01,"Jul-26p",54.4776045702968,52.0638932018875
"1022",2026,"Jul-26","045","Eaton","P Preliminary.",49964,52384,2420,4.6,5.4,55.8,59,90396.9613670494,2026-07-01,"Jul-26p",57.9488505009578,55.2717693652614
"1023",2026,"Jul-26","047","Emmet","P Preliminary.",17262,17997,735,4.1,5.4,55.8,59,28881.6625485624,2026-07-01,"Jul-26p",62.3128947986957,59.7680274498575
"1024",2026,"Jul-26","049","Genesee","P Preliminary.",169598,179952,10354,5.8,5.4,55.8,59,327346.061423399,2026-07-01,"Jul-26p",54.9730151685695,51.8100017035601
"1025",2026,"Jul-26","051","Gladwin","P Preliminary.",9391,9988,597,6,5.4,55.8,59,21871.9962713856,2026-07-01,"Jul-26p",45.6656990796352,42.9361814233935
"1026",2026,"Jul-26","053","Gogebic","P Preliminary.",5029,5361,332,6.2,5.4,55.8,59,12292.9820817194,2026-07-01,"Jul-26p",43.6102482242466,40.9095202984026
"1027",2026,"Jul-26","055","Grand Traverse","P Preliminary.",51528,53423,1895,3.5,5.4,55.8,59,81539.74049491,2026-07-01,"Jul-26p",65.5177459184271,63.1937257676415
"1028",2026,"Jul-26","057","Gratiot","P Preliminary.",15545,16443,898,5.5,5.4,55.8,59,37254.5286579461,2026-07-01,"Jul-26p",44.1369159464398,41.726470740583
"1029",2026,"Jul-26","059","Hillsdale","P Preliminary.",19495,20488,993,4.8,5.4,55.8,59,37124.4581339048,2026-07-01,"Jul-26p",55.1873374854429,52.5125509702611
"1030",2026,"Jul-26","061","Houghton","P Preliminary.",15647,16538,891,5.4,5.4,55.8,59,31584.3596410446,2026-07-01,"Jul-26p",52.3613591915554,49.5403426817189
"1031",2026,"Jul-26","063","Huron","P Preliminary.",12680,13384,704,5.3,5.4,55.8,59,25503.2993716185,2026-07-01,"Jul-26p",52.4794843403457,49.7190571903455
"1032",2026,"Jul-26","065","Ingham","P Preliminary.",133287,140282,6995,5,5.4,55.8,59,247299.862417827,2026-07-01,"Jul-26p",56.7254662531861,53.8969163576825
"1033",2026,"Jul-26","067","Ionia","P Preliminary.",28274,29542,1268,4.3,5.4,55.8,59,54753.7368032523,2026-07-01,"Jul-26p",53.9543083719635,51.6384846966656
"1034",2026,"Jul-26","069","Iosco","P Preliminary.",8748,9359,611,6.5,5.4,55.8,59,21469.9302081922,2026-07-01,"Jul-26p",43.5911989896871,40.7453583461676
"1035",2026,"Jul-26","071","Iron","P Preliminary.",3824,4080,256,6.3,5.4,55.8,59,10171.3522912112,2026-07-01,"Jul-26p",40.1126603738365,37.5957875660664
"1036",2026,"Jul-26","073","Isabella","P Preliminary.",27864,29422,1558,5.3,5.4,55.8,59,54302.0242406732,2026-07-01,"Jul-26p",54.1821422155427,51.3130042381171
"1037",2026,"Jul-26","075","Jackson","P Preliminary.",65887,69495,3608,5.2,5.4,55.8,59,131654.441415082,2026-07-01,"Jul-26p",52.7859138309623,50.0454062102398
"1038",2026,"Jul-26","079","Kalkaska","P Preliminary.",8324,8743,419,4.8,5.4,55.8,59,15858.8442775365,2026-07-01,"Jul-26p",55.1301207515113,52.4880618935812
"1039",2026,"Jul-26","081","Kent","P Preliminary.",326643,341451,14808,4.3,5.4,55.8,59,545828.343731221,2026-07-01,"Jul-26p",62.556480241733,59.8435394115126
"1040",2026,"Jul-26","083","Keweenaw","P Preliminary.",920,973,53,5.4,5.4,55.8,59,1905.39155719293,2026-07-01,"Jul-26p",51.0656193645283,48.2840388647133
"1041",2026,"Jul-26","085","Lake","P Preliminary.",4149,4436,287,6.5,5.4,55.8,59,11724.2466358508,2026-07-01,"Jul-26p",37.8361197762204,35.3882012965596
"1042",2026,"Jul-26","087","Lapeer","P Preliminary.",40357,42587,2230,5.2,5.4,55.8,59,74685.2859499582,2026-07-01,"Jul-26p",57.0219414149861,54.0360788429472
"1043",2026,"Jul-26","089","Leelanau","P Preliminary.",10439,10845,406,3.7,5.4,55.8,59,20111.7606263643,2026-07-01,"Jul-26p",53.9236728274469,51.9049534943032
"1044",2026,"Jul-26","091","Lenawee","P Preliminary.",43306,45645,2339,5.1,5.4,55.8,59,80771.5172793897,2026-07-01,"Jul-26p",56.5112573558738,53.6154345723184
"1045",2026,"Jul-26","093","Livingston","P Preliminary.",97012,101280,4268,4.2,5.4,55.8,59,164564.857059494,2026-07-01,"Jul-26p",61.5441241889117,58.9506178496712
"1046",2026,"Jul-26","095","Luce","P Preliminary.",2080,2217,137,6.2,5.4,55.8,59,5651.07973364509,2026-07-01,"Jul-26p",39.231440795297,36.8071253289209
"1047",2026,"Jul-26","097","Mackinac","P Preliminary.",5647,5864,217,3.7,5.4,55.8,59,9824.32714177764,2026-07-01,"Jul-26p",59.688566101016,57.479763433226
"1048",2026,"Jul-26","099","Macomb","P Preliminary.",424867,451872,27005,6,5.4,55.8,59,734653.258661509,2026-07-01,"Jul-26p",61.5082005929275,57.8323168094402
"1049",2026,"Jul-26","101","Manistee","P Preliminary.",10419,10989,570,5.2,5.4,55.8,59,22184.8500417325,2026-07-01,"Jul-26p",49.533803380813,46.9644824301293
"1050",2026,"Jul-26","103","Marquette","P Preliminary.",29666,31240,1574,5,5.4,55.8,59,58643.9199783174,2026-07-01,"Jul-26p",53.270654505276,50.5866593006888
"1051",2026,"Jul-26","105","Mason","P Preliminary.",12002,12729,727,5.7,5.4,55.8,59,24600.1888981845,2026-07-01,"Jul-26p",51.743505111619,48.7882432516027
"1052",2026,"Jul-26","107","Mecosta","P Preliminary.",14910,15857,947,6,5.4,55.8,59,35701.580867763,2026-07-01,"Jul-26p",44.415400143578,41.7628565391151
"1053",2026,"Jul-26","109","Menominee","P Preliminary.",9997,10436,439,4.2,5.4,55.8,59,19551.1354794431,2026-07-01,"Jul-26p",53.3779739339071,51.1325800514822
"1054",2026,"Jul-26","111","Midland","P Preliminary.",37929,39817,1888,4.7,5.4,55.8,59,68826.9394106915,2026-07-01,"Jul-26p",57.8508943459062,55.1077823956068
"1055",2026,"Jul-26","113","Missaukee","P Preliminary.",6300,6610,310,4.7,5.4,55.8,59,12452.7077398579,2026-07-01,"Jul-26p",53.0808249746606,50.591406556787
"1056",2026,"Jul-26","115","Monroe","P Preliminary.",68676,72357,3681,5.1,5.4,55.8,59,128988.80429425,2026-07-01,"Jul-26p",56.0955661197843,53.2418300764585
"1057",2026,"Jul-26","117","Montcalm","P Preliminary.",28209,29604,1395,4.7,5.4,55.8,59,57967.7135283197,2026-07-01,"Jul-26p",51.0698079984424,48.6632959677092
"1058",2026,"Jul-26","119","Montmorency","P Preliminary.",3438,3667,229,6.2,5.4,55.8,59,8748.44050296398,2026-07-01,"Jul-26p",41.9160420506674,39.2984326616293
"1059",2026,"Jul-26","121","Muskegon","P Preliminary.",76168,80329,4161,5.2,5.4,55.8,59,145511.485848659,2026-07-01,"Jul-26p",55.2045768287648,52.3450087501819
"1060",2026,"Jul-26","123","Newaygo","P Preliminary.",20221,21361,1140,5.3,5.4,55.8,59,42333.7135842899,2026-07-01,"Jul-26p",50.4586018835047,47.7657126860329
"1061",2026,"Jul-26","125","Oakland","P Preliminary.",656029,688763,32734,4.8,5.4,55.8,59,1073673.64626683,2026-07-01,"Jul-26p",64.1501262878932,61.1013413881412
"1062",2026,"Jul-26","127","Oceana","P Preliminary.",10831,11482,651,5.7,5.4,55.8,59,22461.7377148328,2026-07-01,"Jul-26p",51.1180396894126,48.2197777282727
"1063",2026,"Jul-26","129","Ogemaw","P Preliminary.",6991,7506,515,6.9,5.4,55.8,59,17941.466931112,2026-07-01,"Jul-26p",41.8360440025334,38.965598670625
"1064",2026,"Jul-26","131","Ontonagon","P Preliminary.",2061,2198,137,6.2,5.4,55.8,59,5216.35175931924,2026-07-01,"Jul-26p",42.1367289135204,39.5103722887923
"1065",2026,"Jul-26","133","Osceola","P Preliminary.",8739,9289,550,5.9,5.4,55.8,59,19087.990845667,2026-07-01,"Jul-26p",48.6641054844627,45.782712652462
"1066",2026,"Jul-26","135","Oscoda","P Preliminary.",2233,2435,202,8.3,5.4,55.8,59,7310.00101401213,2026-07-01,"Jul-26p",33.3105288950369,30.5471913850585
"1067",2026,"Jul-26","137","Otsego","P Preliminary.",11902,12457,555,4.5,5.4,55.8,59,21847.9417157526,2026-07-01,"Jul-26p",57.0168126685286,54.4765276054289
"1068",2026,"Jul-26","139","Ottawa","P Preliminary.",147681,154006,6325,4.1,5.4,55.8,59,253153.741301985,2026-07-01,"Jul-26p",60.8349689828551,58.3364872430751
"1069",2026,"Jul-26","141","Presque Isle","P Preliminary.",4270,4588,318,6.9,5.4,55.8,59,11437.6586535221,2026-07-01,"Jul-26p",40.1131047794223,37.3328154769253
"1070",2026,"Jul-26","143","Roscommon","P Preliminary.",8618,9255,637,6.9,5.4,55.8,59,21176.326150461,2026-07-01,"Jul-26p",43.7044647605153,40.6963886878574
"1071",2026,"Jul-26","145","Saginaw","P Preliminary.",75944,80688,4744,5.9,5.4,55.8,59,156578.266276366,2026-07-01,"Jul-26p",51.5320560885397,48.5022613968379
"1072",2026,"Jul-26","151","Sanilac","P Preliminary.",16397,17375,978,5.6,5.4,55.8,59,33040.9787066876,2026-07-01,"Jul-26p",52.5862146949153,49.6262539483468
"1073",2026,"Jul-26","153","Schoolcraft","P Preliminary.",3136,3342,206,6.2,5.4,55.8,59,7055.14038647377,2026-07-01,"Jul-26p",47.3697165035488,44.4498596514449
"1074",2026,"Jul-26","155","Shiawassee","P Preliminary.",30177,31706,1529,4.8,5.4,55.8,59,55764.3348392181,2026-07-01,"Jul-26p",56.8571293666749,54.1152334857172
"1075",2026,"Jul-26","147","St. Clair","P Preliminary.",72681,76790,4109,5.4,5.4,55.8,59,133925.765031087,2026-07-01,"Jul-26p",57.3377348131447,54.2696171891414
"1076",2026,"Jul-26","157","Tuscola","P Preliminary.",21552,22867,1315,5.8,5.4,55.8,59,43693.4824938698,2026-07-01,"Jul-26p",52.3350364741658,49.3254342979499
"1077",2026,"Jul-26","161","Washtenaw","P Preliminary.",186761,195015,8254,4.2,5.4,55.8,59,316759.951405177,2026-07-01,"Jul-26p",61.5655480230045,58.9597893204336
"1078",2026,"Jul-26","163","Wayne","P Preliminary.",762434,822103,59669,7.3,5.4,55.8,59,1416146.36863717,2026-07-01,"Jul-26p",58.0521207557912,53.8386438637506
"1079",2026,"Jul-26","165","Wexford","P Preliminary.",13674,14445,771,5.3,5.4,55.8,59,28058.6603425891,2026-07-01,"Jul-26p",51.4814314854317,48.7336167623256
